wallet_address,unique_observed_src_ips,unique_observed_dst_ips,unique_observed_countries,unique_observed_asns
1137CirjNXN7YC9z4pNb76DsiTzCooHRQf,19,18,10,19
113Ar2fde9Bb1yGmqPiqp3D19siuY7QfMr,1,2,1,1
113ED3KWxExbURHfx5o2sg6DL3GwzB5sP9,1,1,1,1
114GYG1sRW2wWtBYj9kWpkFT8bjETppX5k,1,2,1,1
114bKsmtxBbDvuRcPhxXcKYAqmfKgiXjRG,39,39,12,39
114ucoM29VAfWoMK6S6zgEMoeaDZMn3p5Z,1,1,1,1
115zS12Jn3PRNZ5SK42g8j78HtBLCDktav,1,1,1,1
116CuVvKmiux7CqNCn2NotD692T5svTpPd,1,1,1,1
117CtoiiYpNr9zgigkWLNW8K3SeT7gwQtL,52,51,14,52
1188XmJxtuXncvmToYCgr7ZgC52pSDbERk,4,4,3,4
118rvHA9LqKZjyGidYzUh6E8qVexcivmrS,1,2,1,1
119BGF2smoQovVroZp4R8EnX2iWDJoPB1Y,13,14,8,13
11AVfUJSysD7AEBLBLoDV7KnRjrei9sc15,1,1,1,1
11AtSZSjhuG3CY3u9UPixTg5yHnGD8zFsM,6,6,5,6
11AwJpJpqp3NggNjxDs5uLWmGs6jNXua2T,1,2,1,1
11BnYzxa6Ty5nddZGLkZfoLYXK5JNy1R7M,1,1,1,1
11E8UXxrEyTUfK4TV7n3Kf8cHCbSN79fsw,1,1,1,1
11HdiNb5HTt4t8SMpP78TkZDMwzyXuZYed,1,2,1,1
11Ht8j6mDRXfEjzAiZSyAybrz7aFbTcft6,37,36,13,37
11JMQ7FT9rP33UdZoR1dr3pHg3EDQP8YHN,5,5,5,5
11Jwxhw6RDcnrnt2MfD38eTddpSRw4GRcw,6,6,3,6
11KQZYXGUQX4fDD91AZoqTtSSUYkGkbn75,19,18,11,19
11KQdPdTgS5bdVhBDzhLrFVjoVURauBTgT,3,3,2,3
11LRBQRzCWa6QBoxuUEAbGv6f3kfdfHtiz,16,16,12,16
11NocLrK9KFS1jyAp91NX6tiEHHfAyHaTq,139,145,14,139
11PGkNBJYkmXLHT9wY2ujEoYsrNWGM4YPj,22,22,12,22
11PGo14MDAJEUVzyNBt6GgK25fUFxpscNC,5,5,4,5
11Q6MNfGrvgktx9MjebV7Sk3gPnPWgCf9F,1,2,1,1
11QQZ5UW3rh8mnJ9RWTbNyiBkbjFkS5Jei,1,1,1,1
11Qupp2kLd53LJrfGY6hVZVGNYeZvqrrDG,1,2,1,1
11RMQ7yyrMVVaoL6znpT5b87npT96tcWPw,1,1,1,1
11SWYWcd2Bx5N33EYfTUrDnpBT9mJnmRip,1,1,1,1
11WLSrzgBpo3oMBFrxJtsP5zfzFUZCwyWA,1,1,1,1
11X4wxNjGrh7ZxKnuFzEregVsXj1TqJdWR,1,1,1,1
11XXvZj8KkWV6NWXzpqjteFKinv3tQUCni,1,1,1,1
11ZBBQpKMjiUKBqC4pHPfNErkas7yMziXh,1,1,1,1
11ZcXzpwfCHwjSjsEAYFyhiwWLnFZRMNbd,1,1,1,1
11eMXnvaXcmpcDYNngrCEWXVUp1GiRAsWR,1,1,1,1
11hUSYqgqcQGSwEM3kF98E7PR5kNuWG3ec,1,2,1,1
11i5kcWVun8BCV2gzzjB3ZWCPG2Y9vJqzW,1,1,1,1
11juD7JXY6Xth526EhxNuV3MEnrt69Pocw,1,1,1,1
11m7eShpGNEsJXt5fR7xX7AvUGwGxKSA9c,1,1,1,1
11nfGeJJFz7Q6KmGHWY8K9eWmHwnxGXPWi,1,1,1,1
11pXM74bmfTXgukX1afXLf85XsoWVUAFYQ,1,1,1,1
11pbFgDLFjEczno26wyuTGFY7YEQtHSUau,1,1,1,1
11rGeaqkPsiWBWCMv85a11WY6Wo4fCpgQi,1,1,1,1
11rM4XvfTHPRTHhSNGHSTw6veDPhxt7qAN,29,28,12,29
11se1GkpsxC1w2nH4zMrDMZakx7t1KyYpz,25,24,11,25
11uGLgmSPf5s64i9KnrX8ReXe9b6HRb4NN,21,21,10,21
11uKtdVBxTfQ7ZMJvY2amm4EECnDKpsQio,1,1,1,1
11wwdCgABTPbeAKL115KbTx7GZ1D4KZXPV,1,1,1,1
11xQb7U85X9iFGh8BDcerSvaW7UJ1YMXMp,25,25,13,25
11xy3gcGu3PRKhLJA2ZP7z8gfyLJPbeGeX,47,47,14,47
11yYd66F5B37QFZ9VCVMq6KVc9vgrxq7Lz,42,38,14,42
11z6p9eMpoUidHHoo8x48KHvEuhv3WAEdK,1,1,1,1
11zvBWQLpBu6Pvb5PS8mBjHQ3FyUGjdXTX,9,9,8,9
123KJM3fnRz35Y8VYXQFzvKCuQ6VUsMEaT,1,1,1,1
124RT4cMFX4hJCBtDV3SVLvUQsSwW3YdDQ,1,1,1,1
126gXqKnNmrrqFhti3a4tnjmH3ExJLu5AL,1,1,1,1
127Zic6jbvLxLqXs5aSFrbPVJa2u5Arna6,1,2,1,1
128WZ8zDrcDL9ULU8VBMHY57V95yKvDsQe,1,1,1,1
128hCUhF4k9h7DJn1XPY2wn7zyVncBDhjk,1,1,1,1
129j32vJkh4XFGdAmbAPZ46iPdYouWyV87,1,2,1,1
129xPPHB3iomg4attbojzS9ukModDw5GhX,1,1,1,1
12BB6WM2pGwuci4WY9r9m2LCeF5VKNk9w3,3,3,3,3
12BT6GhjwyNpw9bk1DCDrQX2bzuh2j1jGj,5,5,4,5
12BpM44iKq1BUNTiPr2twvhfBBHjMGR81n,2,2,2,2
12CZnCMMTGEddj2t9ZNeGmDKHgsgcq3sLo,1,1,1,1
12DxiSZt5nqao7RJCF6JqYGhPRXhBTv6Lj,1,1,1,1
12F8PaH8iDkpeHSsojmkyPW4hTpB3wXhFU,142,140,14,142
12FNMuNoDp6JckA8FXiMbd3pNtCN5bhoxA,1,1,1,1
12GFrgguGo3EkRmKZGVMpyFURbVngCT18o,1,1,1,1
12GhXzvVW6R9Au8afYksSLS93wJQNFuTLw,1,1,1,1
12Gp2b9TRYK2mdoTWgnV6cBtU8qtiGi5WT,1,1,1,1
12GurL6MdAgVkdo4rF5RgDYwryyLL3rxbB,17,17,11,17
12GxR7tVUWvLDAe7bD14UNr5Gz2s6kLNDk,1,1,1,1
12HmhXiap6yHh1q1QRTDQTwfQ269UCRmVr,6,6,5,6
12JuKYFsNrc5cM7mBmL1JAxYK5b8GTmb5d,8,9,7,8
12KFaSjCu3AJSFPcEnUgT7o9kMHHiwuH7R,1,1,1,1
12KT3m3BC2Yi878yzAteqWGFjm5jRTMu6N,1,1,1,1
12Narboe9okJmmmba6aEUzpZJjXwsrUWLC,1,1,1,1
12RPHGgCVtZA2kQiMfZGFZnz1bvqZ4PaKe,6,6,5,6
12RPz2z5wLfCYDnftT5DSt5urAWrJgvBNY,1,1,1,1
12Ros1NpaG74esiu3ftmgZ6Kz8rYkPJFDu,1,1,1,1
12T6qeQg8a6bQd6asauDzXMkgdyoSnCY8y,42,38,14,42
12TEYdXRDuC6CPfrVKLC6qYpe6dBs3KrZ6,1,1,1,1
12TyabsB6aTr9vqmb7tswJKmh5uMSoP89A,1,1,1,1
12V2bdr7Ti3xPD8BvGfmwru7xKu3DMT3xf,10,10,8,10
12WBTtSmYwwNkcbJwu1oSQsBpmYxray1F7,1,1,1,1
12Y4ehLCH77bYhbP82pC5aNSeNs6Ma4LeS,21,21,11,21
12YxiVuLG1KGkHvuD7ZeWWsk7pfBcDJJFu,1,1,1,1
12ZCsFwKjHpPLsT1Ag4WLqjuvksNh9cDAL,1,1,1,1
12aBDJBXVc78p2uaJt3Y4sgvQiYmtzXDvK,1,2,1,1
12bUUgwGDbzXD2TBmFybdQQJTEDdHayPrs,1,1,1,1
12dBb4bkdsvkADH87f7Jnso4A8PNFXLdhc,1,1,1,1
12dUmUYCbdRxidC6ZhbZ5Jtg8b33zZNTVG,67,68,14,67
12dqcbf3xNbjty7CupLtiSasTM2GGsk2As,1,1,1,1
12f7nG9mbZH7SV4fmJTyH7ahD5SmtuLfaW,1,1,1,1
12fv6nC1VBoDD6LbyiM7iuYaG3T5xwpBCU,1,1,1,1
12hZH3k56nzcgaGhjAgxS64Lp9LULRmWf6,3,3,3,3
12i8bM9WjdR8kJqGCBJNVxMYD9hSakEJ9J,1,1,1,1
12iwtyQ6Cc9W1UzqoQPejMRGg3aj17uL73,23,23,14,23
12mPoDZZgxWUqHc2xvRu7LY8fsRZ6nTwUE,1,1,1,1
12mu1Ym9rkFHu2Vem6KTGRB12giZYHjCgk,1,1,1,1
12njd1gLAChcAvTyu9speBpCYtGxQncv7b,1,1,1,1
12nvhzKqia4mk38EWhfoSfHddjfYsPJdcX,7,7,7,7
12oDFzatkzbccXy1SsDp8Xy1Vy1WbXhMiA,1,2,1,1
12r7UxcpnLCSxHmC4d422TGscE7K73mbjK,1,1,1,1
12rWzAfZcYd5BqhZTqwGp3GKCuaVRQ4uWD,1,2,1,1
12rowHLu8YMQA2CKzc2CQFMJLtfhsN3bi4,1,1,1,1
12sGsqRBFTgFepM4AGWtnGKBXJqKfcveoj,1,1,1,1
12t9FLWF862EDCELQuzMmLAyoKqw6uU7w4,1,2,1,1
12tqoUjm1ZCRX1jiGDEEooeB8XHVcAAuXF,39,39,14,39
12vDF7YirmUN4v3tnfBymA8z58MpbbLSQR,4,4,4,4
12vc96jE2QWL5BMzv6ajiQziqxtNs9GBZ9,1,1,1,1
12xHvSS2r9ASLtzu9FB9nXyNW2jfmnwPTW,1,2,1,1
12xSknkdui5bStkj8sE94arkJtHvdenAFi,2,2,2,2
12xchLpoQ5S8h7FDW4rBjSRzW12Kgd4UWY,1,1,1,1
12ziU1Zj34GSkW3pEu3X2Jp86raDiuWhQm,1,1,1,1
1332HdgHM7gxCUFnts7zGfYFDYzkN3ANeu,14,14,8,14
133sSmsjjWhyFaPNbD797YaLNdkoEL2nQh,1,1,1,1
135ry5jrQL9TWSCcZRVBFsTG95MipcRASR,1,1,1,1
1382xejs5bwzRK5kMPzmPh72ZuW6vWcsBf,2,2,2,2
139DXnbVzxXir9cGWDLtKVGnMmKxvXEs75,3,3,2,3
13A3SYb9qkRFG8PauKQQKPvhWo8bpF9CFF,1,1,1,1
13ABSq2yQsX8JXbD5uh4ZgMXwDDPYAKPnW,1,1,1,1
13AatKZ98x7ffNNcAvZAXqm7mUAGPeZhe4,22,21,11,22
13Ch4tv6ZcZvK9vvHeG9QR2FEMAQxzNR3u,1,1,1,1
13Chhg86uHpkrZWcPAYwZiUB4eihz42BWM,11,11,7,11
13E138cHLhVFrA8Xfo7KDLQkUJjnv5vPPC,1,1,1,1
13EtX8RiLcmfSHULQpbzpZxGLSWbUpELN1,6,6,5,6
13EyA66a6gn1f4v6AZ5qP4inMMyhsezU2T,1,1,1,1
13FV4PdW4UFrWTo5gNUGcf3ign9sSw1BTV,1,1,1,1
13FiuB7CnNcqk37frqdnfKVnM49qq4b9fg,19,20,12,19
13KHGAQTfKW3BtZJVtemfjqtMzcxP9SoZG,5,5,4,5
13LCBaX9Mrz4naFymqwwQNeeekSRqeLyCz,1,1,1,1
13LiUruP1m6FVuJEmcAWN1XvjCd59fvN55,1,1,1,1
13TFuWTNRh3qUhJduRTNnw9zdGd12Wpybv,1,1,1,1
13UAisSQTo4t1XR1vqnWJfE4MMrCkNF7TC,1,1,1,1
13WppGycsG9WWPoan4RAh7sMHGkLnTYMUU,43,43,14,43
13Yfca7aTTKmu5ApukkMfUpffM7tdE15V6,1,1,1,1
13ZsiMvYFMiBJ8QvsxDdS46ZKakrNhw8r4,1,1,1,1
13cETnbALC7LHFL5C4hMm4dWU8i4VjKVxt,15,15,10,15
13cZimoHH1LoKXL9JX9viRnvFeY2irhXxQ,1,1,1,1
13d3nrEKtnmaTXvKhWenvFZ8PFuYe5oBCV,1,1,1,1
13dD396fczW3bgYZfWpR3apikoTkqxWupn,25,25,12,25
13gjfxQ7yCpL3kkwbdKWzf634tNsZGsXeP,1,1,1,1
13gqRBxboEhMykRWKPujkd8sLb7Y1tD5dC,1,1,1,1
13hd8neeUyXhk6G68FbkQkwwkiDizs1c9f,1,1,1,1
13i6ayMqZX57w5rfy5GXkqNGrmr2EtjSvK,11,12,7,11
13ikHw7erf9qZAYnjx8vJ1C6gqoYnSoaxC,19,20,11,19
13jNBEWP4r9FhHP5eVCBKcGp8WhXcbfDMF,18,18,11,18
13jn9ayz4z2wZDDBaXZAgRRjxhGrqumhbK,58,57,14,58
13kT65f5XqMFRbsuihwsrT9qYVmrAiMVPU,1,1,1,1
13mr2VqGm3J7cwfjP4j5GZB1zqTDXRkoMX,9,9,7,9
13ms5dJYJ1w7h9SSCpiqHgnGa9YvFWTtec,112,106,14,112
13nVyp7HEbsS7f8mL79qTqtF2NXVpA38Zk,1,1,1,1
13oyr224tixmsWVFGGFrt1sMzr2NqcuCt3,9,9,6,9
13p6t2b6SXbADw1a7x6EM2A8v2Dc9ppeZ5,1,1,1,1
13pzzGDu5LcqtScx4Q2QkTad7m9H1XZBKP,1,2,1,1
13qzyaVfpo3zZfogkMjYWy8hAuqiVtQLhN,1,1,1,1
13rJUVpayZtYoodpXgVD23NLB1EhLG3CSz,1,1,1,1
13ronuaMWUEdvww2bhVU4non41t78pYf1F,1,1,1,1
13sWWKFw6D5uNf3PhdbwTtSwqW9TFEFcaf,1,1,1,1
13tsnWPMsmUpRf474B68ZBTw67VjzNW9jJ,1,1,1,1
13vDugqnuqNkHLHbNPaP4usj51kuMeCgnk,1,1,1,1
13wRNY97oywD1V9bHjKWDxxkRNBhrmRD2t,1,1,1,1
13wfxwpJSHp1EP6xaXuaUcnPKKsnaU8T4X,1,2,1,1
13xno4dAEjRMqRJkzDS2a7N6prVApfrMrV,1,1,1,1
141ewtYBYnwhEvGovZe4Hyg2X5GAMUzxW4,114,108,14,114
142B6ctomhFYLVtTsLhQvWsMFBCoCSTgGG,1,1,1,1
142Znn6oq45s6hbsGmAe8E3Sf5iTM9fHjG,1,2,1,1
142rXhHxU7UQZpT1bFv84mU9azsHY4DD8e,1,1,1,1
144CTtheiHRmvsMgRATA9w5duzuWkrznkH,1,1,1,1
1465JP75uotPqBCGrHGqL8e35VmGeXBoiH,1,1,1,1
146tpKtpuJiKABpat9KkhX6d4xYe9oWEVB,1,1,1,1
148ab1kZdq8Ny2vuTBTaybWt2UFmQ6A5Fs,1,1,1,1
14BB9wAcLfGVQjXY5VPM1EeiizcaoFp9cM,1,2,1,1
14Bxa2ufL7Fbt73YorWPXtXY2NJXP61oZy,1,2,1,1
14D2p8RjzMeRW74yKXym7UYF1gp5ZvnEa8,1,1,1,1
14E3pJnbpmHimSTth1DFY2cLBqG7BahMui,1,1,1,1
14H82BW9xNbGk4d2T3Rz1PkyWzRTLi6p6v,1,2,1,1
14HDGHt9QZPpQDAmh4trtNfNZTGv5w7Q3J,1,1,1,1
14JKtqBEJKgZGuzxx7u9wwYikVU19tKehb,1,2,1,1
14K5YsoefzkedWTVAx76ZfuVQr5Eo2QAXy,29,30,12,29
14L6rX9oCkQ2fXFy4GudMbbKjKmYnYxmmT,1,1,1,1
14P228P3LdKmgFuyL7W3Cf33HbWuNLK56T,1,1,1,1
14Q1isDtM5JinzQaaVCWEadFo85UbMC6pm,1,1,1,1
14Qrr4Gyg2eMB9EMp7MHJYFXNko1p3WycG,1,1,1,1
14REu14qni3H8tjEiTLM6KzAtqmQy8gc6T,1,2,1,1
14UEv3KQeVnCahY3uNSGG5fqLyy7Gow1rX,1,1,1,1
14W6xDYHMucpkPL4Mb5FNBWDsWiuAmyyFs,1,1,1,1
14WfTPMUzrpnLw3q8iXtEm8yTdyKqpqrn4,10,10,7,10
14WrwKcoX2u7yUqHVawjm9z9RQccfLAM1X,1,1,1,1
14aTJs7ExSBJy1u5AYHG1BiNGaiApn9mAb,1,1,1,1
14bo98cTT5VwL1fHhyTHxqwa67CiPjy5KT,77,75,14,77
14cNEf9LLcqPvxjDtjCQMqasdoxwoZfk1P,1,1,1,1
14cPYUJECVPYBv4NseUX2NM1q6jMVP1438,1,1,1,1
14fHmrJ5qkiq7XenMWinuT3z6orcVBaGmr,1,1,1,1
14hfQhJrqhbhsr3UE8geucGLGMNVtRb8YY,1,1,1,1
14iTV5YUJfSTCHybyumow1Gnpijet62gH1,58,62,14,58
14jaiJty1GBwkgojHp5n29LQV5J6KWLVZ3,105,114,14,105
14nJA7FsUVvywSptEjHVz3Tr8qgzAA2V92,1,1,1,1
14ozGrnKgZifMtsfvGDLH7iJaea6WcdVVh,1,1,1,1
14rNy9XqxXQ5m6M6h5M5avEhZNASAfJeBG,1,2,1,1
14sFtP8b251FQmqjJynq8FqAjnbVwZDAj3,2,2,2,2
14sUt9723MLyrTijazU4MHBQzSkS6paAFv,1,1,1,1
14uEF8dekXMNH7QNtMCYg3oc1kpHJvhec8,1,1,1,1
14uPkLR3eJFe3Ze4VnWBpx1tnhpqhfVjUG,6,6,6,6
14veCyi3uTNQFzjvwywXQVD5qTB4fqvjrS,1,1,1,1
14wgMBiK9xWwwMf7HMjC6CG9j16Z1mJQys,1,1,1,1
14x9p6uprMBvANMs4Dz7RneB6x2npgGdmK,1,1,1,1
14xRzjDNXTr48LKkJaVjkzUBm4Jz7eSeaE,1,1,1,1
14y8npHuAu4BhtegcJedHeNbPt2LaSXKZ1,1,1,1,1
14ycWph7EVZKhkLqaU8pzKoYBtXNsBkAt9,1,2,1,1
14znGgwo4NZJH6vZuWESj6HgipyzD7QHn1,1,1,1,1
151HC4CWs9BRn71zoX9429E1cnrSReZqcv,1,1,1,1
151vCQ78k1HjzQipMqmE4ZvHm4kgH49qmY,1,1,1,1
154KfKY37Y7XKKT4zDJNWy7bgp8MhMnJEd,3,3,3,3
154h7FsZeCpJ4cncCHJioSJqSzy8R3ms9Q,1,1,1,1
1558oAX1BPoniGCporijKxVAk11JpEi925,2,2,2,2
156gyYEZQoNN67czpR8zRqCT5hAsKLkofH,1,1,1,1
157XF9Nmcs98sx16cRYd4ZE6rqgCfN2vHb,1,2,1,1
15BmQuCT4EZ8iwi8koRCnX1KUVTcE57qhP,1,1,1,1
15CHcJgkkQXfzgJedZe9o6A8LM844KfSNg,1,1,1,1
15CPCaNt9a92xG42A5Vu86Y5isjkozyFtu,1,2,1,1
15CTTcSwExvHJoyWvfSPBryKSLV5V5Jzzo,1,1,1,1
15CtMCUNY5oqvSg5EvUGvbNDGVTxja9nYs,1,2,1,1
15EXH8hmDXnXgGW7tUX7T3jDXgJpi6jUs9,13,13,9,13
15FXT72D2j5388mMYruxM6RWg79iWnNeYg,1,2,1,1
15HEAyDJf5yYMeBA92xwRUf2Dj2Lzrje1o,15,16,9,15
15HgfQTq2mzEnviAvMVQdxYkwMwfzjG6Nc,1,1,1,1
15JxJJxchVJETubN71wYmPoDzyohu5cXkk,1,2,1,1
15L3366tuujajk3rVLjrKK5AnXeq7EqEeu,22,20,11,22
15LPicn4QmLWeQyA798VmcQr86dWtrLVpL,1,1,1,1
15LrGpgZ2h3narTkWZQeUY6JrJipvPqRBR,1,1,1,1
15MFwjfpxRnfFv9xU2WwPRkHVQGsKWEsfU,11,11,8,11
15N3BV5iQdAecjbsueUjruVsvujfgmcUdC,1,2,1,1
15N4ppaVPhbm3JNVbdZFkXZZgCtav3htaU,1,1,1,1
15P2C9Rh74c6cNmRpBG3iFjHR3Tg636Sjf,1,1,1,1
15Q6SVxQe9UC8xoTsJfzZpjd2CPEiC5qbQ,1,1,1,1
15SYG2HKmC3BUGLTQHyaRyNsbtU2qEKCwy,1,1,1,1
15TdhKcHNq69qpYHFfu8hZn3HxzjzSFTux,1,1,1,1
15TwFUovNKdCRibFg7dkdvcveQrJe6Yks7,1,1,1,1
15ULVLg5wWWd4FyRJeJYp7T3UAzNeGpxpF,1,1,1,1
15UeCUWkGQVCZ8oRAvekQXXvxwfUWbby8f,35,34,14,35
15UepzWknC58Xs2yokU7t4jBkFRUvhtx2A,1,1,1,1
15VL7vWYLRonoQWtUxUiWSmHKVRvWhZxLF,5,6,5,5
15VLHAMWcjuMZCtC5ryTUUDt3VpMMSFu8U,1,2,1,1
15Ve4622BUGiRuqrTjWC2zeDPFNAKH7VBK,4,4,4,4
15WNQ75LEDPMP6tT55HeNuV6cBWLhm6ExA,4,4,4,4
15YA7frnKf25VrXsWt33Arcunro1zpUjvW,1,2,1,1
15Yks1cK4caNfwpB1bzBnsSF4EXMZp3fba,1,1,1,1
15aZnE9kxmGA8mWFr4ptuv2bUjzshD79FB,1,1,1,1
15dJgPRuutLMd1jbJti2EpxQNgMifvFTHC,29,29,11,29
15eHsews4tQFdp5dQYAzo87zmx3jZmpdJV,1,1,1,1
15f5muiXVckCF36TS3o2YJmn6SgWqjCpp5,1,1,1,1
15gGdddppDNbr58Ds3ihiYcC37UAby7UZH,76,79,14,76
15gU2Mpf5aFT7pSh8xuTwop6gvAghJSvJL,1,1,1,1
15hrJwUmTUXxJpM3ApCQoArLNSUXFhi9Vn,1,1,1,1
15iNE9a4fXm8BHoShxZAkS7rmdzdyR8e1g,46,48,14,46
15kG1X9Tjqe7hVspteXzz7pKkBEDZy2NDi,7,7,5,7
15kRfyhoG8L4kS5Myaw61Jf5zvQVxhn4eG,1,1,1,1
15nAV6oc1kfCsfx77w5scYJzjC3WNDeLyF,1,1,1,1
15nYhu95YeD7rAtTkvdmhmEFyjyCqSBGGt,1,1,1,1
15p3Fs4eNTCkv7mqW818PEVFGoReisg92S,1,1,1,1
15qjbLNvZpk34zoKQbkfMYQs3Ghgq6BpqE,14,15,11,14
15rPYZxkxrM2mbATVs3tS4f1hgTWQG1nKL,23,24,13,23
15rxPuncuPen33C2ztE33kmNBxK3KfjRX8,1,1,1,1
15sp3WuNhWZSWHMj5u4xTvDXtSBRtXpnpd,83,86,14,83
15tLRDZMiXSdGTpRcuGoos91bt7M9JM2ZG,1,2,1,1
15wYeCuXi4wk8cLeGv5i1xX23UPr19a2Mb,1,1,1,1
15xLeRJBWnecvKKBm24eXRzMztBLYveDVn,1,2,1,1
15yGNrb3oAGdpJvN2Zn2JSmKWV7SicKSLE,1,1,1,1
15yQoxiqAeJJuZTkXFxFmL9ge2UcGQsxXd,1,2,1,1
15znAdPupD1YcV9KBSfKcVC5DSMuPBg1dF,1,1,1,1
161McmPv3QpRMgGjwYeqxvkR8f4WTRX8wD,5,5,5,5
163Bxwn5CgEnpJ3k4Y6itMT2stnxmxj29h,1,1,1,1
163CWq9MvLMVunWRseMKEFmnjNmr9XEwvN,1,1,1,1
163WdYXUinPwE42icW6wgPx5eSSkCqgKSq,1,1,1,1
165baW4Pc4xq6fmQMWZPrmEDaLZpMvTcJM,1,1,1,1
165whWbFabeEhXyk7ECHLQiA6FQc6VRKgF,1,1,1,1
167GzDbqTLctCBSqnL3RPoh22vSY1iWzZP,1,1,1,1
16AAwtBkkLEpjrreR3z6Qze5ynh9HPb4rv,1,2,1,1
16C2GDX4aujBTzbRX3vMSeJWmvxPLnJa3f,1,1,1,1
16CZXZWWpNLvVmpLTg3Lk2HMnzSnTRk15E,13,12,7,13
16Ddowd9jN4Ho9nbWH6mwWC6gPTuny2T41,1,1,1,1
16FKDExb97Zw2fWkDAjsVQcVQ864B1sr7Q,1,1,1,1
16HeHNnaWReAnVT236CHsi76C8qoCfL6Ng,16,16,9,16
16JDhUoWNGf9HD3dEiHBEMdLEU3uXbAr4a,1,1,1,1
16Jdv7PnfckhoT7GLBRadW13EBnSSs8Eqg,1,1,1,1
16JrtbrCMHVw9biwEWag3LwPPsJyHQkFPM,1,1,1,1
16K2pUqb5omGDtAqzm9CLf7LhDowe5Ygij,1,1,1,1
16LA8vZDAbhMKx72XBMtbUEXSHTo6hmcdn,1,1,1,1
16LjQuTJyHnp5C4sdYHQgbuQb97cLp6WaE,1,1,1,1
16LtBef5GHaUAcHGQn6FfT5EtFoEJtt5n5,1,1,1,1
16Qk1qzpFXrxmbZGezcAKXS2eueGae3ZMs,1,1,1,1
16RXtCbvvPSmWdt81gyBQU4TvcwTXpCDzQ,1,1,1,1
16UkHCEB4beubC3PzKAiTDxbBkeSxc5kcy,1,1,1,1
16Uz7fukz2BitupBGFZWa4rR1VffbHcdR8,14,13,8,14
16WQrqznta37Kmg29VqUpbvzaNxRWKfmai,1,2,1,1
16XNksdtrRDck6PckwR4xENN1VqGGey2rH,1,1,1,1
16YhYgpJe4d4ve1XS7q6g35mrccoEmCNag,1,1,1,1
16b2CKXMRM3WYjYrFgxF1vB9gbKcTec3o4,9,9,7,9
16chmdUrmho8ZMENvo7kAabYt7M3Fp4o7T,1,2,1,1
16ckLQjK2585oz8cja8iRLX4SBHjrykW4Y,1,1,1,1
16gfxLnnieptBXuhwbkyvUz24ET4tyZKXq,1,1,1,1
16gpN9vHJjQHt1wDrr2i7GMwbxKRpVt1Cn,1,2,1,1
16kUroxm6ybXET3h5hHxPFAbejDuCMwcrf,1,1,1,1
16kctPwChUj5enFGqaz1Y3S9m1zcumpw7U,2,2,1,2
16mTsZ2xJ5nb8DhHLSA6wadCH7zKaNW68N,1,1,1,1
16mfLUYUVpiaKvsTYwN7H7SDh1yJL7XgfV,1,1,1,1
16oYZRqTQaESSDwedtRR3YJdjrMNgNePxK,1,1,1,1
16qkuMdCZk1c63VPBMuwuELwdGtB39MbqX,1,1,1,1
16rVa7grta2ZPMpoZUywLfXSUm1SC6DYY1,1,1,1,1
16s4CVQW5w36VU4DbQb7QHjwrG8qZpNED1,1,1,1,1
16sLwQGYir3nLEhjQxftwm9W3cwUH83SbW,125,124,14,125
16spHTwbJJ6kyUDbts9YZw1xrkLqyRHKFR,10,10,7,10
16tBoAjvQZzqEetasX4Wwg2rXWLzEunB1g,1,1,1,1
16tt8T1ncP39vXse3rfZ7tdu8EW1sadPYR,1,1,1,1
16vQbYFoVX5hjJkeRg2emAuRjgTHfvrr1G,21,23,12,21
16wFpabk9q6ke5p9djNQj3yM8Hhi6MBruC,1,2,1,1
16wsLbJULej88rpG9kig3moJH4oGY46Hqv,1,1,1,1
16xtVCcuCMVmaNTdweGKtLVPwy546gAT5o,1,1,1,1
16zDEccmLT71u8WkGCiuWzGZhMUGTLUKMF,22,25,11,22
17142AMggZ7FDGccx6mzeR93T8ipP1jKdq,1,1,1,1
171gruY4oae81XzE1EMXjP5bGZwe6mn7Np,1,1,1,1
171nnr3PRitbFXrECX7KP2Tqjbp9G4wwax,1,2,1,1
171y54fqTmp1xMpqCJ6GEwwYWMWhxHVhD5,1,2,1,1
173FRnrNzz7MF5uXn74iR742LUu443KRmY,1,1,1,1
176eoMoBvEVPN1GFNWXbDZBUyJrWijrPgC,1,1,1,1
178jKofHSKJTAgABApq4um2H3cPfgwrXhz,1,1,1,1
178mdaynofrZe4zuKQucqX41avFphEJ3aC,1,1,1,1
17BDyETgVzMvtbing2nZXtmUzLnQS1TzNQ,11,11,9,11
17DVW75GXKt4RHbWfGV2HDGn9dG2Yr6QZk,1,2,1,1
17DdArNhjTQR3yfyrEkcBLH7VjDPXXBsTp,1,1,1,1
17EZ3ci8jToLarWxpuDH7kDETiv7nXjdQx,21,24,12,21
17EketV2MPv4rBxhWpfW6GByXdjMHwFwy9,1,1,1,1
17FcRzyrYbx2exqXTRg1NYZwicxKw4Sm51,5,5,5,5
17HmFkApYucf1HKftMD3WDXrgLe4HV7iEf,2,2,1,2
17JweNZzfaBRsBmLEWMZinm5ztLGc44u5N,23,22,10,23
17K1gbobdqKDuGuQNxg6c2KL2WR7GXRUtx,1,1,1,1
17KYz3QMNCNJH1j88ZVPduvFNVi5Fgs5DU,5,5,4,5
17KkFL2rZDiCrW2oPon6auX1ySN5CMkTZc,43,41,14,43
17KskEFqGx7Bv9E4Mmp2FaY64Vp5evqwFt,1,1,1,1
17Ktt3sjYKbttKA75v2J6Y6p8AQcxVsQQf,1,2,1,1
17NG72YWWiknktmcrqbdAqVeMg7c4C6MF5,3,3,3,3
17Q7sZTon4pDwhg6jLxgXwk9cQ8DZeMLRs,1,1,1,1
17QLVU7EPK8Gz2GzsXi1dwUL5xrxiMttjo,1,1,1,1
17S73AL6uvMAdWvkeoRm73kWdWJ4jq2j3v,1,2,1,1
17WMDGqJysWABjnipCczA3EP1QJBtNeiyN,1,1,1,1
17Z2doxABu4uJtBLCPDaHhLNFnCEcx2YCT,1,1,1,1
17ZKHpE1RTosdnh2jU6FGmkTcdSytoCrwQ,18,18,9,18
17ZkY6neqBWWmYYTU8JYgt58RTSTTexMSq,1,1,1,1
17ZrpT1CFiq4SicgTTqjRwN5Xw3X2MKDVz,1,1,1,1
17aMTvijPtzib54NnV6yxXz52e3YYSa3oW,7,7,7,7
17dPotZgtfysXr7ddESdyF9RGPMLbadJZo,1,1,1,1
17e4ZPUYsK9Gk34mbpyRUDn1a5jk9G45Bz,1,1,1,1
17h13qo3YNVx7WQRCkQi2o4o3dMxKsPKkv,17,17,9,17
17haeyYTDEre8TLMvgF4hv7nvgBtA9emkp,1,1,1,1
17ih2xoYC2gW5JKZ9uKdfxbkD26MNNSiyG,1,2,1,1
17jREn5C9kcapb1bRSrN1cFUX3C92CRiaN,1,1,1,1
17kfiDbNwWhMZwqaZPoHW82gzKAw2czNv1,1,1,1,1
17mTsPkKL7t4c2Y2MAP1BvGpJU8wpREv5g,33,33,14,33
17nz9peFNGd8CjoQEmzyiEXnRxsnwicVMd,21,20,11,21
17pUnrFjG4mXGtinR8fJ6XYoaCeGLQoWmc,3,3,3,3
17py6q9Ke8L2NL9yf6HzYhtMvkBP8cPQbC,1,2,1,1
17q3RstH1bEqWC1mTScZpvwveM1vR44jaR,1,1,1,1
17rnXUsYa2E39yoPiiW9UD49yuCHfSsxMB,1,1,1,1
17syc3LbzQsbQDL3E4o49S7LGg45KnR8t9,9,9,8,9
17t2wGiYsoEu51CHeQHnWSsEibbNqfBC3x,1,1,1,1
17tKbpXn9FCKaCeCeb68TCnv9ZRpBKuqgp,1,2,1,1
17u4ianvPrtgb9Y7UkXp2HFSp5xfKYUVZ7,10,10,9,10
17uET3x7HM5MCuiqVpHbX32prrc96tnjK7,1,1,1,1
17uVQsJ7Ea4WZRxoTb22VkAA7pCuZZ6qhL,1,1,1,1
17vnnFX6odfgNWaswqsEHU91imAz515edQ,1,1,1,1
17x2za4XXgiq3Dbo2NFBcnD5UheTqgEhMo,1,1,1,1
17xFRvJc1guni8Fawv76SMJrVw4uCWvuRu,1,1,1,1
17xMB6sKcWAuoP2HaC1YhwKP4kR38xy36n,1,1,1,1
18138DxgF69iUMqbVm1QiU3gTDx9rsJAFd,1,1,1,1
183nDMtCAefXeERDEa3h7rGFuPvUKxFRNo,1,1,1,1
185Wgf3PSyAmsFDtcv11PRUBdFuNTWcTrS,1,2,1,1
185i9GzqvXg87tHErN6FRfvTgiUPwsyZ3L,4,4,4,4
1869ghm8x6GQ3h59D2PgFFdGWiy2GqMMi4,1,1,1,1
188Kpo1CJmBetV5WuAr915xyDx9ped8ciB,4,4,3,4
18AHtTJAyvJTujkxm6EDzJxEwyVC518tuj,24,22,10,24
18C3eFv6wgHLDbf56GQQMnmuVmc8ktLpDu,22,22,11,22
18Cp1A1JcvCD9yyDRsKSnE8uaRvJtP9htm,1,1,1,1
18DCPYs4vQgPzCnMxy9R4eDk8cHrNBtP48,26,27,12,26
18DUXpVMgBErDBdm8Cyf1NNJ9SmXkUoT6e,1,1,1,1
18E7RaRBEbmHTMB6eRD4RimxtfqvxxbuF8,1,1,1,1
18EWJteYPcYii2vMJMLm5Chw1CmpKKEbhh,1,1,1,1
18JmrUx8wANBsuncNJVw5QhC2EM22xthaG,2,2,2,2
18Jzg9rMhDSoNc9HTwMspDhFE9dYGmDwLu,1,2,1,1
18K42MrVDzMF1qZw1EUE9N7bFhrezR2pUV,74,68,14,74
18KXwm9ME22fZKUKzkpECHrz2jZAuWTFbg,1,1,1,1
18Lz1RRN4JNsHrJeEa9SqA3gbd9E3EaZeD,6,5,6,6
18MJ7knLteRMdJMTUsp8E9A4TkaBn49mfG,1,1,1,1
18QdeVKbKDVkQ5cmu1ef77FjcqpciyYHFC,1,2,1,1
18RD7qofVS8nj7xXppnEU5HEqnuHFogHNk,1,1,1,1
18SRhw4mH1jqkvhbc7bxHX6yVJPMwN5Rry,1,1,1,1
18UmJR85LhFzMZYyXYB1u215yJqoPDnDXB,1,1,1,1
18WJG7ahLJfR2TV6WUfhXpp2FQv8Tkongs,24,24,12,24
18XEsakxH67Hox9WJzHemSjxSXMwEW62is,2,2,2,2
18YMqQVDo4jWzpycB8Xkuf94L9Yo77P9tu,1,2,1,1
18b81WDAvphoJEjyy99b3VEJr8AsjgfCQn,1,1,1,1
18bqD34xsL7c1FJaypKonXKyANnmXPhqBP,21,20,11,21
18eZc6uvTJuNSegDta6FsoE5bGPxSfE3KN,1,1,1,1
18fLi1QJkxiCDJESAvxA49EKydsc5ByMG5,1,1,1,1
18gtyexhA13qKbJfp2fduzey9S8ppZboaA,1,1,1,1
18hoCJePs91KbSssXzpwULc4cYRSi2D4iQ,28,28,14,28
18i1PNr3j6CZdFbj36kWmSfHzce2D13iLn,1,1,1,1
18jGwtF6csTsp3UDe1nPt9FUSoo5i2Q8rb,1,1,1,1
18m8pSpACHSHtbKkmFUtfrrxRqztR2bqS4,1,1,1,1
18mmkafyccwEa8cSMVMFUnoRXYntH61ZpZ,1,1,1,1
18nHh7UzJuBd76jinwBM9Ejv7Wm1fGwRmv,5,5,4,5
18pcara4paoisfP7Nr9gGjMC49PfBr1CnX,1,1,1,1
18pwCcjgSfhoJrT9SVjGpoLHAymMvFfzBn,1,1,1,1
18qyD5uoJumhy2c1nfDHb3F9HjnwFX7Ju1,2,2,2,2
18tkDo5vMLrdUUU88EbX4vuEjdZQiCs67z,15,17,9,15
18tom4YGahLxe7cBFMuMD9w2zF5X5PiZiH,5,6,5,5
18uRmoStMnwjjvCUeEZjziotzyedCpZ6xE,1,2,1,1
18ynThX4dJCSYNMipumGpuHhbEFiwMZVzx,1,1,1,1
18z3UFtb422Vwozivf8STjohe4wrgRehN5,5,5,5,5
18zJMju4DMn5ncWvdeurbAaWSb4NDuV2vJ,1,1,1,1
18zedh5ZzHnefTn4Qw446bdezJdQSsftRP,2,2,2,2
191Fs3kXGn1uYmG5Mf5SSL6AzBaAfjBu8e,1,1,1,1
192Y8g1nZhNsJkYKLZiEBVpso2PrCpyDXg,9,9,6,9
192kt6oVYVhQK7pMitK6tHepbaugYCP33e,16,17,10,16
192tKXCy5PDDTvPEGCFoVT23RHbc9EvcX4,5,5,5,5
193U7MjaUTzarNDqxGb8gnRxMyHjxSQog4,1,1,1,1
194hGfLju8VxgybnaD17D2o8EA7zaQwVHj,1,2,1,1
195C52jvHjMSm9obWBpQMYSTKGkf4FhRrs,1,2,1,1
1974AmXCcracH5ukYJcFrUniCQjAEhiS2q,1,1,1,1
197j9zgxrSH2tYCdi4aL5GsZA66umGmUY9,1,1,1,1
197xnGBJX6u5e7gfEujqWPici96cZDJsQr,1,1,1,1
199v2NGTZX5K27cj82CGcjzx2a62s4SKjx,1,1,1,1
19AGM1RDyC92uQeyDNU1xytC5mqrF5gi53,12,12,10,12
19BU1GrdXzK9G2oySuryprwXeszSC9LKT4,7,7,5,7
19CofKUkqHtkHSJV9TsjzKeaQtoxUvq4Yo,1,1,1,1
19Gtuhrjv3jmbBPgczM1YjgNEp1gp6j4wY,1,1,1,1
19HkScUoCQbAVgvW2VxcT4mAeqrbVQ7Fpf,29,30,12,29
19JouQaTvYT4RKncVaLXb3AYQBtyRhPTD1,1,1,1,1
19JsRZsndMTYat54CYPHLzLBfYv77aXMUk,1,1,1,1
19KMTcm6vboNjZ4W4AeukMqM56zU9KwzZY,8,8,6,8
19KeeQyDDhqB5A9Nk9HXsT43Q71uT6SEmB,1,2,1,1
19MzRhUX1wKJrsTxioArNreg9Yb3c28Ukc,57,56,14,57
19N6Q891oQy439HrHExC8sfDxrShf5pDuE,1,1,1,1
19NVt9HTwB7Du17jJJh1CdRJTjYUqmmRH5,1,1,1,1
19Q8wY7rijY4zCtB3HjVY3kvtxhai4hqvw,1,1,1,1
19R1JmSK3ggiDN43dhyAyhsv1yAfhiE3he,1,1,1,1
19S9cDdjPQ7UMtqME1rdcvmDsy7jQzEL7P,1,1,1,1
19T4AFk3KkXcoxqYCgKGwm3daPhYFmDaJq,1,2,1,1
19TLqXgAdL7mWDhSFmeEUonD2WXoMSNm5b,17,17,11,17
19UgGBuQDZK7GDKFM5wvbHM9wbfLVvxtY5,1,1,1,1
19WrfsB5xyuvf3mq7owyNeB2ZuYQfxSBAn,6,6,5,6
19XGmkZ1iACUgBiNdqLoA5NXCQY2zDkHtG,1,1,1,1
19ZLAqgKSNmEJzQ1LSyBHFX6Mz8VEVnEVP,6,6,4,6
19cBHDZwLyg46MhsBoHbyYHauEanstqVFE,1,1,1,1
19fRbr4cJfdHJn1VfPpcXhqvWgPZmq8FZu,1,1,1,1
19gFjmFyttZtcvLBWW73ChJvVRv6jfKPck,1,2,1,1
19jcZxhP8byqxCKSnYGrx8fUxvciCv22AM,1,2,1,1
19jyMUUXxRtQWLxsB1DVT2YNEKsxW3v2sA,1,1,1,1
19ktbuTFpRS4PNGGy3p4R8BtHMHwkRuYKU,1,1,1,1
19mEYPX6eJFvWZYVbA9FGzgScCZRXy4Nka,16,16,9,16
19mrw37G1LETgT6wZJre2yCSbKigpE5hhL,32,32,13,32
19mt43fX3cLFQ5j36kCqa6MEEcdqi5PPhZ,1,1,1,1
19mtegkshVjGj7oJRbtBUKiFxBDYSbtneb,14,14,10,14
19p2pZLAo2KhqanjY3BiuU4QJBubQrAAy3,14,14,8,14
19p6BLWEtxswnuFUAeTA2476ZDHYxiDW8M,1,1,1,1
19pUq3koTBFw8RBaGVHUieisXbeu5tFxtH,1,1,1,1
19pXHhaLQCLZ5kk2W2VqX2yC3x2wJnMWy4,1,1,1,1
19r7UNJWWGyJWr2X6dkuZNqHEe4oKPPZjE,16,16,9,16
19rVWgKUxePPBHoVkFYBj2575KNRdHjpGh,1,1,1,1
19sNmFn7pP7Bv7CNswi7xMoyCpWByic9FX,1,2,1,1
19sfhB3ttu2Uc2cWjRx4ZCDahaFSt16ngc,1,2,1,1
19sxEVQq495X4JMEcevycjPXR38gzHXfwR,45,44,14,45
19ty6nX2jpfWuxzTqNT7URESbJ9Jh2KTnj,1,1,1,1
19uEEa1i4BzAJGtY6qL9awe4iuASJawfHQ,1,2,1,1
19uZy6MSBg1zFBb2AhzdodFs4L9Lg9pYJn,1,1,1,1
19vHKGFs4c91xdo1eweouZTzydKWTBvVBQ,4,4,4,4
19vsS6Bddazcnyr6Dz8poVhE2p4VB1vHfy,1,1,1,1
19yBzsLyGKhMd3ULVprr5vhw9NLctGFCNn,1,1,1,1
19yiFCEdgD4AMnNWVZfwXcuW6LUQVLwPmp,1,1,1,1
19zcx59YU8nfSvGuPGn9Tet2gJrgkVjGX8,1,1,1,1
1A1RBkeFWZAkUE8Wmup4H5h9us7yB74xfW,13,14,7,13
1A1sVXFKvFyJSwcuR6dnn6o6P5RMpBpk4K,1,2,1,1
1A29Nd8EtoNbRA4rKrFGnQkcjuR2r491sa,3,3,3,3
1A2oUHvxKBnfCmRZpoYhMdq5rbEcHmkfdr,1,1,1,1
1A4J3wQLWYCP4s5U5aS1txZm4rgPYVbz6V,1,1,1,1
1A7SEpJA527wzPausHT9rYTCGYpomWmQ6e,18,17,10,18
1A8SEjriqYLKrYNC9NAypiHGfZd7hjRk2U,25,24,12,25
1AATvLt3Bsp5Um1LRhTsV6oNcceSvXXcws,1,1,1,1
1AAqyH9qJ52efDKYfn8Ls8YAv1KvefRt8K,1,1,1,1
1AB5yVD5jQ3WsD6NXrK4Cwa9Em86vNAoSj,1,2,1,1
1ABnYzjYnWbsz82k8vyDFLFY7mbCCynzeB,1,1,1,1
1ACU9doogKoiPs6w2CtFZdyrxm1SDYbMaJ,1,1,1,1
1ACcWK3h6moNiGJLt1sGRQcNLz3nBfviFA,20,21,9,20
1ACtffKprqVKEtPaW31F1LbmptVeVXVCis,1,1,1,1
1ADBeEbPMyhfZcoW5xAXkvFVAiedXRPcjJ,42,46,14,42
1AEJurfjFbsqfk6N5Lv3hh6PxLaJhauPLH,1,1,1,1
1AGyUvxp1CdkChfGKbadMj4eembij27NjY,1,1,1,1
1AKeGeLX9bWSexn3vXj9x9WNEnNrnfK5zg,1,2,1,1
1ALXGzdDG2GYipaWSN9AAN9XFvezvJbvps,1,1,1,1
1ASAK48vK2iq8aJkwVsezZmwDSc17B6uy8,1,1,1,1
1ATAc8sKxpgmnrSrowJ3XsN8LfhJTu73Cx,46,43,14,46
1ATSQFNqh6xzRrWyut6uWeodoecQVfxcj4,1,1,1,1
1AU5VYbKT9TBJUkmwFa8Shw2oszA7UV6di,1,1,1,1
1AUAFws9dJutApYYNx896T4LaK5n7xwC6D,1,1,1,1
1AVNgY9keynwnP6Ahp5CXGsZW1NNsZ23SA,25,26,11,25
1AWFoDmVDRwnyYhUiysWUY79qa4S4L7Xoe,1,1,1,1
1AYSj1yFfKoT2zESUhppnZskkMNaNGajSz,1,1,1,1
1AZj9zY3ApHbYVifqZhvmERgrPZgLN3ZCP,1,1,1,1
1AaDQipaRqmropTVtpLdjnnPC8Yuhx4S4Q,1,1,1,1
1Abhm3vC2mxqeoTyyj1vhavVaWwoEM2v9p,30,28,13,30
1AbxAN4jDrybyXVBQxTJkzf68CYNgnspRZ,2,2,2,2
1Ae5SFzFPTmMWH1TJriVvNNxNQ5Aecb6Xk,9,9,7,9
1AeYYqc6s71MuLtfV6tmRW9R683qvWx1j2,34,33,14,34
1AfMMvnQFMfLMhkundR4B81dNYDyKcVrf2,1,1,1,1
1AgAPGz9jwNZPDctbZq6SAZmZWcrjDYV3z,1,1,1,1
1AgQot8aoq7BWViCGvsPUkBpixfmmynpuF,1,1,1,1
1Ai7k68DcjYxuqeARpMevHuBs8FiwBd4tz,31,31,14,31
1Ak2vxRPCzywj1zuxMsizJ8Ho6EE6LkwQH,1,2,1,1
1AkeNkPXv6PcN9XMu7ueZuGyoZDC6nZDZL,22,23,12,22
1AkhiKBFYez97oi7ouC4WTFkPMuNnHWUEs,136,134,14,136
1AmAd5Jw21oMxHnzAQU6idQy5JziGZ5w5E,1,1,1,1
1AnSeZ8rDUNAg1mBwdJKWPPGywH4vn8FNP,14,14,10,14
1Aq9V51obM8J2gHZ9j7PgpQGcKtSVcX72G,1,2,1,1
1AqKbrccTLi8mDkcnaCmybHJDQ21cEsnDp,1,1,1,1
1AqfU5cfbKPASwtB2gkvpAcztbdsDtJAEP,9,9,6,9
1AtjpAQgG85Scq17iummpteESENW1jZVYf,7,7,5,7
1AuEYMPK7sAbZUvHCUDQsM12zn8UKqa6Q6,61,60,14,61
1AvvnXrGskK8JSS9oyu5uLWz3BQUU1mpPw,1,1,1,1
1Ay63E4HiQRUSbEkT4PeioWTySsBUX77pE,1,2,1,1
1Ayn3et4yhVRnsgGR4ddwtywLq2txxQw85,4,4,4,4
1Az6MSzcghT1iCFyJ5Vn5kAcNB3NVWpZaj,1,1,1,1
1Az9HweUo5wnJRSgsHSoFuEvxHdncQRagA,15,14,10,15
1AzTcdmkabSqVVCu1ioHkiqwvmjbPugkrw,11,11,8,11
1B1gUumRTgymtHphPAKYBo8BrFb5rzvzKM,3,3,2,3
1B23bLZcfTLA4phiEB7611uK68HNxYHeS4,1,1,1,1
1B2NDc434UA7JnVLkLkzWBDtdUbTaPTFGp,15,15,10,15
1B6nMXPdrU4BcbJmVY4qAMzXT45jC8MbmU,2,2,2,2
1B6vubPMDBKB9qYucqNdTTg3ktMFC86W9V,1,2,1,1
1B7HuiPkhSfmKy3xCDWBKj8rHLczrMbfxz,1,1,1,1
1B7MkMMA1Tkk8Sc3MyVbXg2S8UFpUiqTEN,1,1,1,1
1B9E6J2UybDj1aW3JefwvA1kCdAZcTSj9M,14,14,9,14
1B9nFU9JgVSHFFRrq3js8UQUU8LR2x4MYS,1,1,1,1
1BAPhHnWQzFwp1egLzzz8uSbiNk9cusnyt,1,1,1,1
1BAewjA2DzVXQPmnK9WBf6jsnYMV64ajUc,1,1,1,1
1BAi67np3vMZcU2MViELaqMWTZkL9vsBJ9,1,1,1,1
1BBf79L7RjgcSkBvQCvZCjL94A9McvmG4p,1,1,1,1
1BBt8BpYdPVnSxsLu5XbdXpiKDZMytbgRE,1,1,1,1
1BCZt6BznMjC9ap6AS13uRFhy2Xe679qN2,1,1,1,1
1BCeQB3AXEUz2afXwdWsqsa1famASywEzV,11,12,9,11
1BCriaDS9zUojFe75WowoXLAFBVixPio9J,3,3,3,3
1BDntibD1JvsHhikEnVK4PsdLdTYCkQMzV,1,1,1,1
1BDvqTChmEvThxVAWi18F537GPBUqbtsHo,14,14,9,14
1BEDeXVhT9C2Ey4aD6Cj1FQQxZ4vq9Ydms,19,19,11,19
1BFaERgNRVaxAT6vG3t576nNBGFcvrA4Dn,9,9,7,9
1BFou8Bgu3nhAKgQnvK3iw4DNhaV5cDTdP,1,2,1,1
1BH61iK5Dp7mVpPdscyPW7xa3RZoaSCT5R,1,1,1,1
1BJmNJQFNR8XJSKdu4cHVGkBEKScgTXhnK,1,2,1,1
1BKLgp9bp6RKtzPgUmLgydgzrvrBzjyDph,23,25,9,23
1BKMyccMFWyhNFVfjXXJ6Z1sEJfJ8QfqFR,9,9,7,9
1BL6dxG8BA2Wzi9sZeR8dVVD9sAneEUUTd,1,1,1,1
1BLN9ucMqBYqzrBRawM8yvhVBh7epoNwBn,4,4,4,4
1BMaLaSjTn3qhWtsxU7kKHhuZWLq3yUzqe,1,1,1,1
1BMwufqkQFTe1v8dCA4CjBFbwyhuqG8GAN,27,29,13,27
1BMyoLeb747Z4XXETZ9U5Q69sW4Dz78ivt,1,1,1,1
1BN5d9WSEhaq27hT3pvMbRm5DSJcJqEPYi,1,2,1,1
1BQUconWz4YMWnfc886wDfMEqmnWLgxtww,3,3,2,3
1BT5rxfagW3GqNGpNCTsg14WGLP5MzPJ7T,41,40,13,41
1BUkdQvmbWduzgvjB9vrz49hdnqZPNqGHZ,44,46,14,44
1BV3yGuJe3tYvkviW8HZHKT3Auzv7b8LQp,43,42,14,43
1BXgCJz2monjQSPChDHSFid831SrS8R1e6,1,1,1,1
1BYVNGGeatySzH5Y8LmCVqum4umoyQmJ7J,11,10,9,11
1BZEg2SytEZ31fY6fo8v6LLtx8Ux78h5yg,1,1,1,1
1BdQBDpDkycdMqkhYMwzX5Qn2mdyXaCXxc,45,48,14,45
1BfLLpCxgBRSbUHu9kuUiLPozB6pDWCM1k,1,1,1,1
1Bg87V4H4Ldi8jMnG9WiyzXT6XRAG1HAzb,1,1,1,1
1BibsPfGUpDmXV4jCHVcF6JyyXxDtp5iHr,1,2,1,1
1BmUNsrc9fgWgWKBJyfSTsjELPyivoxmL6,1,2,1,1
1Bn7e33giReoKVaGK6mL9GKZ3d9ABevV8u,26,25,12,26
1Bn87RUCiXxi5VZ3gpU1wBQL2EETu8oKH6,1,1,1,1
1BpHhaS4BeHgVQ3u9rkUcquwR2kmHXb1Q3,1,2,1,1
1Br7xYatuBkrb61uU1ZSt9gAofCXTWXZz1,81,86,14,81
1BrAm95Juh3TzFshm8rVADayv6KrB5gRQw,1,1,1,1
1BtsY6dCfpqAv3Sm9kJHs5TxQzvrvhowxA,1,1,1,1
1BtxyXo2P6kJrb7osGCPAuYyVs5uaBAJPN,2,2,2,2
1Bu77GFugofoyeHUnajxHyns9B1vK4fxoQ,5,5,4,5
1BvqVCaWesgaZLU2PiGSog6onNJiAS2Hhe,1,2,1,1
1Bw7v8ra1MWTDaa3jXZ11qxzBjQFvxTw2w,1,1,1,1
1ByGDWuxJkh4AUMeYpfaPJ69Q5xPP9iRAC,1,1,1,1
1BzMvFLEUYnHNQinWPim2BiwDre1p3ZFFJ,1,2,1,1
1C2sGeZ17umrUSpkfge4RNdiCSBZUiqGDn,19,18,11,19
1C3DDEbKV2yf9PMo118EGbavaHMtxGdSQm,1,1,1,1
1C3mhCLTooy2TFV7ZBBHdL42QxZau3YNfb,9,10,9,9
1C3vZ9iU9kPKnJjST8stPRZHWtDHUFD2bF,1,1,1,1
1C4QH7nHLCDGMVJF3EQdT7dAhmRosnwKAZ,1,1,1,1
1C4zV4e7hGZeW7Y6fzzCpPtyKr6qXPaVBL,1,1,1,1
1C61fDaEVcXPRWFVrj4S97pVmL43dnQYLh,1,1,1,1
1C73USUvF216tQQL3BJiRCaQdoDJHVAC7s,1,1,1,1
1C7ehoydo1i3HTkuxnLvWacnWqE9EnAVQi,1,1,1,1
1C7gAeX2rgLnbU9jRdmwbvtSgsGiKM99hR,1,2,1,1
1C8Uiw9GxZnk3AbppXioXbNHkhyWS2cz8R,3,3,2,3
1C99f6xMRmViid8NG4zVUs4KzeLnYLkx38,33,33,13,33
1C9igi2SabQGJRfrBp2yUvkAtjrB2odoVU,1,1,1,1
1CAMskDZDZv7KAbuDG2erWAzN5W5h6A28m,1,1,1,1
1CAbmYrXSY8f5Ch2nMruQHK62qV3dyMFoZ,40,40,13,40
1CBUFfJWd4WgH1zaRHPmfktJ9jaHv2RSw8,1,1,1,1
1CD5dsU1iYNx4UDPbovsTc55zsjYSJkp6y,3,3,3,3
1CEkztX582F6mzvNA2MDzHRBFxezaVDQT6,1,1,1,1
1CFdbx8tEK6zW8G8tDLFXNdUgQjiKqsZwR,1,1,1,1
1CFro3pRstLB9X8ns24jgSVjh3ZcND2Qav,1,1,1,1
1CG35KKwhXCLmbnL5yjSJyEQu3de77wtVf,15,15,11,15
1CGfTR8Puq2UMDFqrdmc1rTcZ8zuFnHs2S,1,1,1,1
1CJGFGyMoy2LCeo51ufGrPeNxp14LbLSK3,4,3,4,4
1CJejhVAmQAwz7Z7zhapiYebuNWmQKYEbq,1,1,1,1
1CKafhKVHd6dYBYivC4vay38gkEdT5XLTT,1,1,1,1
1CLBKZNgL6fQWkHzMWdHPTyssJVYrYGJeP,1,2,1,1
1CLgMkQMZwM2ffbiQJuNSoJ7nva4MqjDyn,16,18,10,16
1CMA28R8uRyNkNhBY5UkJfTSf9eCJotsDu,1,1,1,1
1CMXM1JrkzEYqias3Usfq1KtwMAcQsysTr,103,105,14,103
1CMs3BD1bTLjGR75XpepLEYhKxWuUTofZ4,1,1,1,1
1CNpEdCFRwCutboRfsHmmheQXr3wZVGmb8,16,16,10,16
1CRPJ3zL8em72DvbMXuwZ5NUWDUZjvkTDa,1,1,1,1
1CTE4nCafny2J4pzVodB89Tareyd3dj6ue,1,1,1,1
1CVQQ5qeozTdBSi8i5Nb8fg3X7nLzasF5N,121,124,14,121
1CVkhnsBZfAsUzevjV3C1wqj3ji6U2r981,9,9,7,9
1CWRREp3kBZ64ukCTB1DDobfri4nwTiGUQ,12,12,8,12
1CWSSNT7nMhEe2bmtghKowBrfz1FKHcdBG,1,1,1,1
1CWxfNaQHA6i6tdy9LdaWL4xh7t7bqCVNA,13,13,10,13
1CXMH56gVKTQxvNjpQmfyhH4mbQDyYpvns,1,1,1,1
1CXkSEUY91jAcnZ76XKb24DpJsktZojhYE,1,1,1,1
1CayzjuQebAfpSwvTdQ8UpU9LbwPrYYE2L,1,2,1,1
1CcvNTguTrZPHGgDNpK8xuvCMTbKDBnnNK,1,1,1,1
1CdMFnDY2whTWkYoAG3LRAivKzZvG5dEDm,1,1,1,1
1CdxJDMdyimrueoqNvuDMrdWzrXYyogU3v,1,1,1,1
1CfD4CTj6pUho78n2BhaS2QrtWfCuinWgz,7,7,5,7
1CfVFDh9ZMFJWGLGnkgKsjBMGtQdWEtpze,1,2,1,1
1CfuArB9hhrbKgHJrbPvVkqBwg5jtu5TMs,1,1,1,1
1ChRkchXrcXEN9HpsbaD4D2e3USBRdgYbL,5,4,4,5
1ChxSFsHEpv4nLt1jpbMvsEGbgBT6c5wSr,1,1,1,1
1CkVWU7HUS97jr6BS2kAmUYgSqhYue2r6w,1,1,1,1
1Ckj3ywkpDrsGYTkUVRHFjdLKeh2DBEiPa,1,1,1,1
1Cm4zjfu6gVHGBm4JoQgED6gvJ43XxJt5W,1,1,1,1
1CmBSDyTByLc9Bn8c9vLzzuomkHpP4Gq9t,1,2,1,1
1Cmi1iTPy2FRR1dphjeuhkgyrXk6T5bHqu,1,1,1,1
1Cmsw98DPGm7T2LZvv4rg8examZSAeSXSD,1,2,1,1
1CmwLpgdeEceuX81jnRtqeWJoEd4ZqrsX7,1,1,1,1
1Cn7xxZjjn3yFC5m8JkiVWUjRPWNuctUxF,1,2,1,1
1Cn9DbtofL3UMMp2rLCmedypJgdMPtx9gU,1,1,1,1
1Co1YnACj4hPfoi2kPnF2RpTTKDRjyWpMD,1,2,1,1
1CoHw3kqFbmkBxKWXKRUAWYF37sdp6Yz6v,1,1,1,1
1CojAHCHwdDsygdSzXCntnAmPsJPGJCgUd,11,11,8,11
1Cox2eS4uH3uCTKvnBArQHETZLm8bRWJ7m,5,5,5,5
1CqZek7S1twUqrErNWU77eeAcXHrU3EKUh,4,4,4,4
1CszyneWXG9TyV8QwMBiUTRFri4opuTh95,18,18,10,18
1CwWm61iuA6QAJ3wZhBNmeFyeEgqyVTjRL,4,4,3,4
1Cx9PUhBU29g8NmGETvt55wvGBk4SWZV4n,1,2,1,1
1D2qYZ2vtg3avYZRT8DF9TixatcmwV43YK,36,35,13,36
1D2vgBBC2BMSnMqRw1coHvhAzKCudye2rW,1,2,1,1
1D5bPLM4yo7ujxV1eGdhn3WvHK6fUkhyyZ,5,5,4,5
1D5e9jE438Qu3sWbgpbxMDiv3nqSYku1RN,18,18,9,18
1D5p8f4pFdVcXVWeTVEsMnf9DyBb3Gpamg,4,4,4,4
1D6UGEru6gc7Y9ULrnNF9hY1ZhJmWd9aoT,3,3,3,3
1D6spNbmzJsda1a9CwWZxVRm6PjKaKKsE9,1,1,1,1
1D75CQHJSQENKJEFwtswHr8DZteqsahQiX,18,19,10,18
1D9Hj5Cfp4D8xbBdAHyqzfypbvg5WSw2ji,11,11,7,11
1D9WQpnZECp9rUFkzjHc8BUVxpwh3LfWRJ,1,1,1,1
1D9cfAvjDBfpBTLeuN9LdixpRbHsnFXAQQ,7,7,6,7
1DCWCPrGbohLawnT371nPAk43Dr5C8AC4j,35,34,13,35
1DCneFrF3Ng8u8QKtyCjx6rpdTSEuxUW9M,1,1,1,1
1DEAq7SPisuRWQRWU6TF157sZiopZRWG7J,1,1,1,1
1DEhSMHVsBbxnVuAXwRDt9ZZdQz2KprVSK,8,8,6,8
1DEiz5Z4VtrNdSMUix7gUDqoJocQ2eh7Yx,1,1,1,1
1DGZZiJpAd5B4PwLPKVKrFtXkLF83QjC24,1,2,1,1
1DHhh3CE25YKBYiPamvgwnHA7rZkCDp1bk,18,19,10,18
1DK7nwAg68g7WhQapV3r22R1wdWuTSEHXo,1,1,1,1
1DKToL6TSmDN1gQqBWApiB6JZpivA4DEh2,1,1,1,1
1DM4FLiiRafwqyCUTJKSkbDSuEB36GGbUR,1,1,1,1
1DPA2Jxy7JhK3PwjiRXhZ4E6Ve66hCaGHS,1,1,1,1
1DPVjkH2HHiGoyuMDNcede6HatTghfDMP5,1,1,1,1
1DQR2j45EENPeMgMzaehebfk53Qofm5mVi,1,1,1,1
1DQRZqtGjt9VrgWCEzjg3KGYtqbQBtGuiP,12,12,6,12
1DRx1FNGoTUuHTyrBLenDEDpvCoTrPkwpd,1,1,1,1
1DS3p9aj39ZF6GSCpwwBgbRAwK2UHVGvUL,1,2,1,1
1DScum7ffLDpERW5Nbu16tZUbKjRA8MJZK,1,1,1,1
1DSrYFon4KsLVsigQYNqqdT9JpRpdgBwWF,22,23,13,22
1DT2Bx4gzyhPFeud86LrVSEqasBnpYKR4h,1,2,1,1
1DUJ5Mrgf7TY2H1tb5rRVca223VMy8QZbP,1,1,1,1
1DUr3Nj7yuSrp5fcwtkzSmifhyCbc9ykZM,1,1,1,1
1DUv46wyDUGqtUSojLmp8PeniTWeL24RqB,7,7,6,7
1DWBYuRzifg5qDbtpqtSPdFsWkxzUzqUGv,1,2,1,1
1DWxfp2x3qF46A6Emdv3vrSNWeLWRmsFXZ,1,1,1,1
1DXb1jZC1vd2pNY5bAo8cBBGtJe9kY4HaR,1,1,1,1
1DYzdhL31JpasgVUvR6sRtGu5GqqsVpyS5,15,14,9,15
1Da2rNj7kY4JYWm6Sg7kdTXBEcF5yezE96,1,1,1,1
1DaKmd3brKcBFvFTf55m5nzMfuPAfZSTfk,70,69,14,70
1DbDPSTH1Aomhcz3gY7onZMYYu5VUo8N4u,42,42,14,42
1DdGmkZqZPY2ovGx9ixHsxPZH86Nu8pbVq,1,2,1,1
1DdV6HvfKarVKq7iiZMC9Nbw8CHo5S9g9v,1,1,1,1
1DdXByCSrVUw3sGZcRrjtWHh6ciCVsjeeF,1,2,1,1
1DeWtqswv9KfijpzVjWoeBBwKEBdo5Bz91,18,19,13,18
1DekVcEju66j6bHuvYMkatoP9BipNdGBAU,1,2,1,1
1Df1BAcgXdsewVQi1mYcipD2XTSJmvtWYx,1,1,1,1
1Dg46gsWE9dGNLP7jefovj4vwEvK17Nbee,1,1,1,1
1DhMw6ysMZCKrFkEUAcreXm9KfFGhGfzNN,4,4,3,4
1DhSnW6GJUPoY4fwWgTSRysXkjfhfJBjMr,1,1,1,1
1Dhb8znHJrYm2aKvWbt4NQ3kzhXXhwNq2W,1,1,1,1
1DhkCAoxvUUPWyMPPkHAtmXrGx31s9BsDE,1,1,1,1
1DjJAS9eQehZg1yTkZYbzAoaDCLQ2TXQg5,1,1,1,1
1DjVAoM4rdkBS8BQJVkRwhwc7CvxAD8wah,1,1,1,1
1DjjYZzBb7i2vz7RjAyaC24T9mjNmogbAF,32,30,13,32
1Dkoid8nLDBb4gZ8NQeqhej8kJjdcRDzPG,1,1,1,1
1Do1Dg7q7g5mQHbegFVaoN9g7rf4BTJ27c,1,1,1,1
1DpuHrvGi51uv9vfzBttJJj2J3Z7atbpwk,1,1,1,1
1DrZjn1NS3pGv11DEKYxSynziZjyQ38bE7,1,1,1,1
1DtF3qpKLDrhENCJrgaSK8Bz1y8ZiuetAE,1,1,1,1
1DtfTuNcyFfGwnjiWG7UQQ65GV2U1xkAhv,5,5,5,5
1DthFi8Yev1XB4j7jNuMnLfDqvMKZTrLJ4,8,8,8,8
1DuVrE2u9WvkiaLN9qY8HuR8Z73zVpjeUh,1,2,1,1
1Dx5DcxFg47FfyQSfSKpp29ppyAk1RS3yw,14,14,9,14
1Dywa8kgn4k3WTbA79HRjeYD3onAgxdpcB,1,1,1,1
1DyyvFuJzoRjLeaUTGTYZa2wAd78wvFoJW,2,2,2,2
1Dz9mj4cDKGyJUS4gKSHrAaX56vJGSJHPr,1,2,1,1
1DzLRg638MfwsjL2i8b7wMi7joaHGUMFTt,1,1,1,1
1E1Eq5qAR8UkPZwSUJDgjpcFK4L8SPYcK5,1,1,1,1
1E2iTHpguEPjFJ5mW7Qm38CyeuhvygQUJv,1,2,1,1
1E3T7SCzNP4YynxMzbDfjs96dLrTFzxVj8,4,4,4,4
1E4BF4bk7AmZ7eHYRpF32pbFH1Cnf3DqVF,1,1,1,1
1E4VJpypETnMrujDNKvqqYNRrxgtGwcVj5,1,1,1,1
1E4auRAPefr8yskbKwJioKAvhT4DMivVg2,1,1,1,1
1E51fUQ8n3rL9CTXmBtpzT9ZDJF6dDBCm3,1,1,1,1
1E6NAZSGGkveozk8adegheofp8UyUv93rY,1,2,1,1
1E6Z1D5R8UaK6dHyiAKuaBqZJ3Xquih7vE,1,1,1,1
1E7ZUmZ3GzZWXsfd9UqYf1T4uVLaTSynQ7,1,2,1,1
1E95qCode9hXj3wqqtAVZKH46mehbVQa1y,1,1,1,1
1E9A9zVax1Woe5oQWFZJoEtFzz2XP2pGFX,2,2,2,2
1E9FsvMSRoyKZ1Fa7Qwt7P9gmqSA8CsnqG,1,1,1,1
1E9t8XZVY6GoDCuwFVGcFxDLNXR6vMJRvR,1,2,1,1
1EA6qH1m6HWsDiEwh89x1KBbvkkJ5hf61r,1,1,1,1
1EBLFtbr7jb7FBExfuPDxnufevZF1oS1od,14,15,8,14
1EBjD7rv17UgfzaLM96xJMEc3Zg8xTkmh1,20,20,10,20
1ECahcLd1h32Hhcob3Y2BLpgDAsZfGkCJc,29,30,14,29
1EDixmseHuMiSpdM57BK8VKWnEvxk2zDXu,1,2,1,1
1EFxb7Qd2uKKVqUMu2d8srybxQfKtDAUDE,1,1,1,1
1EGdS6mJnoFmhTFSPKef7KrdHcxd4tsnys,1,1,1,1
1EHEcMUjz1b8CRBoe89zS7Dc4f5w5qyjyo,1,2,1,1
1EQeHcz5YHaQqxD2YRAGHLA1oLQouUD8dp,1,1,1,1
1EQpmaamTwSTUdQVgmjfj43bZATNQkmLqy,1,2,1,1
1ERULEahf72hLtjpqWzLcAwvJ16hmjoZZn,1,1,1,1
1ESbdF6ACUgGWDe9fvPjeisQRNLWvzPJtE,36,37,13,36
1ETCtkkLhz1tcfS5NSoZRTxzQ2o2qdFsC1,1,1,1,1
1ETTuA7QKML5DxLmJmpa9uFU56yzTv7HJm,1,1,1,1
1EW4wgXz5UUFzfVQPKuf3sHfT7WSmuLjbQ,1,1,1,1
1EWC1cmEnhCbq5xdjVu97waA4niYE25dVV,100,101,14,100
1EWLbUmHQ4YQYeM5eqGVWWnVUeViwD849G,1,1,1,1
1EWiyMMQakS5sugdXofzHiejbxfNXm2Vtu,1,1,1,1
1EWjcjvPd1RQ5TuG2MLxe2WvJpmJe2HkBK,4,4,3,4
1EY52ei3zEnYNi73zhAivGW8m5ZT9j6G7D,1,2,1,1
1EZLB2X6jUSnKxWv2ho9XeBSuh1EyZWHXu,1,1,1,1
1EZXt6NmxN4HQeQD3Tk3FfjJq3o8Ls9rYn,1,1,1,1
1Ea4tqoSrZEwUGWAmvrdPq6MVWjSqkpufu,1,1,1,1
1EaCeWRVxvWHw8eBUafo59k4XZaN7uBf6D,1,1,1,1
1EcAqXoxvxqzqjnFDw9rN33RdJZvxaFnaT,1,1,1,1
1EcTcVGnwmbEnfC5toTGqx2m6XrDMXWyW5,1,1,1,1
1EdSRpM885roHbuao5m7woGXzXvEAPZkGF,48,51,14,48
1EfrUCVjKoeRXsRVSnWyMTS4HPkB4jv2Cz,13,13,9,13
1Eg8HLQBAGYweYL38gPW8YTboafgDuHHrD,1,1,1,1
1Egp49RRQ4xEbcgCLtxeRjkXs8RdmpJZD3,3,3,3,3
1EnNEwYy1LWvGq1qZt5RSjVH1Np8pXu9hu,1,1,1,1
1EntfX1LnHYNXiH6d4aWGHcAuoY6Gco4so,1,1,1,1
1EpPdzU15cG9kGUGZk2TnByWDBerEVCBxV,6,6,5,6
1Eq1NyArU6jbyQfafM3HYkiwf5jysZcWHf,1,1,1,1
1EqmEDqHG2UXnsvRNpTS3Scm9VofEevFMB,1,2,1,1
1Eqy3yTkJ3Q8C8Wehj8i2nnKzVyvPCRqcZ,47,52,14,47
1EtHYdrwv5eDEEAVY9tQQfCzucP6qUGUAE,1,1,1,1
1EuKiLzjJRPQpxKiLRghHEjMknsLZ6wfY5,1,1,1,1
1Euxu1yZe4esZ2ShXtkpWqzbSmemHeVtW5,1,1,1,1
1EwxN9yVNqAj4seJLMeKqUy3uFFUepjVgi,1,2,1,1
1EyB6S615AyYE8nXiNSFFufZdwaCJvQb2Z,14,15,10,14
1EyKytSbE4SzJ5bhp3yi5HTrv8wzsTm3yh,1,1,1,1
1EzT7Ere1BkLYZ5ZPdXEhJn3c84eTBUvEt,1,1,1,1
1EzhDKsMV6fmJFzU37o6evQ8LZqUNzvV3W,1,1,1,1
1F4KPbMV6wRvtNBRHhtrtq3Bx8D6kirKpt,1,2,1,1
1F7Kmr3E4x9MQXg1h9GnMc2ABvdYAHJRXH,109,109,14,109
1F8AmYeHimuEMRRmirGAS8LCDcUEgA5DfR,16,16,9,16
1F8vp5VKweWnUP7FzWqwkQtBeuiXCYkbsd,9,9,7,9
1F9o57oedMXcZKjBSKmRFG6FkRPsgJ2kmF,1,1,1,1
1FAtve7ixTQdGTN8STXquUb6PAtEUrX9Ji,1,1,1,1
1FB5AjzvxXEVkJR6aeU2eBcmkBot6wcreD,1,1,1,1
1FCYY7HyPiUJRdhmTPpHYCZV8cT1ygfftq,1,1,1,1
1FCfgFwVXxe88eqtvuqJrgZRCzpxwNMsLm,1,1,1,1
1FEfA9dbFCK4PtfVQeirUmNFohGaNnAY97,2,2,2,2
1FF4VLf1CeFHSo3uSX2ySBJDZnJMAp8Nc7,1,1,1,1
1FHAfJF5FLD9DLL5FX24X6zw6cdziyKuE4,1,2,1,1
1FJNswn4ETMVuQEYgu2v7iToukuAbvhKmz,1,1,1,1
1FK2uwRxcN4Vz3v3xqu52oibqBc96nrcnC,1,1,1,1
1FLJxCYLwxVEsurphXnvhYKZVmnoYFsXNZ,4,4,4,4
1FLZDZ7VmBJgM7nh2QjmXMsf12WmVpiHZV,23,24,13,23
1FLnpFKWX64CZCwAbqZ1DJeRh8PjyC1iYv,1,1,1,1
1FN76ctkjUEf8RfWp8o3USj1WkHJXPSJ1w,9,8,6,9
1FNpZzzKi5ACoyWq7j1XgMPkdau1XTahgY,1,1,1,1
1FP4Ma3ELWMAQd2bQfbKNRVXhsk2FWvWGS,1,1,1,1
1FPnLz1kUSNdCv9ijH3sFinaUcJbNj7bia,1,1,1,1
1FPrcYRak1pe2sp776CeYrxYnv36n1jW2g,1,1,1,1
1FQPHMct6ZoKVfdaAogavPRY41xbE2Ahra,6,6,4,6
1FRxCpn9G2BQeafVPTFUG5HhvJVsvhVbbn,1,1,1,1
1FTPAGHsj1EghrGGpRibgYd5eGUbmzPUvj,28,31,12,28
1FVADEaUn7F8R4nDM4AF4jL5cnBD8hWMMM,27,27,13,27
1FVTGXF16MfEuoeiTuouSvoxqHVeeVwGxc,16,16,9,16
1FXWKtpKhYj3kcAqQPAJyRNViDp6eB3HeS,1,1,1,1
1FXYNCrTxFsPRDkFeM7pi9qzJrhaB2J8fE,1,1,1,1
1FY4anra9hS2fGA8fEbzgoS8chgUiDoKp6,6,6,6,6
1FZL9wsCoaUC1iL6t5KB3qMwbCjPFomodz,1,1,1,1
1FZwPCwyU8wv4qyTAzQdx7w3gaE7VAX58i,15,17,10,15
1FaXPGBtSJUyrVk4LZwpHEmgMQJjEVYF14,1,1,1,1
1Fc1kHtS1qUgZZDAzs4oBJNSjj8EaTuM5A,1,1,1,1
1FcpgV3FayCKTXiyLnmce9s3owuyz37n2A,15,15,11,15
1FdJ6umAP7Ja1qVUTguj49VsAz6LENZAeg,1,1,1,1
1FdUjew1pKzhgwhhfWCm7XF6groZyQnrhc,5,5,3,5
1Ffh3bhHEE1apqkvE1dVtTtp2ZbEqiu5zT,7,6,5,7
1FgKusBeTDniDuqbTDAXTRTWzD6SrRaagR,2,2,2,2
1FgTLmqUwVVqiZ7GFRSpGCxwrDAeDiDxFp,8,8,6,8
1FhdFczhgr7amkTo4Rw95NBazxJw6xmm8Z,20,19,10,20
1Fiqq2trwFktpiyUDjAwptsFZmYt5q3nJs,1,1,1,1
1Fixz95MS8mrQ3pJSQ4aVuqUe779zvAMcT,1,1,1,1
1Fj7daMq459ucPmqLgC61Ka8pbScbgG2Nf,1,2,1,1
1FjiQQ9pfFa5aHZz2ytcH23rShMaBVPAdE,1,2,1,1
1FjmKKpMauFZqperyszXYVfyUFtN5njxfh,1,1,1,1
1FkNghKHt7ucX1h3rD1VaLmnfUN2zhFSjx,7,7,6,7
1Fmc5hmQxPb96qgT1EGRvA9MVVaaVaVgSN,13,14,10,13
1FoNkS5BbqciMNkiRHc9MjdkrmJAPMRb8X,131,173,14,131
1Fpmq45Rfn5JfnoXdcxEMFj9p64qwS8u3y,1,2,1,1
1FqS5zy7pjaXpUj3GDRSyqyvWxwXaVq5Hj,1,1,1,1
1Fu268pbdb123nKP7zUUYbLFdz1zViCVCL,6,6,6,6
1Fv3rGiWK2hYvTDbCCmx2WagWCmmbunT5D,2,2,2,2
1FveFiqSfwVB1saDfnchKNDLgFSY1CnEy9,1,1,1,1
1FzbFfLAWxM1EX48Xp1mKqgsTkL3emxxUo,1,1,1,1
1FzwraipuFZhtxh8nDsT8a1iKS2kB4x34S,16,17,11,16
1G24NN1HuKH15JuHWYkGDZpXigPPy1CKJ5,1,1,1,1
1G2KzQfdtbDzW762kPz7Q2zvm5YtgYvGpe,5,5,5,5
1G3bVembRsupfHFJg1wJtmhWB1gpVUYt7s,1,1,1,1
1G67HRgobtMQx6duqHMUZAtSgAsxcJzj8X,150,147,14,150
1G989M7sGmZHsApZMidJ3CFKcHxA7U1mEh,17,16,9,17
1G9Nx45QnXBPhirWfmSnsR6rpe2ayFDjyW,1,1,1,1
1G9XQhgA4oJtgDwY2sQJXs27BTpYrsLwSD,1,1,1,1
1GAYcud2Bjqmg5yhV5EvhPzFN2m8MBbwJC,45,42,13,45
1GDF8MiHwrPh7wKHD4ubj8TmLta8Fe6XYQ,1,1,1,1
1GDa1HeBJKWcvrcwKMirD8pkobFhkUTf2T,1,1,1,1
1GEMRa5Y6422J9pYnyTcARgwHesLK6YK7f,10,12,7,10
1GEVvNvsNL8DLSuFTXwuvJg9nhMxr76KmB,1,1,1,1
1GEYRySuEavGuNjB6ijQvHnbD7acUts4tN,1,1,1,1
1GFY8KHVzg6LitjUuUiqksiYBePnbqkz7m,1,1,1,1
1GFiknpcBZasBpYTnZoemD7QGVv7E8qCA1,3,3,3,3
1GFm7FsbhjDmpTW91nUptRrcmNjBPikWk4,1,2,1,1
1GGyFmKQXGy99HAHkTkKPRaFFyhZUrkVXJ,1,1,1,1
1GHUU8KVhAaQn5YaWCVKYxqYT48JUPcPDk,8,8,8,8
1GHVrJufEZhRt9U7AYz5xMt5vCYaFG3AXR,1,1,1,1
1GHzm1UqGWBMb5T7WQoAiDe8UfZLZGqjwC,1,1,1,1
1GK7DGLH3c15fUhRxZPgomCKumnmWUAnwx,3,3,3,3
1GKywrG8a2eHNFZGPUxZch9UuzDcYQUZpC,29,31,13,29
1GLYEpb2ajruR5RFhST9tBmGVSqbhZsGeP,26,27,11,26
1GMGthXVd4yQthdYeJ3Ls8b5chgaqYyjzi,1,1,1,1
1GMzeEpQ6bR6gccxyUw4ApJTMkWgEuz5B2,1,2,1,1
1GQFKKxztVy3cqWgA7epfa2nM4yrh7ofTZ,1,2,1,1
1GQXxT3wR9V9ojfFs3r2TZbmmb1XHpupak,1,1,1,1
1GQvYprxTtgiGqjreDMd5FMpUtn91oaT8w,1,1,1,1
1GR6V6mHeFRA3T4gLQ3xHqQx61gYHdWkEP,1,1,1,1
1GRfw1DqdsxqTWpwwe1fktBXabEdLpgfWs,1,1,1,1
1GSTdfo4i8N9ZR3aZjTjDKtzQMDnoU8vuM,9,9,5,9
1GSxGM2x8ufCnhyAG6rDAYj5Hya22KAC8W,1,1,1,1
1GU4wNxewP6f7nmaSWyPNHw5pU1V6EifYR,1,1,1,1
1GUCYqiJBxdKAw1HenmMjgD5HxC4nnLGV3,1,1,1,1
1GUN6YGpaQRRwgWuR2AaDn7GmducqRmU2u,19,18,10,19
1GUaCVNaEv88SsKtDgQUV6FJM3HikUtxAo,1,1,1,1
1GV3jbtKb8F625pmDPKcG8RdVKiPZuwGiN,1,1,1,1
1GWQCkwoitrWrquuRicSHXMAfn9zFbpPB1,1,1,1,1
1GXXKVfiadqHdiakgm68bHsxv4mzsETsAK,1,1,1,1
1Ga1mnM9ptiGyd5hQgJdFkJMDtdr9Rd8sY,1,1,1,1
1GbtfeRvi2ywNTFLZu5yPmTWMtBmtySDfS,1,1,1,1
1GcHXPLFcPkcUWhPVQfK5X4VR8t7pffnU6,31,32,13,31
1GfLXAGqVuUEYksQEnnjzbxNbL7i1ZFbk7,1,1,1,1
1GfoAuB8WnwfYuvkmHZRioi8vUo5uHTvXm,2,2,2,2
1GgNUKKE4mR1UndUDwVx5F5LB4Sgzv7Lrg,6,6,6,6
1GgVQt7evtxDod93berXrdq6HABJHQyuNG,1,1,1,1
1GgpReDgGZ9tBUaW1ZuoGXTi3axjmoJPaV,1,1,1,1
1GhVto648q9x4NSFHdTrqksrEJGcRGQ6rH,1,1,1,1
1Gheyygtf45Jk7oxsPginvqeZRZFWfeuoT,1,1,1,1
1GiXRMMPhcEU685VxPz41fmMLhwsUtUxy4,1,1,1,1
1GjRDxHLaU3GDmMXM6fcyPLWsZLfRaJeAt,1,2,1,1
1GmRL6w6GxtSSq6hnu1yjJKXa5KbGDyTyh,1,1,1,1
1Go5cPoTG63yVRy4MokTiREdv6eoDvWypf,1,1,1,1
1GrL4VSKTgTQmu3DBEhiTkaiDkUYQ5M5eE,1,1,1,1
1Gs6rK3xjwpVhXUsEuzBr4fm9J4AQMSR2e,1,1,1,1
1GsGjjA2gBX1C5gqFZguE7N9xAexM3roC4,1,1,1,1
1GuQapp8FijrYJqnyKQF1ZrGTXwWtt63PY,1,1,1,1
1GvEHQB7J2X7pnwxVDa3GDqYg1k53T98og,14,14,7,14
1GvyLTjTMdmwX2vLtuMhe5zPtdYGinWD3Z,1,1,1,1
1Gy2sQQ9GtpUf2iSvW9cKd45hJRm3dwKXE,1,1,1,1
1H1U2EfKe6Qn6KpuGT9DYcxfaS4ZYWrFpa,21,22,10,21
1H1mVNmX4igzTPP8vH8zBPVZqsAwtD3iiB,3,3,3,3
1H3ki1ZJPXZB4y1FTyuP9RjTa2p5VQLahn,22,20,12,22
1H47hVGSEBBxx5KCJZwhmECymLPkKCzt6T,4,4,4,4
1H4VybbMD4bXZd3pEYQHyz9Qn29W1KfgUN,1,2,1,1
1H6ggjkKyJZRqoHUGpMtPrFT5k4VphFVsj,1,1,1,1
1H6mbMgLSLgkju21zzhr8k11KcP3GakaPZ,4,4,3,4
1H6pfe9wDkgsWdpTFbri9329kRwik6xUWX,1,1,1,1
1H785UUQSgJxzS4WrE7CN7LTBdC6P76cBx,1,1,1,1
1H9wXPRXK34sPZdLQEjrD6noKAkGJ7nyCV,1,1,1,1
1HAKvAHHN1K13V4PhVuqsxLCu9jzX6ig4R,1,1,1,1
1HCHEh7TCPdF2q6pLj3gdPmdcQghsPXJPi,10,9,8,10
1HE1NucXgezP6gea45LbYHhEPKghn86cT9,1,1,1,1
1HEuJFcwAzjpb62Xd5yAaNSusRA7gya6gi,22,21,12,22
1HJMwHPP27qjeQeT44YpnXcsuigFPvouVK,6,6,6,6
1HK4LC2DC3aVgF8p5mbSKTkyN6NkFCFG2D,1,1,1,1
1HLAUyCPLrbfQSG23Xs4dfn8hVxrULb8ga,1,2,1,1
1HLhYsYCKd9mPvhX2GZJdspip67Kcpc3N1,1,1,1,1
1HMKkVXAcWQPM8j4iWJeRukb3wqxPxE7bC,1,1,1,1
1HNXVtpYVqDenBDbEXWMy6ySVEmeJcYgAS,1,2,1,1
1HPSUHjXb6xgPPnvNtrxAH88wbDczqnHz5,1,1,1,1
1HQoEE1hkyKmKrJ1LP9fNT84WNu5PxfzUX,4,4,4,4
1HQxDbf3t4hD5Ys3rgii3LAfbkQuizneTM,1,1,1,1
1HRFHwHPcxARndM94oxZ3uVqKnK2toraFA,1,2,1,1
1HRZcB2tC9w5MuYPfTZ6KBKSX45uPSHGVs,18,18,10,18
1HTBiTeLwnST7eWggSkHZfEG2Pb3oRACzA,5,5,4,5
1HTMftdiANSUz9pfvVxRxUJdSbHFyG1wEw,9,9,7,9
1HWGRVyVdSzCYqqFc4yRWUbVTSjrPEUjrq,3,3,3,3
1HWbKU42SSNu7kbT5SdmkAD7KhWZDuPmZ1,1,2,1,1
1HWnURnfxYHo7VaWfC9CJzKGeASBoo4Fmk,1,2,1,1
1HXP4fPYVbp5mLcVSGiZXHtU96pAN7vgXb,1,1,1,1
1HXS3zcftE8tjVnKBiT6uMNfHgoeL8ahck,1,1,1,1
1HZurSJnM91bKKpbiHEgMhJWaQp45Z9CtU,1,1,1,1
1HZvtvEt9FUEbAcJ1R2wYwLXHTnuK2y7Bt,2,2,2,2
1Haej4tutZVjDBz2eRdu9QeJX8EArweguQ,1,1,1,1
1HaonQXzSDdmPFbPqJooLTJHpEmHSDfCRC,1,2,1,1
1HbvWAr19CSB6gwNLKDxQrCWiqFDJEivnm,1,2,1,1
1Hc9PwCrT5fJXwshnoUnCAyX3aiJwP3ew9,41,44,14,41
1Hd3PtZftwVTcvPw58a1UbYMgs9tFvdxZr,1,1,1,1
1HdZjoiHPWtWCfvRq1x44oQDj6n8M3b533,1,1,1,1
1HddgXVKFqfuoNfvferpCFKBkRg3aG3LeL,6,6,6,6
1HdrFVQe5CS2N52bX1z6rceArqC5yBp21C,1,1,1,1
1HeuEDcdy5teS76fQPHzENL2Y9cD3MSnvP,7,7,7,7
1HgZvrRa5PJ1yUkgDWFmR6MCijNmpXUtY2,6,6,5,6
1Hi8ggMwCSS1YPAuCbGDnRvPyzV3MUhN4k,20,19,14,20
1Hi94EK6swq6oX6db5G7aACYgD5nQCAPFw,1,1,1,1
1HjdDg395wWfHSmcqWDDJJQkyytzB1wUPd,60,62,14,60
1Hn527E6ui3XWR6GF7LsjkfRzGk9nCsC1B,1,1,1,1
1Hnmko1bb2UXE3DxdHHr1E5vdRJUMz2h4e,1,1,1,1
1Hnp59QTgZQy9gfom2RjBiEDjnzwudhWxT,1,1,1,1
1HqE6tegjvU1ZcmYVY2KC3x1JSFr8f4xu7,1,1,1,1
1Hr8QDctjreBXMTHhtj7aDzTKfDSacCKe9,8,9,6,8
1HrW4P8aUwpASC9DSHoZmcneAh9WW1o7gF,9,9,8,9
1HsVUiW8oTnM6tuNVy7pbaAGEzZ66kwvao,9,9,7,9
1Ht1nkbWio84NzWKcYLAZReusu62YR16rM,1,1,1,1
1HttQuGHHPimPLzpjFcK241Gek9FbNMRi8,1,1,1,1
1Httv85BPsTF6n2af9zjVZqnDtJaoTCrXc,1,1,1,1
1Hvpdh2xGU3MASsEKPKKGEya51jHyRAkSN,1,1,1,1
1Hvqy6DNqcCtLyydKtmcg8aWsrEfnV8p3k,1,1,1,1
1HwY9TsKRwXNCy27v2W5QtmHiuQhf3VCwb,2,2,2,2
1HwhmxPWkUEm2NeAPtiZji86PjxqKreLDw,18,17,10,18
1HxLbYDkD6eBUJLtKXQed9mq6m5M5h1sUG,1,1,1,1
1J1wf3TVsCQ9wUBt2me8McHwDVEfSnwt7F,1,1,1,1
1J35R6hbdb4pAwALHFMqDjrJi4SFscVGkK,1,1,1,1
1J35ijLABKLeNu16RWzw4B8HZmZmL8nuHW,1,2,1,1
1J3MNszLC4hNdtVj11WjPCEqbuy95VvouQ,1,1,1,1
1J7S7C3FmZvpdZHgwJaK6ADJU18Prygg69,35,34,13,35
1J7ggyybgSuKnkHnyMDMvbwd9ViDAFx2We,1,1,1,1
1J8fqXkDtjy6mHbAA4ZJqLFUuCWKmVy4xd,1,1,1,1
1JCpMfuhKVqvNcYX9QtQdUt2trEsmEdDiy,4,4,3,4
1JDpn3YUrzzFCYAJiQodbYGoFaq9HD2Gt6,12,12,8,12
1JGMikmPfJVSgfuiLRdaSnwZ297kiKwLdV,1,1,1,1
1JGV55AV9iLCRhmwQDUadXdMndCekc7iBY,1,1,1,1
1JHs5kr4F3tY7w3hEejZp7UXUA63Lyf2Aa,4,4,4,4
1JJVVQgCTXqFxTUSzj54L9QdaSkH6F6G7k,166,172,14,166
1JKfnNy3oa728e7TaL2gsrhK82kskTt2ne,1,2,1,1
1JLDdgo2s1pJftYtL7X8CMD6HvN5FxcCVu,1,2,1,1
1JLX5TubUmStX5ANGLKMKLdqmiXRgm9CWs,1,1,1,1
1JLYWz9FhZqMpjuBRs3U2BnoJWbjws2UNE,1,1,1,1
1JMuYB2DSVDQfML8AiuizZWUetPgrahogg,1,1,1,1
1JPrFEowYX6ikJW5FavBmjFeauVnnVgKEw,8,8,5,8
1JQ5Rpdk7T1ufrf5TNeGbGfHxTbzuFwz35,1,1,1,1
1JQC1oAubXmrjn5N8MbjuT8wC6GPLUUpok,1,1,1,1
1JQW6JP3WhA4XL7qgFgv7hferkXrhktV3H,7,7,6,7
1JRGgVzxARFdo77hYKkzgYj8gxafJy7V3D,1,1,1,1
1JRYWSYLVTKrWMYxNoz3ZLnM29QMRKtkfE,1,2,1,1
1JS2yDsXnBVtkwsmUuUEdmzQ8gRv42TtAA,10,10,7,10
1JTMxEQjwEKyVmnvjPHdb2QntZep1Dqrws,25,25,11,25
1JTNDFHaZfaM6TupHtS46FwwWaCoeWNKaV,1,1,1,1
1JU1ydeYryEo7XWZArsyf7EmUd9NGb3H25,1,1,1,1
1JUQJnMXvvPn5Ly3SSGQeGAkpkkdoG9DKD,1,1,1,1
1JUXULr2p8QpD5UBRPjkuzZdZkEsgGzfwx,1,1,1,1
1JUcgKRx6CQS6swss3grSNAE1UYqXUN1nJ,22,23,13,22
1JUwRsf27UBRhW2RmmWehEL9ESHNBsrad5,1,1,1,1
1JW7T8yA5SwDA1j38VrrgAGxzPM7fg4Xuw,1,1,1,1
1JWsYBxNvgR3Ug4bunKPp8vGkGTxrhCeU3,1,2,1,1
1JY5jPjudSQHJz3CAe7Tg7J76D7d6aDsQ1,5,5,4,5
1JYC7W1n8mhDXg8gMWT6iCGP7ZnUv2Y1JT,1,1,1,1
1JYq2jv2PvGuVLyQgZpoGxNN1npry2Lm1o,1,1,1,1
1JZiL1kvv8XaYbjAMR8UKUeQ2skJn5USrP,1,1,1,1
1JbF8YcsmS8px9E1SpfJQPyNqe4fXCUNNm,7,7,6,7
1Jc5aPkJx5sNTWvMxVLWeM5PF4qb1a8jZV,1,1,1,1
1JdkWXB5r52HV84empuQd8tyP6DGYxTwTR,1,1,1,1
1JeeMsb4PF8umPwdkzht4Yu9ax2uzhHZZx,1,1,1,1
1JezmAzGgZseC2KmBTVyNGcdDokh3iDeTX,5,5,5,5
1JfStTEk3rTR5P5gawmTZfU3dmqJFY38Cs,1,2,1,1
1JfV6RdaeekWopVbhBEN4zwyRzSE9qmpLX,9,9,8,9
1JfYcXeXcgit5tJ1ayAPRuighYHFuWNSbb,9,9,7,9
1JgCcN4sZPPq5erogtHcivhjvFwwfmTAqe,1,1,1,1
1JgsT1UV8SuR7iMJ6WnBKEBhQbEvbvAfgW,46,43,13,46
1Ji5EthWW6hD8CGrf7isXThx3fY2pXevkH,3,3,3,3
1Ji6EWknS8b4PPcEb2uXzsrwaqbTazTarx,26,26,12,26
1JiCSo2CPVUaRcHNTFpS2dpCxQV7ZcEEsC,3,3,3,3
1JinSXq1Fq59pMqsE1tVfTXmCGLHA4wDdD,6,6,4,6
1JkLfyawTsYZtJfSc6wDKQfEzksbNg7ZvK,1,1,1,1
1Jm7qa5kqqTD58tSgYsRxMtkfaJGeNEsRy,1,1,1,1
1JnVvnbVsFLgRKzLysrkp27NGsYTwvs2KH,1,1,1,1
1Jo3brk1Z8K8AojqedmAxVvGtFrUtPnAAG,11,11,9,11
1JpBNUMnWMkSkkKsdUEUMpZs3yqS2dvGxj,1,1,1,1
1Jq1bQsR592S5TESFGvhyaHSVsXJxxj4mS,1,1,1,1
1JsDFkw9M6cKMaideDa9VJVU3cKQUqXoVE,1,1,1,1
1JtSDt23zt4s9nn1UEemAAKAzfMVhjgr2U,1,1,1,1
1JuesC9xBihbUMC37aQjWXmU5kuNj8Xoyz,1,1,1,1
1Jv1ashw6Dsxr6Wzf9AC6vyPPRTCUzz2aG,1,1,1,1
1Jv9vxuzGHJ7kekZ6zirGvZZYhacrZMw2M,1,1,1,1
1JvphvWc37iRERtqMqPW8h6MgUYzxsvNsK,17,17,9,17
1Jw3acQtDQUrEZTZ7NkNp6SA16Sgz6B7jX,14,15,7,14
1JwMxJyzA3bosGNuRgeg18MX1c2kyJzT44,1,1,1,1
1JwaSDdvUh9KjxfSh2bnfSKCDibFxNgss5,22,20,12,22
1JxFaMVrEkxeau2fUz72qg13BXMixHFRoL,1,1,1,1
1JxWNFodi1EpYRT4ikLx43DbuWk2rcZXjw,24,23,13,24
1JxZzsr5ZPVjv2wMpqrK8HzMvuBKdaimaT,15,15,10,15
1JykkYYwxNvw4yW5yzJJCefZ9g6rPtbtNP,1,1,1,1
1K3EJmCLPk7duk85cHuSbpf17j6hQSUqUo,1,1,1,1
1K3QJFTEtX5eaQEu1beT6yuSzVB59gXPxC,1,1,1,1
1K6FvdoTeauWSNDPfraFFeR9URm7Hb2BfT,7,7,5,7
1K6Xp7arYVPFZkgE64gEsu57vB5LJaUbWv,1,1,1,1
1KBM2GfTkSu9mFAEqHKrbyYiD6wpfFXHyf,1,1,1,1
1KBuYe8diq7nWpg7UVjtUJAEH9dM1FZmho,1,1,1,1
1KC36b9a5S176yLBafCGVrChPW1HnyHJiG,1,1,1,1
1KDfHC2TGeFaKaSuQjP6oWkZ56LW26ybGV,46,46,13,46
1KFxwLZKzEv7nVqMzp61BcvYFW3zzT24Sj,3,3,3,3
1KH5fCWBHRcQAwegMLZ9HLDtSuWFn2mfFR,4,4,4,4
1KH8o3YhYpRH9pCY5hhqYeBtA4quTnc14W,1,1,1,1
1KHAHjFYiToL4Vfx5oDZ25122yKXHYFfne,1,1,1,1
1KHgce8q5LTiDmed7ZvgqqszdgKukjagqK,11,11,6,11
1KHriDKdAFNJompn7Jg4DBkNXLtN8bKSAH,1,1,1,1
1KJJ9DvonUuqH8Tt54G8nBTt9EVQHxb9CA,1,1,1,1
1KJhp6pdJGYMoLHY1Js5kD4Paq77FiL26m,1,1,1,1
1KKGKK4pzfNWBJM1V3YpVfqyao6byLFihd,2,2,2,2
1KN5fk3CK8AZVtXP3K8BrFLC28HUBioEzd,12,12,9,12
1KN7mVH3pQN9qFqyw3cDWp5cPpCFYcA1Pv,1,1,1,1
1KNESo1zpvNW2Q6HqbewUmtVBMBasScMm1,1,2,1,1
1KPsa5ksryMaoTjDyVTNHvvhs6vENZg4Ye,1,2,1,1
1KQsbKDQy73LAWqqDK7Aog6QcjPgJhWwcd,1,1,1,1
1KRuHXfgZa7pNVNV141h72nXy2HgUpD8yj,1,1,1,1
1KSFgSTjz2KubdYmkj5nRvmW1vTFzBetwn,1,1,1,1
1KTgsZxgmW9LnBny49Hnrnxgs8UMpdurhP,1,2,1,1
1KUmtn7XbTfFzuB2s7tHM4JHb1pXgyqLVH,11,11,7,11
1KVqmTTeYWM5GhNPEvLg4DmuAePgU4P14z,18,18,9,18
1KWajWNcLcv6cYNh1HSJEBXdLPWDtV5pLd,1,1,1,1
1KWmCgu3JRebNP9wSFH3eLqoJRZbGapRqY,5,5,5,5
1KYJpPJa2nAAi61sZCjFpNsabnZyrzUoSK,1,1,1,1
1KbaXE7S6Lz8h8CPad4JvqrWEvvdYDuJgr,24,24,13,24
1KcFwnGxRGM4r8A2hk9CqyrkSwicz7sr3K,1,1,1,1
1KdEGYabY4D6YL9KrCZDCeqXJyMWxSpCk3,1,2,1,1
1Kf3uQozidgiZxjC9tXM4ohK8brrUQMz9k,1,1,1,1
1KfUdXTr7C2pzTqjYbf8x4uzeierXN667f,23,24,10,23
1KgTNJWq73cLwuJhKE1i2BU9fTkHDCWWG4,1,1,1,1
1KhEyUYUrNz4RygUpFbQ8LvQpSeR4EVuSB,5,5,5,5
1KhSqYAjLZYNk1PUzSSQ6Z1GC3J7FAQYBL,1,1,1,1
1KknP55HxqW9tXRx3UG7mMTRLFxsc9hNbs,1,1,1,1
1Kn7qqsYDTDNoXeHnZSmi4VwJcb9wK5BpA,1,1,1,1
1KnU3hzG5EnmMvpDoawBFv7s4JEsVkx2Ca,1,1,1,1
1Kp3fDuyBrjuaaJ4Z6ixtFKaVGZFua1C3t,15,15,9,15
1Kpe87q9cf6ySksQn7KruSWzeHMZpeBgzU,1,1,1,1
1KqNC3zbEout2z6FWrzmXhxYRMxKtSfRGs,9,9,7,9
1KqWmwNHTZK3W9zkzVxLgg6qqoikP36eVM,1,2,1,1
1KuwHmG8zw93AwbCGHukV2HYpwfNg2xoQk,1,1,1,1
1KwWKAdgsM1YgV7xTUa9kSJj8PYcGXg8mf,1,1,1,1
1KyqKD5GQQ77zJPW5UoQWvoTN1CyTqbZf8,1,1,1,1
1KzmVVnprLGJeQpu6k9fe9tDStAEv69Gpk,12,12,7,12
1L1YoWciM5fwLyWTuSk4ppmufz6YyeLxRY,4,4,3,4
1L3RoaRnVtr2euuHLv1ahUwwAXMQb5mnw5,14,16,8,14
1L3hMAuk6sW9d6t1nAytYvfNeW6CddRmWi,66,66,14,66
1L3iC5p9GzPirAeawXMRPSqhKbtTu1GPtb,7,7,6,7
1L5QwGQtso5JW2VqmvNJbMQAyU8j6wia7S,1,2,1,1
1L5XHXvraL69XNmRfnhgD9dEmxTPonRbnp,1,1,1,1
1L6Vk96bBPQL2V9r2Fu3A5FjaB3qiD1YD7,1,1,1,1
1L6kHdArGNzQUx1tvdbNci5yx3YNbZ9Rwz,6,6,4,6
1L8CwxxGantmEDKDP7wpnRzchqK5YE4WVE,1,1,1,1
1L8kTzJCmDbVozMTmsYUM1jSAM23njBvEq,20,20,13,20
1L9HR6XKg1QKGVyM6MEpiVmSNi75FJcQNj,6,6,5,6
1L9ZgYzjzS7MJFDpwYUhdx6U23RQEouu19,13,13,10,13
1L9pXUeYG66y5DQNkj9Hh467RZefpNL81u,1,1,1,1
1LA7D47rAp2pL6maBSuhYa6FJkWbujHg3j,1,1,1,1
1LBybwE39uHVXUuaDhn955cRMRjLVwGRUk,1,1,1,1
1LDEqTTafznpjxuLEYGmEyhqSMMefZq898,1,1,1,1
1LF8ijF37E2dBGL9hCEVEQvCVxB2sNRKZC,1,1,1,1
1LHCac6NxNap9QKT7TacZ22SKsExYHdQdq,1,1,1,1
1LJMoAnimnBjtzPSgu9amf1D9EYtxW2L4B,1,1,1,1
1LLMnBm6JNARM89zYrW2y33rCyy9qvKxeV,58,53,14,58
1LLnqNBoChGS3my2Wdth8mj54rRYJEhebG,1,1,1,1
1LMAtUJMQw36ySXUNFuwQRjEw1VQWs1aJD,1,1,1,1
1LN2nGbBahzw2BUKXbSHf3ytbPD2xXvv2q,1,1,1,1
1LNLXcjGNsP2bqb4Es7F1jU6H3TVQ44uH9,1,1,1,1
1LP1MQzortvw2dotm574rJUVNHYkMsegnk,1,1,1,1
1LPWDu6mFvDesJPemyxiQgUAxn2P4GMrsD,47,46,14,47
1LPjwEHYqLTyuUdevrT38uwtiP2AMfma99,1,1,1,1
1LQdv98L1ecKUbhy4ooEs53nvAEbiRSDGk,5,5,3,5
1LSa1E5i1b44DZK6rX8xTJswKudmikDXFz,50,49,13,50
1LShSLfnQKMZdMJnZFH9bhTKmbs2oq5W58,12,12,9,12
1LUQALrBcs6hWkBgAXYyvRuiENqnTNMFdi,32,34,13,32
1LVCeefr8TxFAHq8ihbkfMmTnDTKyLrFe2,19,19,11,19
1LW3oiEjG5ibnsKkEv8qCMMfmWYpngVKxK,1,2,1,1
1LYtcjVMqEBrvi4BRvLDiJakqL8zvBmBca,5,5,5,5
1LaeGp9PptznM9RqkdeJc9bNBMUCBqCJrJ,1,1,1,1
1LbBMsvxPBHLeiRu9HpVsCg2bTsprrgVQ5,1,1,1,1
1Lc8DatDoUhuX8Y89Jo3ALEuEFX6GraEbp,27,28,13,27
1LdDyBhwXpxeTTPusJPMK1ZXUikXNhRLEX,1,1,1,1
1LdTugHz4Mpcp84Tkz6uSw2ArQCEugNQfA,22,21,11,22
1LdzYS3fPtPM1NhnAR2Xyc8xwhMgT4Y3Np,7,7,6,7
1Le7ESMPSCWSQoLvuUWYuCNYhYEs5fdeXN,1,1,1,1
1LfAiUfMsmUBUMteFhbJJeQG5eT4DisKz4,1,2,1,1
1LfiZftDJxpNcEHQwCDECBy3GvszbmDprS,46,45,12,46
1LfwtJmFKpTtJu3VdPvVEattSBYuvnvA4o,1,1,1,1
1LgT24Ytic3A9nJuVYJpsVvgV8QPC2u7EZ,1,1,1,1
1Lgofidx8PqdLMJQWpbMVjSmjWckWu8e3G,11,11,8,11
1LhZ9yrUZLVnz3fY1evqLppzzZR61utNnt,52,51,14,52
1Li7HGRQBrpadSTmmwD1FDL3qkuC3sK1TE,1,1,1,1
1LidD9KtkuAHcdJfLLNwdJVCpkoS957gPb,1,1,1,1
1Lo2XnwoaS5DyjhJW5w2hKv2Uv9fc8ieoD,1,1,1,1
1LqRW6tiue8YzqHnsHeiyo7Q2qB9pUAV5B,1,1,1,1
1LuBFyRiayAy3WbFqEEA3S662D56Vpg5Ym,1,1,1,1
1LvZBcZSzGe41mhADTSn4E4bg8rWStLCci,1,1,1,1
1LvhNjAeGVT1xUK44A5PjDVWtkTQd5SdpQ,1,1,1,1
1LvxidW1gBwmh9vPMet8Fke3zJ7oMR2Bnm,1,2,1,1
1LyNp4xHdVoTYRw8SkHJbwb3Gvc7GWTHfN,13,13,10,13
1M1n7kqGwwV4KoHJnX3ppSfrNqSjx6tHvM,1,1,1,1
1M2X15nGLqdCoQTzn4JtxiANBNtsqQ68hW,27,27,13,27
1M3zakskyDdqZopTjQ2wUPtxmp6fvRK3iJ,1,1,1,1
1M474ihs7AHzcUDPCqaRoJt47WUutgThEM,1,2,1,1
1M4G68T9miYdrmPJzmkBMQiazBAeEMNBmn,1,1,1,1
1M5HhiavexCCHPuJ8rWuApnwDHZcE4zxyS,1,1,1,1
1M5mZ9wZrh4e3wGZu4NzCY6jaXpmjquQec,1,1,1,1
1M6q8ynSrJJHm6RmXnPqexA8AwnQMukc7Q,1,1,1,1
1M7Vs4h7SUqN2yVozdtnhxHnrx51dbGL9U,1,1,1,1
1M7WmZ1sQtgLafVzUMRxQQhhSVmM6uB9rc,10,11,7,10
1M8DRGmZU3jh4YQSoCTTKtZ8JCuy4bvULw,1,1,1,1
1M95ftXfsgDZZqg2vpojoQo2TBX5GMq1Rz,1,2,1,1
1M9vLbvfC8kED2x7G3unpn2kP2UirFxDiM,1,1,1,1
1MBcVj4ijUFbePJV4rqiKHAZGuKhTdXRqA,1,1,1,1
1MCABsHftckafma87R54UMh6Ek44kxfGpH,1,1,1,1
1MCBZbZtLYGqzKizP6hgAoohMtm7k11YAL,15,15,7,15
1MCWnAZfRxMr4YKbLGMV7ij8xJ9MHWrvbv,1,1,1,1
1MCakbfSrV5MqZghCwZLjMFuSZ8qsm16vZ,1,1,1,1
1MCj1sDfdLosNvFGLB1oPMqTtAbRxfP3Jp,1,1,1,1
1MD1m5JgK11HyS7KrcEq26tpfMb2ULxRDV,5,5,5,5
1MDH7Cfdco38VFLEPfvfF5kUSrgvaRkH8i,1,1,1,1
1MDuhroufxbXtZyHZSrFD5QeFEbj62tV3i,1,1,1,1
1MEK2Cke6BorHuYYtpdwourZR9Fw9xb2Hj,11,11,9,11
1MFkUZRpWUQmcfaUmQ98Fy9Q2PFsSEUVST,4,4,4,4
1MFs9FcbMP27FcCC9zHKWr1JnK7d8a5SKm,1,1,1,1
1MGDb1vpAus3q4rMSwtgigSEzkd9KSc6eV,15,13,9,15
1MGN3E4Np5tH7vQC8n6yFii39TnXfvi1UA,7,7,6,7
1MHPRXkUMNEMGbTWGweejgUbDLqd5hdTrx,1,1,1,1
1MHgv4qpsxpnKu4obQRiBPEHHSnohdWm1d,32,33,14,32
1MLbcwMjtfwpyeAtuNaSF1MvS2PjEJEryA,1,1,1,1
1MM8529zUxGSwCWwEbC6r72RiYWZQk3X1m,1,1,1,1
1MMiJbyyamedcpbZTTVter8BdfKgLz8ZFH,1,2,1,1
1MPmzJ3549frD6fdiy88zg11BgmrTptBoY,1,1,1,1
1MQMszySEK8fmgSqwoLy6pe3ZgCSWJwU4P,1,1,1,1
1MSADArJDg4A6UiqZ6oQUkDnKMvqHRrNex,1,1,1,1
1MUViLC8hDiS2i4PhFAHaeb6mYpx43hbL3,1,1,1,1
1MVGpKNPCgot2suA4ut3qwp9pxTppUMi6D,1,1,1,1
1MVJgSkHVnhYLbdp8CCBbYVYkWadaxnYkK,8,8,5,8
1MYaudNKn6zCv1y3U2iJTPNpgAaK6Evj4t,14,14,9,14
1MZjTxZQEMoJMykh6nJ6Z4KPh6ARRypNdJ,1,2,1,1
1Ma81ifXdqis6TmeRx7AVyBW65mUM6V75N,1,2,1,1
1MaZn5386esS2gLfcCPg8q7q1edMCie96S,1,1,1,1
1MekDUFVV4HLBPyTUkxTWJ5H52cRahpQeR,1,2,1,1
1MfRDuj27k7aw7xBe4eqFRQSh4pDUPYPqe,1,1,1,1
1MgCg1hHCoKywLLfXN8vMYEVFkWVgzLJcW,8,8,5,8
1MirSXjKJxxkKkAEBUSk7bxhkpyLXMYaGC,1,1,1,1
1Mna5YqgSv6BGYGGMbDNE8PUn7FqamyEKK,1,1,1,1
1Mp2Midg1Ns8dUPJBqYEiE1p7J9fD4NHHR,1,1,1,1
1MqCpXisB7biWFT3oWmCFwN68ykn4MZgpx,1,2,1,1
1MqZYB7L7dTznvHxpbX5fb1f6ZjDLMzPwf,4,4,4,4
1MtVtb5TAsaM7U1YdPYG599t13pP3xpRnQ,23,22,12,23
1MuV97fvwNrv3TdhhQiXPUmd6U1FyqVz8V,1,1,1,1
1MuidXFZjUUiUpPxCZ7VEiTfGz21eWJ3ZP,22,22,13,22
1MvamN62wmx6ZKwHef3fXJadtngiNNnY1r,1,1,1,1
1MwQPtqvMQbq9QgmdEMZzgYQMG43NmrQik,1,1,1,1
1MxGB1Pyv523xnatj5qRNjHe8cdMZqzzKm,1,1,1,1
1MzHz4kypLQ24Cy142jngGuL4uoo4NXZFQ,1,2,1,1
1N2dzK8RGWiWqNEfKBZgTP6m3QC9KXW1Re,1,1,1,1
1N3XrQJqxNHSaJszPJ4ZGoiM2E9vHsZwCj,15,16,11,15
1N3Yv8Ba127pBDH3z1cTmYiNyCfTFip4MA,1,1,1,1
1N3y8iue9GhCJGuGLkvBRqsXYomvfah6fb,33,32,12,33
1N55LZFY99TQQD4XqCuX53xxa5safr2CxM,1,1,1,1
1N5yeCvGUfkhhLCd5SeKf9hTXi7TWS1p7U,51,50,14,51
1N8FQjd7FzKaVQCGWKYQUpa266WUgFths2,1,1,1,1
1N8FY4PM2J6es2FqHJ6xaFe8dNiqv7fwRW,1,1,1,1
1N8rTYVHBZh1XZGw6r8gYJkG1Gg2huLL42,6,6,4,6
1N9J6Dy4qVue9h4o6GHAFZCab4QcmFDVa8,1,2,1,1
1N9qDvaj2jAmVjSJEHSxYTkHekEunzHK59,1,1,1,1
1NAyAfEJ4JWKqiyPrdhqSe58BSQY5e87KG,1,1,1,1
1NBPqbeqN7bn3qKyA79aw7sMZcn96QHaM5,1,1,1,1
1NBv2Bac2R1pWpDYvjmM5AYsJrRifaMkm8,95,98,14,95
1NCi2jKyiSqYkDwBDF6UXdh3XCQJBgSz3e,1,1,1,1
1ND6KhriGR6GWCA6WncsvsVCgx55RUxaX6,1,1,1,1
1NEjqxxDxjiFP5X2oFiwKXUd6GsxdSP9qL,1,1,1,1
1NFMC7rRUFV4hyHXMb6rkNdjvE8Vixkdsy,20,19,11,20
1NFTWz4gk5Z72EXt3VKFwaTrYt3ic4A5Cc,1,1,1,1
1NGBfhRPDUGQxqEXNMjC5Pk5ASBVVDm2PE,1,1,1,1
1NHeZi8ccCFLVQDkCEhyCNfRuXWE3aekQ4,4,4,4,4
1NKPWQsJJxCzPtHMPpdbygNRVXwCDxTAoy,38,37,14,38
1NPDNwxywS7v1dWHFVpPaogZZnr6UQstCV,1,2,1,1
1NPDwoScetrzYoqKrvvtw3afiSjieQU3JS,8,8,5,8
1NPUQAKJHDAdyb4kwp5zTW95QrE8eiy7f1,1,1,1,1
1NPV4DyiufdBFpHtnEqaE365BGvR8Rahyx,1,2,1,1
1NRAzWbWwYC1L9Rsw4XqZ4snbeetB56TWT,1,2,1,1
1NTB4ecicCP7MdVHd4ATXKZJXb9YCQpTUu,1,2,1,1
1NV4KLQ1MP2RFRS9ehY8yfSczGWj5iGTbP,1,2,1,1
1NVBMFJW8TjTk72Z47mmwatMwhQ66c1N3u,1,1,1,1
1NVT6Hw92ezE8Y7BS7yxQQZNePz4BNDAdY,7,7,7,7
1NWaPCUqx7g55UvQeeFwSoqhDdiT6x9oqG,7,7,7,7
1NY6K7KbfmT1kwZA3idKoBgYa7LKcjxG4T,7,6,4,7
1NYCreDJtwvtQFrT6WeJTuoMLVh4UGEFt3,1,1,1,1
1NYw7Kk9bxjsVBj7f62ZZns7us5rgX7UJD,1,2,1,1
1NZKjV7ucZjghCJjpfoGQM7U9YJfHgSac3,4,4,4,4
1NZcMRyPudxUSigMJMQbma21GEGndK9H8f,24,23,10,24
1Nagg9kvaiXnfBcarZdmFkL3QKB27HpRih,13,13,7,13
1NceYfJd55BgRNTcverpDmog4GmPSCzhf3,1,1,1,1
1Ncv5QszNWPJZumKH8kV5KtD8cwjcqfTp5,70,61,14,70
1NdQAA6od33HGffG6isnK6ziPn3fEtevvL,1,1,1,1
1NdfcdSyyJiSqR8Jy5gCoKviAWfM8oF6YU,1,1,1,1
1NduDPRsFDQwrJAvCFJZPaiQPjdctLtJFa,1,1,1,1
1NdvXEhMYfZSJRMKACYu6WANoCwz8hLqn8,54,53,14,54
1Nh8uqHE3CFoLSuqh1VRvY3yBGCPvPEQkM,6,6,5,6
1NhFY87GhWQuyRsjrdZmRKrSGYXTtd7ysX,1,1,1,1
1Nhw1FoWrPr8nLxRTCnoFxM7HVXsNVfqXK,20,18,12,20
1Nivgb3o1YeeyonhaXQpN1v2qAjAVQZtrT,1,1,1,1
1NjynLSMAEuUNHGXzpC4JGYe8yNMFVjBGq,1,1,1,1
1NkFzrCEqW2uvtwCPYuEFgP4PSdzUa97YK,1,1,1,1
1NkPpqLkHjJ6GVfgJw4abiwBFDGsRKH7TG,1,1,1,1
1Nnq5xepsi9AhXYNUjoDjUsZvaRhJuJg1R,5,5,4,5
1Nob8C4BH6GuYxTMJpe89WLLUaSSzLefUb,1,1,1,1
1Nod24Zx7oME8n1u5ygnUTx3QNCtjBdRz4,35,33,13,35
1Noek2XXgnTWsA44aAqbnve32ztvdfXtfQ,1,1,1,1
1NrKpCiCKbGcv9QkQeUTZ8S6QF8sL9Dig3,1,1,1,1
1Nrd1mfLMTmrbTZhcwtgNpCpnfgyL53LMW,1,2,1,1
1NtNB6W5u6FdHkkHMmggDUwdt7ugsPjZHE,1,1,1,1
1NuuE3ZwYo2oNKhF8hq4Ugcf1NGwxJEnzc,1,1,1,1
1NvSZVgssVYeYaspVoFRZP16Ty7sMs4xPL,1,1,1,1
1Nvjjq9XAwbiteBrBD81Wio9Ay9bg4YPPy,1,1,1,1
1NvwSrYahkyAGhdSWnPKGEYHDQ23co6YaP,1,1,1,1
1Nwgr7N1ZZcMVADgRV2T3aTHaaWrRxHVF9,36,38,13,36
1Nwv5STLBCR2HkijfzykzMxP7ZoW1KQRpn,1,1,1,1
1NxJPkxeF7TbgKHmD9NXiKwLjgkEBo2vdH,1,1,1,1
1NzR4Ty9EaEZvU7sBwtp7jHsCxgRGZVruq,1,1,1,1
1NzTjLJ2ayJyPKi45j3vUY3MbMo9jtMeJf,1,2,1,1
1NzzSmWYFcmNdZVLhpkzCzEZRCQ8jwQX5m,1,1,1,1
1P2tvZCHNdZSuf8cWTgNSJQVd1tsEdbLiL,1,1,1,1
1P4YwKdVU74dsukTZ6tfEEeLebiNqrk6CE,1,2,1,1
1P53PH7v28zV4Y8S1m4z6GA5M2ZhvEJo3g,1,1,1,1
1P987YfFmu3hvkng97GaaCQN446G2uuGZ4,1,2,1,1
1PAvUEt3mk2wxZkpTQzZvEf4uqqNpwRBZo,1,2,1,1
1PC4HfqSMmXaf2c2UqaRQ5ac8zwpm3mB7i,1,1,1,1
1PD8WhrzhgV3Ejrrfjm3AuK3AGamHzRdkf,1,1,1,1
1PEVNfHftopZV984z7QDwEw62yrA2bzLns,55,54,13,55
1PF1d71mtJNeawSyFMMMfy165JYrprUx9z,6,6,4,6
1PFQcbGdWt7w9yPtL5uMVYBE9rX69gCCin,2,2,2,2
1PGErfVT3gKLUmH97xfdX7MMgLs4uHuXNw,1,1,1,1
1PGR1sHDZbB5TJKGVyXmqHN8Shk9rfpgdq,1,2,1,1
1PGbDPpbBkuR5LFT81xYwcVEoG24foKUHq,1,1,1,1
1PKmUUdLjaicJ9CAa56HwsnGN1i63JK6Kv,1,1,1,1
1PMCqE3vWWdL9FeJFU5epUzsUpfNsj1QdM,1,1,1,1
1PMyCMhRn5de94E4o8MaKN37YJyHAxQqSE,1,1,1,1
1PPKaYYURXgBTBxK4Ug5pC3BVkkZj75cKz,44,41,14,44
1PRi7aF1VmMEji2Z1qVhXJSDbH8BVqo4uZ,6,6,6,6
1PT5mZvepA7RkjnKSbeoTDcmb6MS8L86f5,9,9,7,9
1PViJ4vAzPdVPXBmdsby1bwWcZNv9v1Kky,1,1,1,1
1PVnh3k9ttiHjTugABLuRdRM78cYXsgssp,1,1,1,1
1PVw7KcxbZX2uv3dyXcPmKsAEkX4adEnsm,31,27,12,31
1PW2zBRcJfsqqyPfhxAJ8s9LDY7aq2cVx2,1,1,1,1
1PX25KanPitQJUjCAhiNFvXXfyWGFwFqxe,1,2,1,1
1PZgpTsjgoL5HZkbP9c9KK3naG54byotMC,5,5,4,5
1PZuf3GHwLrFYGcjoNiHTRnfdPeyDeP7fa,7,7,7,7
1PaGF6SNTHXXKUAhJmyBWeBCrc8kLSai8L,13,13,10,13
1PawqucoLUKpnngSv2T8XgHbgAAsK4akqC,9,9,7,9
1Pb5w6frrXNsT6Qtmzn24v4Q4DfPXZrMmG,1,1,1,1
1PbsnoyMBDMYP78mC3vPWs3xAgstxSEncc,1,2,1,1
1PdLNuyHPZWRzkA4LoHrLHDBoJb7jbUFAf,17,16,8,17
1PdRWn8MswKEvNbyAKTvHSYMW8dY61T48f,1,1,1,1
1Pe3VbQh7yZgw53PzLJZm7D4ENEuBAQkxi,1,1,1,1
1PepSjfhRGB7KTN8CinHWzTxVZDPnrS82v,1,1,1,1
1PezzPEJrL7aUXhU8KZs1SwhtCkEaX8XrH,27,29,12,27
1Pgoi9pDdhEVopzkTRz3TUw39wzufk2ZP5,1,1,1,1
1PhNqt8YNBFu1PddfrN4Bq2VtG4NbrdE22,1,1,1,1
1PhmYVhdEGopDb48YWprrtUTAAtAwUkqvi,1,1,1,1
1Pj2MaqwwuqPsW1anbh9Ra69AcYZE1SBme,1,1,1,1
1Pjk9NsB37LQEARgB4B1hhKyEcYdf5b6Mk,2,2,2,2
1PnC27GMujTCZ2CtQM1YJWDSy7rxLeM4Mc,1,1,1,1
1Pnaezx17ci7rnxk9i9fq42gEAAjQMLcY9,1,1,1,1
1PokXLERM4UkW7GtU52z1mmAHUQFvnfeY8,2,2,2,2
1PrFnk8fqJxkyHT7d2C5h2CTSQrui2q7uc,1,1,1,1
1Prfi3Sq9jvuBafL9Pf2ho3uYXpr3HWyFe,2,2,2,2
1PspND7xTMm46vt5EFeQSnSR3yHKKoCPhC,1,1,1,1
1PuY4SeayB2eJxHgaMiHn8hyfYHqH5x2mS,1,1,1,1
1Puek9qSTyn4j7HcoTGANuX1pm6wMUZWWG,1,1,1,1
1PvQEXi8njLxmfXa7d78FKg682SUjKLGce,1,1,1,1
1PwFbeYrypqbyNsH8iSmaC88ENPSfYxfzs,1,1,1,1
1Px1CoFwXWDM4YUdhzJ5gYAtoJiMGtku9W,1,1,1,1
1PxMz5Crv11eFbvhYjssFUxF8FpmbS6hG2,1,1,1,1
1PyByf589upS8wUncqX1tc66Tc5aXkmV5Z,1,2,1,1
1PywPDdA8BNUwo3Ag9dEkdtKuATnQqRm6j,1,2,1,1
1PzWrUVGM1bhF3fh1ZNMeTVsFND9gEGVas,1,2,1,1
1Q1FBQawsqwZj6A8L2iY1eP48uWDfNXaVi,63,59,14,63
1Q1Lhqie7F9cCmY9qQscEei9tdSYS8BU9C,1,1,1,1
1Q2sKriT5MXtiF92tewRFM2epaS4bbacna,1,1,1,1
1Q3kbBob6rhzxi7Ek8AfL8MgaMxpgcb94e,31,33,11,31
1Q6JY7m2juNzXmbMoK688wSFfREBm41L8y,1,2,1,1
1Q7HwHAzpxCvW5tfJbkR6LUJmwiekTJWKz,61,66,14,61
1Q87vWtkKG8eDpWg1ad625ndJ6r1nqnvLU,1,1,1,1
1Q8mkEkBUMGtDNi3tYo3WQcbVPdc5kZnZk,1,1,1,1
1Q8yJJptY1xYcrMzcbgHuVy3HXHHfhnv51,1,1,1,1
1QBUBVF2F3fxq7Pb2kkC1kYuEX1qAvacXn,2,2,2,2
1QCr18cda6mLStsnUJM74yDAeGr6UbtzST,1,1,1,1
1QDMhYiwysVw7pj2YLJVhrDvx9yzv9xQe2,1,1,1,1
1QDbjcwbX4RRSLsUQtvobkMStPEe3SHqnp,1,1,1,1
1QDjrPVdniiqsFGetC2Qw8cNqWxvyxVDcj,1,1,1,1
1QFJdFQHjodFTcbJenoZ6Yu4YNbjo1Fupm,9,9,7,9
1QFXsMX2Z3hXCX61PvFzBvSmGqN8ppMxvi,1,1,1,1
1QGKpnC5Es2Vd9JUMgkU1cxNN3s3tVER81,14,15,11,14
1QGQxc6XKd21uVAB5aVRzpHW245mHycWtg,29,29,9,29
1QHHU3pCHCqBR65uTuXu9NH8hbTAnZi2B7,10,10,8,10
1QHjJBNwkrXmYEwT33jrJdYxYoybLMYhA3,1,1,1,1
1QJJNMneN4toLXvd5wXgYFiAoLanctDtat,1,1,1,1
1QKA1yL441bvjrQAvw75MPHupQoLemHjhU,1,1,1,1
1QKkwd4vdYhgg62iXDRZiGZEk3d5awnQ1M,1,1,1,1
1QMkuzJDTfurz4Qo2MQWwqf3vw3CAuSjnQ,20,20,12,20
1QNRSeYnEVspp2cw8J1pmdQxUb7K6XX7wL,1,1,1,1
1QNeYWVNsv54ATtuCr1vjq4Nabreyku7j8,36,33,13,36
1QPViB59gHXQhth2gGnPn1r5JnxWBtkcLG,22,22,12,22
1QQKunqFnQDji9BsUvA8nU9v9n7nwaKfZN,1,1,1,1
1QQgZeTZJ1G2EntTGGHrKw37KKbZcC8hzD,25,27,13,25
1QQgfGbNsA1eKNfQu26AHfLmXByzLFQ47A,1,2,1,1
1QRbG8RKtSuFq33UAuEeVdkDBFEowPjv7W,29,29,14,29
1QRrQq9PDZhxRqhXeG3KPqwyJF2fCxEmke,1,1,1,1
1QSdmSpLiV68QoP73MHYtykCAMgpMhEa6Q,1,1,1,1
1QTcwRHXZnkzbgKknk18vba9rLMty1SrMx,1,1,1,1
1QTuVNjMMy3vCkavq2pWYSCs5yiUXw8FED,27,26,12,27
1QUWwaV6YdWQpfGAHsAEPDiEtRrc98RnQk,1,1,1,1
1QUqZzY9QrvQ9YAPSjBDP9Gk7KV6pPfgGj,1,1,1,1
1QW5TtU8CE149MThUjJ2LxdUKU8tij34yB,1,1,1,1
1QWDfVmZny7nfLPwCbDKgfZeGZ36HibGib,1,1,1,1
1QWXUW5zJnc9uoyXZxLnkn3gkpw4ECa7TQ,1,1,1,1
1QXFmsf2jFxEoqKASEYMSbdRRAV1no1Hcf,1,2,1,1
1QXV98DSbqHgXugtGpbVGPATSAmY5eH4LN,1,2,1,1
1QXXt2rfZwVawqgbhtrMfX21SPCZGVhakH,1,1,1,1
1QXtk1PJu3ea3u8a5Wco6YkFoboZiu1JmW,4,4,4,4
1QY5uNwH5HKGWMuF4bywUhBNu29X7VRbPF,56,54,14,56
1QYSjqoT9ej5DuMuiWpGQRpfSFUKVLJzb8,1,1,1,1
1QbBKJBbb1Dmq2mAyfzs8TAJk1NnMHvQoF,1,1,1,1
1QbucHcP3z6RjysFVx4m4x3u8fJ5aWLGkE,1,2,1,1
1QeE8X3GMqXzCoRDsedB1WzvFL3zZDnod6,2,2,2,2
1QezqeDzTLj1A37vro5CTgNzcZv25nKFbQ,1,1,1,1
1Qf9ZYEWfqbUorcbSjBB7ZeRSpP4Fa7AR1,1,1,1,1
1Qh6UAJGCwKkxLVnQv1v641KSpDkAY7yaA,1,1,1,1
1QinFh1LKbtfjRCVrG9S9MrKDHxmSaHsa7,1,1,1,1
1QiqYSM7PLePjMqD3XDRWGEFg2ZZwc8VWK,1,1,1,1
1QjqsVCAvje6ZGtCrvnZpgCZ7sN2vaCc1v,14,14,10,14
1QmVobw3DkVkZV9JFhUzDioNLYqcZgjmhC,1,1,1,1
1QmfCpG677yuRBgaEafVqSpwRdFNGsZfGW,1,1,1,1
1QqQhCFcG5bf7LwVGaTCMGLFvqKKV46D7E,1,1,1,1
1QrZt3YhQPRK3z8yFK2jQJxXRQtCViqMeZ,1,1,1,1
1Qrr5hTLjAZPGTfHWZEUdWhwpXMLUEs4bx,19,18,11,19
1QtzCa9uN3doFArDsECYNhTY8fCfmmh3wc,8,7,6,8
1QuREBrSgQsN5x7HomyePMcfai773AporQ,16,16,10,16
1Qv5hmct678W9A5ZD219Lj4dQM15zf2TS3,1,1,1,1
1Qxuw4nWZT3KfZZEMif43VEgEuUSW1EFpp,14,14,10,14
1R27WjQJcjTBVrkdJCZzRU5LKhXkinHnUu,1,1,1,1
1R3RYL7zWRTqmdfPEcR4obGR1JhEYCiqWm,31,31,12,31
1R3UvVK2hNmYau1KFGcCGRz5Mno8qZkNNL,6,6,6,6
1R3pgDEwGgoKgBu4HVYq4C4i6UmnQJSDzA,1,2,1,1
1R42L2HQraZS8JZKC5FHiKBgHjYktCtcuX,1,1,1,1
1R48JfyyY26fWhQkNmivUxEYaTn1WwmfQj,1,1,1,1
1R5cgYRciJfB47sAPm8a5kEKxQFWytPrJJ,1,1,1,1
1R7pfnpKV7gmqsnfZYxif7pQuX5cKQhUkT,1,1,1,1
1R92T7ebcPMDLttmQHkNMqezRrihiHiCxH,2,2,2,2
1R9ufkgULmc4VPGbmneztoptTJeEdyJakv,2,2,2,2
1RAAi3XHJ4A6DqCzFLXVQAer4DLLLwWb7P,1,2,1,1
1RAGKvM3VAULhkbTreH3kr9dgwrcX8VMfv,1,1,1,1
1RBxqWc3K1gRixgz1PRnkQABcFfgv8dH87,1,1,1,1
1RBzDeR281fAHYsV8yEGvNa716XfXERTVx,9,9,6,9
1RCgR47fh3UQszmgsn3Hpi2ShEQUpD7BL3,1,1,1,1
1RDm6BwwHe59oi2CgnwS2ri4D68afT5Lio,92,87,14,92
1RExs5yPGRgTaE4ZTj9rsMWjjG6gBkUTEt,1,1,1,1
1RKZnvsFp5EtwEhu5V2DmDrUYEPnh8VS4P,5,5,5,5
1RLgatxZG4qWsBCM5urG2oVpKD1L8dY129,5,5,5,5
1RN4BHn4tjc7jFJHZPuguSKrBhX68cZAGX,1,1,1,1
1RNLRgbsKiyntqjb1Pzwvk354Z7S2Y4714,1,1,1,1
1RNYoK36QxJAxvwcSjkmJf2aEc87CaYB5p,1,2,1,1
1RRnuBdGCXzEy1vWoAX3bodWvMgVuEvCKr,1,1,1,1
1RRx47ZZRWyFqw9CmnSi6365DGSW1cdrwo,70,68,14,70
1RSQqGa1dNWFbGdwFmok7H2DFD7EmAkm67,1,1,1,1
1RSUgn3aAnvtJxnMBfR3Z25at2H2bHLav6,22,23,10,22
1RTxfCTinCeVePuF7Td4zMEihW776EvfjZ,1,1,1,1
1RU5FaLC3fMQoerWyLunrVvAzpfepKLyd8,4,4,4,4
1RUbEaZArdYcTHMu7dXBd9sp5AdBfqfM8J,1,1,1,1
1RUwYhMbjXcue61S9evWuKHc1vgdPpntA1,25,24,14,25
1RWXJANHDxNEJvfAwwxqzddE4Jq2b26dcc,1,1,1,1
1RYMq7thGUFY8RnotWUSpZWRcZW5EhLX4j,21,21,10,21
1RZ6QXtY8JFsyWVynMpQUx55RrjA54Jdrg,1,1,1,1
1Ra3f4jFPCferpyfPcXzAQSJtWPd14mRGD,69,68,14,69
1Rb4Xwgabg9MWQwacQ32LYFkAs7BjDgB9E,6,6,5,6
1RbnDcNpdzpWk9GMyGG7eWq9XjYegfdwvv,1,2,1,1
1RdNCjLoRgr8gpU7Yr6i6nHL1EvYfi3cL6,1,1,1,1
1RfLdZGY5PtAazreRy2cBHmoAU5JJVMrZD,1,2,1,1
1RfoBA3qLr3TQ7j6FtAA6k61xHwHtdZs7s,1,1,1,1
1RhBrb9kkAhWTYi4nr7NWr4wXDmsVrPfEC,6,6,6,6
1RhfVe5868vbTVugk4kX6wd5ehk9HE1Zwd,1,1,1,1
1RkVhGLPvw8Q3Qd3MJuW8U2ekLzwy3J587,11,11,9,11
1RnKF49ij88XqGr4Y6dmKatJitja8chVxC,1,1,1,1
1Rp7PCvP7YDYur5ZkxjzTUUQZYrTSkdtfA,6,6,5,6
1RpW8yrLtDk3HuzddKYuCyt6cGbKwaZF6j,1,1,1,1
1RrtGwMwqZko5sNSBrXCHGK5izq4Srt9DR,1,1,1,1
1Rs6QApZnufe1RJ8tQbWTj79syguQp1kmv,1,1,1,1
1RtDTqfSw7z4zqNGMmxx28hgztqAUQcTi5,5,5,5,5
1RtVQ96gf35gfSbQBgGYZQKgRDHN3cTt6B,7,7,4,7
1Rvh55XRb8JGQFPUfYpwuRdmLR9c1DC2wR,1,1,1,1
1RwwVAEE7tFqyhc8BEWu7urVP2P2HMc2WG,6,6,5,6
1RxDxSmEkELzK6XennYXFdr8fqzhC6GCxE,1,1,1,1
1RxdttJReHn1RmZgPZkKv7v46U3usUVVyg,23,24,11,23
1Rxs33R5du2RqtayFhheC54HcXYBND1GdC,1,2,1,1
1Rxs9i1T6vdrqWAWc9eseTChmk2AcSaaBt,1,1,1,1
1RzMvkMM4Shw1gw6AzDDmDGM3qeZgrAUR5,1,1,1,1
1RzqRiykQPqzPsxUx7h2AEy3QRVzkLkVQi,1,1,1,1
1S1XfsqPdxwqN8SmeHmJPRLC724Q5ZzGdG,1,2,1,1
1S1oGqzNo2s2WQ9XDSCFHuAweNYgbbqXtP,1,1,1,1
1S21NMpXdNFkJRXQ15zj4UqcMVhnbDvBjB,56,52,14,56
1S2JfV2DEmNSSmxEJnCpBJgipbvVpj5viC,9,9,7,9
1S38vVbve7sQbuHZEYpxXPGysp5t2vqz5t,7,7,5,7
1S4bCYGdBiwzjouHDZoopjDSinWvVV3YMu,1,1,1,1
1S4mK7ibz3qmRv1oJZL52pvHFwKvtbNftd,1,1,1,1
1S8pPYrHmJitTSbpmRvDXTqGiLNA7j6K1c,1,2,1,1
1S8rCSHYBmMB9CfdpyAyGsSLdLunGSfWu5,7,6,4,7
1S9etzTVzdQJcYLfkpHPWf2HxiKVEgHKxp,1,1,1,1
1S9k9cjJL58B6BhAKcYe8QPcqtjh61nrH9,27,28,14,27
1S9m6eg2bwQz3Kzwk9gyJhQ4MJjXya2EXz,1,1,1,1
1SAM6wVtGVb2r8DE33enWkuXnnaXNdsxbj,1,2,1,1
1SBvVMib54yMuKRo2Ab9Mb88eB4JagZfw9,3,3,2,3
1SBw1WVJQgbwN371JCBAopagQMTpEAiATr,1,1,1,1
1SCjDeXnN1x4ZXNqi5h5mbzUywDxooRUWq,1,1,1,1
1SCvZ9DsvohX6LTQuryXzpeuUo4cmE8eQH,1,1,1,1
1SDZZ5igriDBB7XEupEM4NX73bpiq6Fpnh,1,2,1,1
1SEnvj1RFnBxwZ3xiUtu7XHw2HZcfmfMJ9,1,1,1,1
1SFCHy5m2iVMiXUYT6WoRj4y17YW3DL236,1,1,1,1
1SFZehSZBYRs6RCaqgt7zYEKrsYhg7RXDv,1,1,1,1
1SFcuVUL6fH3f636PSk8NaAuJmhVCTs7tW,1,2,1,1
1SHcAuVVk5AdS65H6r4ekQSqJPuFo6CUYX,1,1,1,1
1SJMbk6ECryhnaU1dvR2d96h9QKvGwuFo9,19,18,11,19
1SJPiFy6RknsdHGcZyBL29TppwyxAqHyNL,2,2,2,2
1SJgg7FE2yCP37JZKcfxj5KeVUB76agSBQ,1,1,1,1
1SJuy3aogAn18FqNr7p2cX7MKnzpieRnTV,1,1,1,1
1SLmWhj8Axs6APiPP6xWD59izV93FUQWPK,1,2,1,1
1SMkivGy5nERC1h9z9XR6Ja89ZFchFXVPE,1,1,1,1
1SNqPP5zQFPqT7Z22RpZ2Q1nqHnXnJD4CL,4,4,3,4
1SPH83yexdFoxDcnFkvuvauwo9ttdxXhwW,1,1,1,1
1SRKbKd8WQyXos7jJRbr8XNePvpacdL3U1,1,1,1,1
1SRjmsjiJsZK2You1TPkFzBLdMRJ1rCSVd,16,16,10,16
1SSLGYKBP4XSQnrkfTCFfNVtoe8HfeHKa9,1,1,1,1
1STGgpKWoEQXDuuVkxRHGeemv6gUShZRnu,1,1,1,1
1STPhGJzQVHZJzWKpuiGc2ejEbQFHfbzwh,1,1,1,1
1SVC6ErWHfnL87Xxi7yxFFEqq5zhQxXEVb,1,1,1,1
1SVdcjXzcABnZGSqAgz5NFEuHsPjjKAtGM,1,1,1,1
1SWX9cFF4vNFGDNGdfWNV3bTVoibx1LGqK,1,1,1,1
1SZJUcecdmZnhhe4qEPFGgFdAoMVqR9Trc,1,1,1,1
1SaSie5VQ3XsNiKfKoWXZggA26jt97jxxT,1,2,1,1
1Sba2WhQKnBJHVjBqqwEesqUADP8qeeRjQ,1,1,1,1
1ScvBYK37t2RbdsTqDedY3WphLAHTK82xL,1,1,1,1
1SfWgaoFeiNpJUDaaVw4h7CViFepzfX3gg,7,7,7,7
1Sgom5u6KrFctMLm15rspKygbiCue7e1vH,1,1,1,1
1SjL5jjaccxRCXz3ZqdDCwqXaJW2HwNMqx,1,2,1,1
1SjYtek6QFKuQg8n2dwrnBzMUBnfntnv7y,1,1,1,1
1Sjr8s6wRsNSDSeDHW7jxaXaRwnWLnf8bi,1,1,1,1
1SkKb4Q5VvhN5SaY2amduZMYWhgQyVFDhq,1,1,1,1
1SnXd8SVXnqv9B6SozPWZ59n3afddXcNdJ,7,7,6,7
1SoAfQWE9HAbKXuN4qFJjfyQP5mB1fpz9K,1,2,1,1
1SoBxD7JnDVeSUyg2dtgqAGEFzGPy3NTVS,48,46,13,48
1SoNQPR8eJjjhqwN6RZwfztMX6dohRKUGV,1,1,1,1
1SoV3vBygjCSNrr6KCMyQsUAZoBL2LFmyL,5,5,3,5
1SocKXuXda5j93tqkM7KwCj5HuPkf8B2ba,1,1,1,1
1SpEJSxQL8jnuG6vFPAX1y4evW7kHMpSqk,1,1,1,1
1SqYND1MW3mqu9fbTY7j6ujxcvPUzogdzZ,10,10,8,10
1SqZ1dEHxRVtV21YjWuBkbpw8yqotCjVB6,1,1,1,1
1SuMneg9dWriVgu9vUDQmJuV1VuMQ6oVY6,1,1,1,1
1Suv9A8src6p15VenPymiKx7vx5rLzmV1c,1,2,1,1
1Svr7PsnydxtWVoGrkCXFjHpP4yG98EM5g,1,2,1,1
1T25RCWZrK7r1AFnvDZrijooVjjkWHbRgZ,4,4,4,4
1T2FcMv4LaimTZfHhrjthhPqrn18rGe5VT,1,1,1,1
1T5deTFaG1ia2JdJFewMZE4WozCwq4LVw6,1,1,1,1
1T7J5BYBsy1XoNSie4npVrNDkhHPJqaYLc,1,1,1,1
1T7ReTTCbGs1HLmneQCd6opvTzV7esgip9,1,2,1,1
1T8fKxyR1miPCeP7KBgGkuK3Xy53xxjyFG,1,1,1,1
1TDEVDLsmCpXb2qUcUXrs4NuBXbC6WpApZ,1,1,1,1
1TDKodgowNZSEpgkacQTrEL17xAunH7tNK,1,1,1,1
1TDuiEZp7mL7xkZgz6QnLxBvNeRiMYWv1B,1,1,1,1
1TFVCo9Z9GVZPHkNpbwvGFMFT4PSK65ozD,13,14,9,13
1TFXF9rxLqfKcsLrSb7NE2QbXSx7QAkoWZ,1,1,1,1
1TFz7gATns57AQ3araKJbMo6bBfDNihdyS,1,2,1,1
1TGqCGXFge3vd9S9YsWUQwK9w82ymuZwmc,1,1,1,1
1TGroXouuigcBye7c3bt5AaeaRthnhqwyw,23,23,11,23
1TGsv1XFpfr1tWfxL57qTSY6oVeeGdoaTo,2,2,2,2
1TJ3YQPPxcTgcsE9tCWAzBVTG4nF8zxPnF,1,1,1,1
1TJ4Q2pXLRFujRbzjXNnVhvJGeu992rbyt,1,1,1,1
1TJ6iZ6BBLTt7Hti4wmw42Gkjaa7ADCBUf,1,1,1,1
1TJzFDD596JmX59oUQufT7mnnM8n4rriYA,1,1,1,1
1TL5z2DhTLewqyjq4Gn2AcxdF35TWZ5Ng6,3,3,3,3
1TLS9NJ78kkpj2urJd2ptkp5Y5H6A6Zs41,1,1,1,1
1TN3DveYQAetV1fQcd34wrQuLv4xmxmvLP,1,1,1,1
1TNGRyoqQwzEVjVorqgSRFYaAgigD6w9L2,1,1,1,1
1TPW3zZBLyyfctem1DuPmcmcUEpadmhhao,1,2,1,1
1TQv6AgadGGGnSkeGxdpBfZMZTmcjVw5QY,7,7,4,7
1TR6RKs4c7paBntn1VTNHLtGDYZ4Ct7nLG,1,1,1,1
1TRCmKf9dDADEYD31K6BDTWpVPFeKePcxS,11,11,7,11
1TRL7X8eNjE1GjstqSDWBtvzeJXY8uCLM8,7,7,6,7
1TRuGCypNTnS3ZwEpFt2u4NUMW5SUhTEPa,1,1,1,1
1TTFCgKq1EzjYPyaFBSFV5eRBmgGjctKJ6,15,17,11,15
1TXyP8mcvY2xMBDvDGPP6fgUn2DN3LpbWu,9,9,8,9
1TZD98fZMQaoHbowhZXXr6JN3ZvXqLkWMt,124,118,14,124
1TZQYerLre4VnTaBPZpBs4HB2kvw6xiH9A,1,1,1,1
1Ta1HxkTDctxX52HrN9iKB1pZzb1uoctEw,1,1,1,1
1Tbgv1rgpJkDWpLBTKJoqQi3n5KTZPJzij,2,3,2,2
1Tbs4MGh56KmPrDysmGjAvzQkxL7JRnSiP,1,1,1,1
1Tbv6bJbW1RrM9ofhxCVR7dQ6UE7eBedq1,1,1,1,1
1TcHTHuaGwWvZnVL3aynYAwQRFjCJo7Qyc,1,1,1,1
1TdFo8Jbr4WSCQBPCAiDdQSRvmVEUyGrfc,1,2,1,1
1Te66mGUTRpTXnASF4rJSsSHBf1wSP5PGn,1,1,1,1
1TfGRXkGb9ko4EeMutUgozmSPEFUgQ59sB,1,1,1,1
1Tg8irh8gYLjstPoWwoUR6rHGr96dfRC5s,2,2,2,2
1TguZhRWx6gxZffL6emPE2g6N5TmNCue8P,1,1,1,1
1Ti3Q1ctzsJwUwZYb1LPxqVDvS8ycgYmmt,1,1,1,1
1Ti5YwSLVvsUjgUH6HR8cKYGPUQgYQBjRq,10,10,9,10
1Tjt5m6uP6fXLRb6c4xj6Dq9oPKscSEik9,1,1,1,1
1TnZEk4XSA9MMM54Gy5nVKs3rJ2YtPRTgT,1,1,1,1
1TncRosFdX2PZWWt1NXU7xeceVNS8szE2S,1,1,1,1
1TpB4kvQQCNZWyrGb4y4YxdQDkfzp96sQr,1,1,1,1
1Tpg1BA4nQsNvgpfEc6fCYee6hvLrZXEFF,1,1,1,1
1TsgSBphPpf4CSvBX5Er9BX25CtRwKLjZ2,1,1,1,1
1TsvUMZZSzmRrTnLsaMW5j1GDTe6xD6pTR,1,1,1,1
1TtB16wSHQwNQ9DoDpvfzDDtYQ3qqV4zfo,1,1,1,1
1TuggXAyAbHQc22w1YhauN5e6phm4zEC1e,1,1,1,1
1Tv2VcoSHBbGkQuncBiHEn1swhiMy4hQDU,1,1,1,1
1Tv9XhVqkNp9XgeZbn5Mn6CzMvnzXLiTPz,1,2,1,1
1TvZM7Vma72krBfG8wjc8iqHPGsnXmBc1a,2,2,2,2
1TvsNVwGw3kePXECwZVAbcWVtKzM2XyKzB,1,1,1,1
1TvxgqTuLGVqx7FSJ1hTgSpa98WptrZLmK,1,2,1,1
1Tx4urDijFbWd7rJQURQG3r1rkmTwQU7Dn,4,4,3,4
1TxJ6ALbnhSyaNSjvpwn4hc9WBeXYvRcJ8,1,1,1,1
1TyqPThAdSG4FadtaNq953aWuv9uhKsbZq,5,5,3,5
1TzUDMo4NMYmGKUnzRWc71W69GNJPcW6MG,28,28,11,28
1U3zMGbXGu68jQjAzoUYfMQNyrgrD3AYnX,1,1,1,1
1U4Ns2kPTCL9HjEXZANT6FTRdscNxpWhr9,67,70,14,67
1U5bbq4KgH3bqWBuLyWfUccieHjueWrbKf,28,27,13,28
1U71XFSFVRRunw6KYucpjB8NAVHdR3dmvR,1,1,1,1
1U78nSiDJAck3JtVQ51Bo8yyxSTbejeTPT,3,3,3,3
1U9zJR1VmFprkJM7dS3rkAKvYUttA4aRSR,3,3,3,3
1UAG7WqZgk9FnzeiRqL4Tckn6p2enVgSW8,1,2,1,1
1UAYy4cfmnwFJjmnRQs9QYEcKpudCjzjQy,22,23,12,22
1UAgatsbc5WHQQj9ZiZYosoPQTfjjChCzq,1,1,1,1
1UAuc8pZ9HgBC1sMANbkHku8PVJnMZiiTw,18,18,11,18
1UB2Cbapa6ffPBSijG1jpJz3NFsUiVgS6X,32,31,14,32
1UCUYJK1jdjwQ1QumGG3aGwjh8Wwp6LCdL,1,2,1,1
1UCaQtDBzuaCMFwUdtbpEU8JgkGpGxAnZF,1,1,1,1
1UCe3rBddF9UQP6tcGsa1xiSQJR4vjHm2N,1,2,1,1
1UFF3cSiFjRE97K9wE24BYd5JuMXUvLKbo,14,14,11,14
1UFz6BRxxAuLqus2Afs3HTWrCfaKMMtPtv,1,1,1,1
1UGrNcLV8BapTca3PL7iTTdhVD1zEqfQmc,1,1,1,1
1UJ4o8BfsFd19iid89WrriDbQWbiMpdACg,1,1,1,1
1UJXknaHJZXi5Pv2SJ7AVH3sgMBkqS1pk9,11,11,7,11
1UJvwU3MUbS7Dtx54KorrghvoKGoGBYyZw,1,1,1,1
1UL5JCieFbRHgH9gBHdCT3ronCCCs4pXco,1,1,1,1
1UM2eaRzPJyVf8i3SVYA2kAB7AiyVrPnf5,1,1,1,1
1UM9nQWkm6w6ZjHBcVA5JTX7mnmMQLh6kF,1,1,1,1
1UMkYHW46ByPX2BuoYs3jxvsWR1KhJqPnD,1,2,1,1
1UNY4u5Yn5vCTzAvMzsrAyymkpGjAFicvS,1,2,1,1
1UPLZ3PFMWCUhntibViv5CKKtM73zZsqfL,1,2,1,1
1URuftbTvGVpiSj82P7unvNCJF7aFkssek,1,1,1,1
1USEwn9iqLAnTRFFoAXtjhDKwW76TFk6kH,52,50,14,52
1USVtLbbDo7aMTtBpjvTFmruhP5qqA6upm,1,1,1,1
1UTTDxdSHuTU47R1H8dLdg7LG2UY5cC2Li,1,1,1,1
1UUGnQEaMAJoAN3AtRYquFrxwFQYwgyFTp,1,1,1,1
1UUsmaRAMB7gMk9DM3yCi2U4tcDZ3xcwqd,1,1,1,1
1UVLd6huWRoDBmox4jLhQyaewsi7yEDMDT,1,1,1,1
1UVbT45vFKtAmj4eAor1BwfKXA6v1hxpfi,4,4,4,4
1UVmvLaUa5eaBgJgUDxpXtrncbQfdPT95o,29,29,13,29
1UW8WtFpUSDu3e7KmVAWmFV5cX7WXCfyTv,1,1,1,1
1UWJJnfkRDpWCxZtKxjmaFiaeQD6bLtiKF,30,31,14,30
1UY95Kt86C3aJgbzjdTdnsZ2ktUrj5dV2t,3,3,3,3
1UYDLyA4uyf1VNmsiDMqrzKUi6SQTLyfAx,1,1,1,1
1UZBu1EDSLTa4WpkQ6wjMu3H1pZznRMFic,1,1,1,1
1UZFX4ryCKpYRvm726mcobirhiuqZtb8JC,1,1,1,1
1UZX1TU5iRg9RScu2DcNyXiftvYBmni2K8,19,18,9,19
1UZvPZzR6gQSD9Ssdb6WyQGy1JorUtxPYs,4,4,4,4
1UaQ1nnVo519bSduGa5ePdsSGAnyTmA35T,1,2,1,1
1UejG3fJPrA6ZLtTjNt14M5agBhDhT6dXp,1,1,1,1
1UfbJHvvXeW631GCY1FHLjhAi8N8xv4Skr,1,2,1,1
1UfrY3gRwiQEovAAZ5zxhY4KkghsgCvboG,1,1,1,1
1UgNZcDAyEWJJumUqbDWtiStMwXBPdSNh9,1,1,1,1
1Uh6fPeyjH4z7cmYwGJAA7SQvddVpAvNpK,1,1,1,1
1Uhx4z4Pxzm513VahEynDapYbZsUWxnf4Q,39,41,13,39
1Uk4e9FxWaSKd36eP2zq4crwWRnczP2pvX,2,2,2,2
1Umn8KVKRUqaiGcsZaqZVa5BpZZet5KWxN,1,2,1,1
1UnpagDnz4r645zKwwnHJunes3nTbuyz6J,1,2,1,1
1UtHSS4CkUYs1GNcNqwxUPdTEbLprzYQKa,1,1,1,1
1UtfT22W3AFVs5wqu4uTWZfHfAkfpZa3Zj,1,1,1,1
1Uu4NwxpX5RpcVz7WJY3gB6MZ6JmGDMG21,1,1,1,1
1UuSdYbTym5iyWAeE7EGaxjCskSHDRG67e,1,1,1,1
1Uv4aw8paLRno4zZ7c9gtC55GhxefRKULJ,10,10,9,10
1UwdiR4JSfaCwJznAqTFBgybRHLiuZfxtp,1,2,1,1
1UxU3ywVRDwDB8THhhk565ac7xB5vUvxqd,3,3,3,3
1UxrGhBp37fR3CCty2WztDEXCHc66ckA2U,1,2,1,1
1UykrMaW9ctbDFmXfAYDPyQiAXy6RXk1sK,1,1,1,1
1V2NEJJEN4voei7VataNvtqDGSCCgHndVJ,4,4,4,4
1V4YB24njD9CHjLGdLdDwCdJ8vgbjx6h2W,1,1,1,1
1V62uQMegPVjWJ4xBDYRUj3HyYckf88xvX,12,12,7,12
1V6tNTBmyT5PxNbXhjfoywndhkwprUnCXr,13,13,8,13
1V7zJWsgimCndQJyru9BQRMDPgSnmeMbCN,1,1,1,1
1V8ZWx5uzXMW834xVoPaRb6WXG4tV7UAZd,1,1,1,1
1VAeEiCC1thUPrG3hxWZasTrLgzhRFea8s,1,1,1,1
1VAnv3o5MrzdgbZk5W7Dt7dFYJnaBjqq8s,1,2,1,1
1VB947qUPNLZ5hjF6sXoPRjjv19wgD3se5,9,10,7,9
1VBG2VAEDB9eN7wisMAYbgFcMj2gDCuwe9,5,5,5,5
1VCW2FiA2mbYHsAFiTN1kyuo71R7vYyf2N,2,2,2,2
1VDdfTthauU94LJi4bBrTxzjSRbRbQLnRm,14,13,9,14
1VEYTMr1P9Mj3cMWFD1J7KfvZUeUarRuxZ,1,1,1,1
1VEyKsqTn4pi5yWqe6T1TsWmE9iesQSQri,1,2,1,1
1VFRm3ieW1Ectnc2n8cvuHA4KFrcZSntx7,3,3,3,3
1VH48J3DmAMpd9j8XrLKdJFmEbLtY378H7,1,1,1,1
1VKFimxyEHwArgpwsSXRGugAKw8SyEoQTv,16,16,11,16
1VKVALijcyGwbqRMTwd9sogZcxVmgX7XSu,1,2,1,1
1VMoh1Vm7QisruTk29NG4dtrk9kW7n375r,1,1,1,1
1VNhtpm3e2hWFksxzYd1xeHmdJRcLBh3DH,26,27,13,26
1VQJSxXfi1LtvtTk4wBrfyFVAFWcuVkPAy,1,1,1,1
1VRNdUdWFznvtCtmgdSaykyVAGELqmiMJr,1,1,1,1
1VRnzWhLq1yqboWHEFLv1FQDkFTbJVdrjr,1,1,1,1
1VS1GgY3KSEJzrAyKmH77hPLVWpap99JvR,1,2,1,1
1VSv5tPRhtRcdeYNvw6CtBMT3pktosKoa7,1,1,1,1
1VUd21g3UcVRNoRX6J6BZ6Nuk1kjpuViX9,1,2,1,1
1VWhQ6MEP2K7fGBqbTgP4SY65Zggxs3oXh,36,35,13,36
1VY7XSrubMsQaqJH2B8X43mPxkSC7ymeWx,1,1,1,1
1VYpKG2stF8GfpufkwYqS3J5V91Rqr75fb,4,4,4,4
1VZ1MK77GQRez7fDv3Yzc5cxBXfnXMgaXw,1,1,1,1
1VZ8vLhDSQgTyXFLkMdWwmY3uNmkf4N7hS,4,4,4,4
1VaD96BrZ8FhSL5UzViRNsnBLVhnft8w9p,83,87,14,83
1VaPYBd27VrVo14ctqtyrYSoePPZTtBE7T,1,1,1,1
1VbZdSSmRD2SiaAnRuvMfhkqJW15SZi6PU,5,5,5,5
1Vbi11e72VWYv6y91DY8omvEpEywnUWrrP,11,12,8,11
1VcnE2yZoei6DQ3arQ19RbRGbCLN91QdhR,1,1,1,1
1Vgs7TJ3uYAbeM8gq9tr3qZTL6QM3JmRGJ,14,14,11,14
1VhbbWJLUAbJCgn3PGYLrvKD4AbC1Ut6PP,1,1,1,1
1Vhimfr2MbTC3roA9HfcuyVYmum97D7TX9,1,1,1,1
1ViH5rE22Te3ML5CENPeJN4pUiLuKPDTRq,1,1,1,1
1ViojRsJDBqmQVcPmWGQfR42uxBaLqnhJg,15,16,10,15
1VitcMd2VnY4AGUK7HekDZHzL1zAPsomak,9,9,6,9
1Vj2veYMjvUsucgNXU8F3LCuSyBkDFZiQe,1,1,1,1
1Vj4zNsKu1D55i7yLs7rtaJgS84cg5TUV2,1,1,1,1
1VjL4f4oDkhZ7rpqdSULbdS5VpFccpZpj7,10,9,7,10
1VjStBfTdvefc5MadUFd4gGLYybXmaydjx,45,47,14,45
1VjcSyArwQJanrrdwK3xCxXQ4yfN4FYrVq,26,25,13,26
1VjnheJ9jyw2FuCKxw68NPJjM2Tq6tsxSW,2,2,2,2
1VmMBF9A3KzeT7hwrUoNd96JAEeyMPJdor,1,1,1,1
1VmTcCL9vAB2ZZc57ZQaWjHLw2uee5eWhR,2,2,2,2
1Vn2HxEzMbJtDhWgQ35AhF4PxkoDZPPdt1,1,1,1,1
1VnBwsTVPfBVQ6HHizHTnBN2r9kHoLtykc,1,1,1,1
1VpdVJ9VyffMRZ6Y1v6YTfVjsKrGkx1dRG,1,2,1,1
1VpjnqW2iqF9ShttXiq5hHPEyArkoPMNAk,1,1,1,1
1Vqpa1QVNuF1SPgug9vS3Mm18HuiE8zG45,36,36,14,36
1Vqu7hxoyNEEhdTdhhwSrEE6p1tQrqTe49,10,10,8,10
1VrDifjfWCDWpPU2EY16xZSwwWzxUcVvvf,1,1,1,1
1VrQzRNqRxFJTm8u5p8tTGG2RAPxKFtgph,6,6,4,6
1VshRDwzx73QXmoadimtmipDfAzupoTXnY,26,26,11,26
1Vt6PyaUHsu9hAKvj2kX78f4HmX9SJguAF,1,1,1,1
1VtMshg1DhyN9dqAt5HXGqFiVxQU3T1bZg,110,115,14,110
1VtpdptSjCELY1s3w3ACX7eg1wxALSe9Ba,42,41,14,42
1VvmZxomNqRisu5sTKZpsXyhMNyvaZLSVP,3,3,2,3
1VwKmebVu5AXgnenTMsyJVKiCijEWRAAME,1,1,1,1
1VxY2BEbGvuQ2iJ7YWN65XNVtDKCWDKZ5c,1,1,1,1
1Vxtem1PNWQ2U6vtF2rPxugqnXLiK925kx,1,2,1,1
1VzxeC9G26NkhjDeXP6vjAfFhHBFdTNCHq,90,93,14,90
1W1aYQkWrjVhK9HmxwRBP3Pn4bFQYRErac,1,2,1,1
1W9dY6JFK6T2oZ1f4dT7nGCyP8ZDa8sQEF,1,2,1,1
1WAQtuH4zGECNU41DQrcR5Ezg4Ah3jvgA6,1,2,1,1
1WAVYbTEmaT5oj9XsJPn51jpSE9FyBGFQs,1,1,1,1
1WC9tshkMGJ81mi6F1N4hDAa87KS4jVCt3,1,2,1,1
1WD7EnKXYmVunHjesCkPkkmkJ6pnJX2fnH,12,12,7,12
1WDJ5xjEdBzfAUuqnbFNMSwkCgWUZ8kha2,1,1,1,1
1WDMPFSiJfxCfnSbi2Rp6k2F7AoP9fAWR1,1,1,1,1
1WDXC3oQugmMujcKVX4YVnvdCPo1q3s5Va,1,1,1,1
1WFTND6j7LpoPWbMsdc5CZ46bjbAvnP7vm,1,1,1,1
1WFkBXvrc1eu28rG48Lht512nkogCTgP8N,1,1,1,1
1WG2RghhJv12P77buwcCNsyaqGKyG2vZmz,1,2,1,1
1WG3kmLTg3TfLvm4yaUjDEeEAW414y8SsY,1,1,1,1
1WHttGXUaCXVGuaPYeUkzbjRHERdbXDZeg,2,2,2,2
1WJCjrhvciG75sYyCt98rQ5ZrJvC9kvYGZ,2,2,2,2
1WJLMdtyPzw975eZFfXT8Nw8igcsFxkwXa,1,2,1,1
1WKQvHcyoofvUEmGuWq9nbPcctc93YmknW,1,1,1,1
1WL964EGCFYDy7eoHFETei2oPKfKMpQESR,19,22,11,19
1WLcheK2XzqQW8JXGK3DZ4aRdcU7HXN1Gy,1,1,1,1
1WMW2HS6cEKzC9pQoVVbT4TunDd4cP6Hvj,1,1,1,1
1WMhPAW3kAzQAqg6qrU6JwrDzZXVgPRpuL,1,1,1,1
1WPGrRTLEALayUEd1mqYVF6F3XfKrq6a3S,46,41,14,46
1WQSAVsP7kJNCn1JQSMMBHagmWBzMXQn5d,47,47,14,47
1WQypv4sVfUma9fTimD9v229Mx7dak7BZ3,6,6,5,6
1WRFwBPWiUtevo2GfbpbesfS1SefQTvMvU,1,1,1,1
1WRNvdXG3EZ4Tz817x9rfJP2pmU2SxZjy3,1,1,1,1
1WSpydBUNQTphpmifpCruZaWPQbsqMVJiX,1,1,1,1
1WTDU4GojqGkr78NWWkPkSfqpiuaAeJAUQ,19,21,9,19
1WTwdJcZs2Rv87eumLpRaPcCJqtZMMEQNt,1,1,1,1
1WUt481jHbwvhW7JS7pnL6unod2NhKr6gY,1,1,1,1
1WUwwxKVzadXkURCzMrRPYkHmLayXTNBb4,1,1,1,1
1WV4HDfXTidRFvoeU54oWzLyPngy1ZWiAi,3,3,3,3
1WVuZuGnq42VTPmQR1mhkgDU6u94GxDeCT,1,1,1,1
1WWvKD6Uak6WNmncZVdMZZ74gWbKVX2KZx,1,1,1,1
1WY4x96pDWuy1Lt7SqJ9svVKHgdx9BWQGs,16,16,9,16
1WZfNDNx7yrTYE5aeSuE8bNrzWxhtGeJJj,1,2,1,1
1Wa9xHteRgM2zvytw1rrwA7wAJLcEn2Lu1,1,1,1,1
1WbCSkP8CkdgwonBVLXXKrTtuqgdAML5Gj,8,8,7,8
1Wd6Jq5W7C5DdGXNqyrdaAGBf3tsE2qjuU,1,1,1,1
1WdEmMLk21YuopdsEUMkngrze8nATZnJuU,1,1,1,1
1Wepji7UZpD4WYbNb8qgquAutpPaVfwU6p,7,7,6,7
1WguDoRz2KogQsKcgK3hGgDDehGfQ6Yho7,1,2,1,1
1Wh3CYLjBhegYtEz9kbDorEKF82ZpXxuhs,5,5,4,5
1WkPVAp2Bre8mk3BuDivVsVpVMY7mtwoPX,9,9,6,9
1WmLLHuBuMpwbAXdP7QM64WwsyY2gBzjBS,1,1,1,1
1WmaYw2tMUZnmQ6R9A4CHvfATgmiFvqarz,23,23,11,23
1WmmLc3tu6WZt7QDSxANnAQwQfA5AMvzFr,1,1,1,1
1WoLp4kCsXHPGWfUU6cdfDaELgiUWQtRSw,25,26,13,25
1Woep5hzdKo4m8rqvdREmUNv2cxQM9A1Lz,1,1,1,1
1WpayS93CuKzN5K9XPnDubsHUxffaT8Ph1,1,1,1,1
1WreR2DBGvvnNJe487KKQUc5DYoEHexNev,18,19,12,18
1WsWJ4ZkMCf3ka2vjU8HDbchMdzktCZyj9,11,11,7,11
1Wsf9nbqanBhveHQYeMGZ8tLhyfrk3uBHN,1,1,1,1
1WssAVSnyk9xtNgUZpiuwYx422gKnwj5CB,1,1,1,1
1Ww3QywagF14HnojwUT6YYHsJA8JNQQnC1,20,21,12,20
1WxPEnBvh9CqoQnMYSzUH62ePow8GD5mt7,1,2,1,1
1WxrnsdtMuDmP2hpRF1PTHnEC7uScTJRMj,1,1,1,1
1WyMUkXALFGfrfyiG7mePfhuXzFEqqyCyp,1,1,1,1
1Wypw8iJQeJGM9qnUZjT4mt2WfHCGdUDT9,1,2,1,1
1WzAzCKoTmFinLz5y5Bjt7TiiaeSbjX8GT,17,17,10,17
1X5PLprX1tTwkXew5NEHPnNE4UKqGRnPyU,1,1,1,1
1X7xAiZyHLgvqEhsDqjgdtz7QBq79k4vMX,28,28,12,28
1X8Yw4QwgYs4ZD3NcseCJ4CU6ckAEcqAmP,1,1,1,1
1X8joHzj82NkfSa2r938YiSaa35ca82ZH5,1,1,1,1
1X8nHRDAmBE3SSdf13diepLXTfXd5ky14b,1,1,1,1
1X9BCdNJKk3ubHsC2DQotwS58i9MSiDLrj,1,1,1,1
1X9a6dEVDRFaH2JKpnyaxewbGmKvqgKggk,1,2,1,1
1XAPJjLLBtJQDJS6Uayijd2dPCFRAJUpMw,1,1,1,1
1XBcnBVRzDpPQraPbPP3nPM8H1kNhS7rwX,1,1,1,1
1XCRhVxnsH6xwTpWKwsnBYWQjRSs6CZtRe,1,1,1,1
1XDSaHYESpi8nZb1st47nR4ty3Y7mKAXXd,1,1,1,1
1XDdn3JzBJBZ8wBNaaUUtrijWuNE2w4xWh,1,1,1,1
1XH5FPdB9TVb3rJJANUpmdVw1y1qrax2bU,5,5,5,5
1XHW1QwvjUfDvrni9M7CceyB7Pobf5hWGQ,1,1,1,1
1XJYasit9Lw4gReTCJXLYpNke4e8u2qRzG,24,22,13,24
1XJgKQR9f19PJjtBnoXif2Lvvb4racTcaE,1,1,1,1
1XKRbUD4znkP39QkqVWL4mKhsRh2QhSQ3L,1,1,1,1
1XLcJMTVxARZwhibqKu8XPWLVTqAYUswFA,1,1,1,1
1XNVvf77BwF4d9DNtnj7gWJpcjsmAUrBYJ,20,21,10,20
1XQ6jJTcnfAh8bRcJAHHAhDjx8bvWavuND,1,1,1,1
1XRhs8b9sJsgxWR98nXaanqGBP2i2PsSZt,1,1,1,1
1XRvCLhNEac45BmTZnrpdkem3PWf8GhYuD,1,1,1,1
1XS5rTD7Wbhg9AeWxzRmim9dU99xiTpqTF,1,1,1,1
1XSkVRb5yqsEjyBSafHSVVpzSqgsE3vNZX,1,1,1,1
1XSuw4kDhzA5FdznNgS35iqX2ZE9hRA2vV,1,1,1,1
1XVXBAdT52nbMKdxfRJorns4MoBqvCJdVJ,14,15,8,14
1XVg6gF5TMYQM2NVRvynuaT94tVDmGoMjJ,1,1,1,1
1XVnWHFy2LuR5cbTDdzYULeEHqx2pberJc,1,2,1,1
1XW3Nse1erYWueqRcHGTSdXHgC1RMf99eK,1,2,1,1
1XX81qCpHV8DtP5vxmpcRs7NMnu7UFaZUu,1,1,1,1
1XXgmFnRhM8nCBjcBVoNbmMhsMCi4xNhi9,1,1,1,1
1XXysig4LxUtyG55cvC1Hia6Mji67yG5aW,36,31,13,36
1XYxqN2d4MKspRmeq7yX1um7ckXfK36CHB,1,1,1,1
1Xb1b5syYX7MpNAJB1ZT12muJ9kxmca1so,1,1,1,1
1XbRKGVs5gvZ6S5Sy9bEwGBruMzRq71Mmg,52,52,14,52
1XbTPg8pgfgE1HzgPUbjw3tWDUzdUVmkRb,2,2,2,2
1XbjKCyX5oLo5MSyEeBuAZ4TJig1Wa5anU,8,8,8,8
1XcLYQP7mVgEFR19nwSZfBAHee8ooQFnCD,14,14,10,14
1XceYgYZDVHtcxc4BPLHeUZJ3gSR5FiEDb,1,1,1,1
1XdtGUBePt8y89Bf9TXvKgHhSeaAVQPtT9,3,3,3,3
1XduRmgVxQfF7qFysuC429qWW8NEtyrwLs,1,1,1,1
1Xe5soNRRTNSN2Aaen4NTJ1EbnsYHHZuaa,1,1,1,1
1XepVsEMfAmg54jUPJjnmS2RJhg8HXuqxB,1,1,1,1
1XfYUpBSHmuXxd4yJ1R72b7DhE9sjATxbc,1,1,1,1
1XiNTRVW9Nuu83vkMLn8WiZkUJnrjAbY4S,1,1,1,1
1XiVpkmB88yhbTpwXxZZo6jRE7qLeBjrSD,1,1,1,1
1XmA9vJkCpgW3iHhRM2A5ZRr5LkvoffbCa,5,5,4,5
1XmJvf8ShJjYKc9Jg6nBVztnPVz6WzTAqB,1,1,1,1
1Xp2nZZRNJGiqzNuhQ6fHXAJT3vdj1UJRv,1,1,1,1
1XpPTNv8L53NaL8Umhe5VUdgMJY7cf4GFV,1,1,1,1
1XqpBnZqavFW1yVunEV7daM4K9thA1rpDD,21,20,11,21
1Xrvo4CV6wAc2izFWu8g6mf6ApHkrvNzmk,26,24,11,26
1XuBSrTrRabo2VN8n6AqhjE8AUswdq5x2t,1,1,1,1
1XuBxEEWhqV49RDhxnrkEHYNoR5mJ6E1oj,23,22,11,23
1XvCPV9mNn6R1DzXFCi2xFxVURkTpvtbWc,1,1,1,1
1XxttyNTnED76v28Z7GC3pcuTRWQXSbtBk,1,1,1,1
1XzAWkFSdQPLiipr3qsyX8u55CivN48seh,1,2,1,1
1Y1U3hrpuoKjxddJXzUP91NicxednrV1ey,9,9,7,9
1Y2JwHZjHtPcayACwFknui7NzxQMBGa25n,1,1,1,1
1Y2bEbjzrbCi32CazDtWgvRhY4uu4HFCkg,4,4,4,4
1Y44fs2KJ87FVFSVr7b7zhQbRiMiUNrjAa,1,1,1,1
1Y4hiiDaNFdGqKuJnJq9XAcoZQQfWtYXEw,1,1,1,1
1Y73oz3JpKyT27dNv5URDb2Nnrb1WPMfBU,34,32,14,34
1YBkhmRUdT9Pi3kenzHqw5aqSRFevspbfT,1,2,1,1
1YC5PfqL6cYbkiyouKJ4rDyYL3g71SHxJX,1,1,1,1
1YCKBG3Sh23kPveprgZM3Kfc4C49hS4vBt,1,1,1,1
1YCQwrCjQLQ9f6u5VeesrnJLnV7xowanK4,1,1,1,1
1YEpZXQqDeYQqMmnCWwaZBU63ULt9PuyTG,1,1,1,1
1YEsSV9wAhfqa4PmHJZAHUigBqBwquT59A,1,1,1,1
1YM5KWs5P2erPWHCcNYQ8v4va7tPV3Toj4,42,39,14,42
1YMMkWy5AaZ7diKrB4zFfUuuwRbmESLfqd,1,1,1,1
1YPMasAnAP6e1PZMhJZn1JB8sJZKnziBNB,9,9,7,9
1YPZGRH4tBPmT7nPfVSWRfkhHVbxhh6ETt,1,1,1,1
1YPep8Ptqdq4VZkycYZkGrPA4j2qLpHttd,2,2,2,2
1YQZ3zatdmLTEtuEEbzsKfoqwGJkQ6N2js,8,8,8,8
1YRBouGQTbLrG8najuWKBdZYgiPKQxX591,1,1,1,1
1YS2MnL494h6Zh6trDWDoThwMxnZeYMwxt,1,1,1,1
1YSDry7SQv8LfJFpDVZKAf88XRo5Q1Pdu4,1,1,1,1
1YUvvUFDrrfSyFhTZMkqH1Zu1hSknRiHvn,1,1,1,1
1YVV1tZG4m3FNR7XiwcLYGfrmvoSP7aJaW,1,1,1,1
1YVbxf3n6cBPBDme1iKgvzLqLD2b4mF7Jw,30,30,12,30
1YXQSATzJCCDNKQNrEbBVgEV66Sb7776CN,6,6,6,6
1YY95yZsVwHWazRwkwvbTkLBtsCCiQUSUM,1,1,1,1
1YYM1eaEgP6LznZHVXteHjjBXgK7khPpy3,1,1,1,1
1YZ2a1WcW4oKjTMeYb8bzMPFgrx5aHx17Q,1,2,1,1
1YZ5NedCx9Kn9ENDo71GqhP36bbNowPrex,1,1,1,1
1YaZ4H9Mu8hqA2JgQcqKhZfxg69SMtRo7Y,1,1,1,1
1YbDwXVHkkfFJikQRoHWTmKyxk89ChAZeU,1,2,1,1
1Yck2wV8vtuZLeZxayr97vUEqQb1sgAmSa,1,1,1,1
1YeeSvE1DLSWLPcFeV9hHWhVqxP16z3njZ,1,1,1,1
1YfC973MPybxq5YVEbdD8H5AYvAAXX5QPC,1,2,1,1
1Ykq1JGj8JFb5jySvDoz8s1ysYATiYdXXA,1,1,1,1
1Yn9F3Vi34eV4cTQy1J98xCThm1R3RVKtp,1,1,1,1
1YnfbwxDGeTcoUdT1jEwMBcLRKNZwLzQDP,24,24,11,24
1YoHafVyXYV3x85MFV3ybpy3tRkPRAJi9H,1,1,1,1
1YpZ8kRqka2kWmxqeJWAbvseyXoCJtPtFu,1,1,1,1
1YpczFGQKqmgTH2VGsR4PNV7VzcFgAJpRa,1,1,1,1
1Ys8PYuqL9Q3UydBoe4oKV4xZHxr51fiyE,1,1,1,1
1YszRTovfTBvf4o9BwJLFk4rWUAYGctZxt,1,1,1,1
1YtcD6XzwxUJzAsjf4cbriRV4wSv26T9wi,1,1,1,1
1YvNCqZ6G94oefuP5oqg9bKHAkqd4CX1w2,23,19,11,23
1Yxu2bpo8Fe8mSUK1tCYTtK8Bvc64V6v5c,1,1,1,1
1YyCbqwuvZAwW5jSHkbFLQCCMBoYQjybeE,1,1,1,1
1YyEBYagHcJCWDU5vYiiBiuP2fwiUJQpkH,6,7,6,6
1YyHfty6xoF1uVZGmUsxNtgoJ7boWzVpYM,1,1,1,1
1YyfSmFxXUGVUEZXERPBZqFCwoq8RohNk2,1,2,1,1
1Yyp8vkeSGRdw364Fiz2GEMLn8c36djXYd,14,14,10,14
1Yz3aK4Pe2r9CFitEtDcEYYkdy6i69EYtY,1,2,1,1
1Z1VKuvNbM2cijwMR3PPM7AzoAeKznFgwM,3,3,3,3
1Z1tSnmLczTnuVz9gRVxGf8RDYnicnbXNq,5,5,5,5
1Z3k6bDBWjfGRQ8iPT2sZ9qqbsHZYBycbD,1,2,1,1
1Z3s5bZF7WcYHMsHzb2NMKfXDsfS997k5p,1,2,1,1
1Z53ZUE3v9Pz1MxHUs5WJkMxWWTdup1AH8,1,1,1,1
1Z5grqJU6jvUwjaqmU7XKZBw5MhKZh75M2,3,3,2,3
1Z692NLr1ytMLE1Tef68qAF5v3kww53gLh,1,1,1,1
1Z6AhPNMDfcHWg1HAnjhqSpDZVvWU6mf1r,3,3,3,3
1Z7pSFvMuPn3n4cDJgh8eDgMWZC5dcsQbk,3,3,2,3
1ZBwqHuuCzTvXWzcXedHmtboa4pz5tt8c6,1,1,1,1
1ZCqGt4s4y6jZAChcDKYrFruqoxa7ZudRF,1,1,1,1
1ZDTDj7Xvf3QTQBzp9AwKcT8DYsSf7kWbM,13,13,10,13
1ZDhFheRFF572LG7wcBABP9XzXYCHvzzc2,1,1,1,1
1ZDzA4TbFkKpiYA236KtRjuU827XSyaL7L,20,20,10,20
1ZEkf2p1MB6nSAjbWNeBaTsNUthFYVk7ne,8,8,6,8
1ZG9gfCuxCcxTP2y4AouqZfHdRSDoNjbXc,1,1,1,1
1ZGd9niv7B8KqU2EsM69PtQmU51FxvoriG,1,1,1,1
1ZJS1E7cLQuK5WvwErcvvbSS759PjsYrdG,1,1,1,1
1ZKtWrHXYjqGqRnDM1e2mgiffdhJEHcqVx,14,14,9,14
1ZLS9jQoJ5rtYchqu9La2JD1nwuqF7TLY9,3,3,3,3
1ZM5cEa5zrUJSGjWqwZJ11ZXnLR9MT8T8w,14,14,11,14
1ZNMS8Frs3LmP2xgvxdnNFZYGQRmYzMBRK,1,1,1,1
1ZPxoDPa2JCgcxdqXq9781QixZph5WZLBc,1,1,1,1
1ZQ12TZiWKntNtjJqx578iDdBaDFSXSesP,12,14,10,12
1ZQ2j223Zn4SjCXo3SaMYoWgBA3FvGRB3D,1,1,1,1
1ZQMoWrP6BxDEvLqSpxmhTPGaUztaCtfjn,4,4,4,4
1ZQwTCFnpa8HoUPkKYe56Dp5Lbo6STmAG5,1,2,1,1
1ZSCzG2NN8iznPavtHqwa7cHXaSS9Q36ry,1,1,1,1
1ZUWswPzubNReJSmaieKj56wo4AyNu434M,1,2,1,1
1ZVQyUa8BoGTqj74BA1yQxDaDmTdJq2tkQ,1,1,1,1
1ZVZeK7AUXDbBAom5dZeAZkMU98aFn3NNm,4,4,3,4
1ZVuoejrRBGraVa7QtauqDLg7tehNyJEW5,30,30,14,30
1ZWdtnfFfywUFLv1kfRWNENppALz8c1QUq,8,8,6,8
1ZWmNL8BQwbSbLVvjm7MyjvwLASRFmwDZC,1,1,1,1
1ZbT6bEjJHTNwMmSSERsfeBKaCNUhXP89z,20,20,11,20
1ZbfDuN3gSio3BBdK1eXpUuWrCVwNJRH1i,1,1,1,1
1Zbi1pSeYFH9bt3rDEokqvAMKJe5ck6kTR,1,1,1,1
1ZcadXunSSuEgvUkYYfgKa1JjZR9pbb4y7,1,2,1,1
1ZcbDe6bmydpEG6LSFFbB4Rf9tiqoDH44Q,1,1,1,1
1ZdTdidRmGzjVFQVcDNKLHziuDdK6XfWcw,1,2,1,1
1ZeL8Yp2H9uAUGfeBuaJmGVJEJLDR2yQxC,1,1,1,1
1ZecZJwUPFnxHzF7545Nt5oVn6Bss8Gdkz,3,3,3,3
1Zgvoeem9tEuuprq9aRWmzhTskhJvVR7hu,1,1,1,1
1ZhGMaeCdt3KLFi7L21hSzVGX5Hgm2fgaD,1,1,1,1
1ZiA1v9t4UX7CPAKexGTYNbp8Pm1qyywH4,12,12,8,12
1ZiZjdmCmAQpdoi6YzT9rxkyDpqaQWZcEZ,3,3,3,3
1ZiuYT2SGcYkHiYucLUEPxhw6M1z38ja12,1,1,1,1
1Zj42FbZzC6fZuPKjLXmrzEuEtzLPFewiW,13,13,6,13
1ZmMUZxCKKKaatotqX9eVyXZV7HqMzjE52,1,1,1,1
1ZmQZJxQzPJeq4rHDTz2jjWS43ChqRte9h,1,1,1,1
1ZnMiRbz4W2bsi7NtjQQ7iZefQ5msDroSZ,10,9,8,10
1ZsN7yo61SbbyWhCRHqxE8NL6F5MyaJzfp,1,1,1,1
1ZsoC9jayJLRcgQ98XZ4aThSnJBpaaBv84,1,1,1,1
1ZtbsLpqvx67wppFFZpAPhUxR4WAbZkcuA,1,1,1,1
1ZtpJgfXPP7yq76TG5VCBdRg71s5XXs9rR,3,3,3,3
1ZuVu1D9rSCwxqqBRTKbhegrDngE7nQ9se,1,1,1,1
1Zvzkg1MAEGYQjSST7BhF6FVoKUs2HiUwi,1,1,1,1
1Zx7DHdudmx4xtgP5eHfXWivnsQrgcv6ty,1,2,1,1
1Zy85edpwHMsWuhE4wHQUThmLMtmVUM5is,1,1,1,1
1ZywJC7GGckcXpP48DwAMu2yfC49brFSej,1,1,1,1
1Zz2ruC8eDWS75znVYMLSh8QisW3BPkCV7,1,1,1,1
1a1FLL6G6Uj4YQj7JGLfy1xZrvUjh1cfbq,1,1,1,1
1a1kRZfbZzSMZpMLg3mvV7ddpa1pGt7QTS,1,2,1,1
1a3YGKCqPTjSRjdAkaoCMvQbkoKTBdDc4V,1,1,1,1
1a3cbk2Fzqe5ZDMYcoD86cR6jGxBsonnvz,1,1,1,1
1a3nkpWYaDFdYCDjHYZoK8MAmET8m3NuGo,1,1,1,1
1a4Xeu24zgYkkr8CyVMqyhfU5bPGRnKVYS,1,1,1,1
1a4e74CgunBTUKJzrkKjUxrEw4H369SwNh,1,1,1,1
1a4gEwu7uzpnt1XXNp8GDYCD82MDYrmJAg,1,1,1,1
1a4qGjgWXS7HzddnkdVngPDL4NQPdff3sc,7,7,6,7
1a51U9iEXiQTk54VPu64jTLBowK16quNkW,7,7,6,7
1a5MDxCSWryZ2MCpKZv4G9W5BuQ9QjZvCG,1,2,1,1
1a5ZYN5bDc3qGJ1dJRHZXBWWZCZ3NpkcG3,6,6,6,6
1a5y2aTRfjkgzeRfpUfN5qoWqK2NDwJngm,1,1,1,1
1a6tirbKfEtWRsiyUqMVV4X36AJSwZRmD2,4,4,3,4
1a7Nh3batPyw6QLwq8hne9jAmN6AJZbzku,1,1,1,1
1a818hP4jRyxq8hDwv3arA5gChtWpK6X9s,24,26,11,24
1a8W6fXfnMcWMYCHk9okf9tbFdsHzbTTW4,1,1,1,1
1a8xs7gshLXNQqapigyg3KDX9ns8UpaGs6,1,2,1,1
1aBA3stEYJd1Uqc92PVi67c1B2mEAzrm9d,1,2,1,1
1aBfPbveCWDg3jETyGUVxVtwvK4oUKCGro,1,2,1,1
1aBsxaCpetqbWbkeqcvWYpVmJUv6Dd9g1E,1,1,1,1
1aCg69fYJhxEY5UgYUYgWzojHc4v8TgRKX,1,1,1,1
1aDPosVhdDknuP5dWHBQD2fxhSUmycoRoW,1,1,1,1
1aDcN8Lk3vucjMiAutLW8JcRMmetLKSX3D,1,1,1,1
1aE4qot6Bt6gWvZzdsjPnBWyDy34fKwfWo,1,1,1,1
1aGD2vZAMWATNT8SiWXkzuwm2PVx8npLFF,1,2,1,1
1aGTBPZEMfhv8P5dqco1yypk1dHLYRKYNg,1,1,1,1
1aHZoQGqhEv9k4vjUWpjsqrVjgYoMx3YF2,17,17,10,17
1aKMZMJVegH74KSLSSKpn1TPqBKDnufXBB,1,1,1,1
1aKzdu9SqEZFxLEm1ynEfGicUhvpqpban7,8,9,6,8
1aL1EUytYSR6SBkGJer6dCfmdSJ48NLPbZ,1,1,1,1
1aLXCeSmPG4jxhgS9xXymsjBaQLDaSCLaE,1,1,1,1
1aLXVz2NpW22SAZBhtrjEy4nZorZ9pzw1y,1,2,1,1
1aMYs2d39zEgtT4HEJoebngr33xZzsvFiZ,1,1,1,1
1aMx1kn4pmjgUwBXRoaEZpxSnZxYDkQomH,1,1,1,1
1aNU36Yw5HcB4iVErwACPLpUQRK5xMScGr,7,7,5,7
1aPecZJcL2hKNH2sKnMoYYFgCqmked7ZsM,1,1,1,1
1aQ4pA3AS3Ziq9HZhsBxYfVPnvMxbr1EmC,1,2,1,1
1aQ5zbapvCjr6pNU1vKESTn14Mx98W7Mjn,10,11,5,10
1aQpMRN9xiqBFtL8RwmsuDeEGRydSc6mwK,1,2,1,1
1aR9PcGjLbrrDg2BJB4ojZfdNT8Ln9PbPs,1,1,1,1
1aRc59uxLCo58P86Twsoe3ovMPdmN5661E,1,1,1,1
1aT7ZGRaaikSDM7C1kYsuwmDH6tnaVapPK,24,25,12,24
1aV5qV5z8MHeEvxPewNwiwpnWBaTf8hH3R,1,1,1,1
1aWfvkWXUKadX3Br5JBhRvDTE2NNo96Ums,62,59,14,62
1aXJwRUXrcu8WV8ssjks7fmr8U8cs4TSmV,1,1,1,1
1aaBeoJzws6VNCAdkSv6fsqwKXc5s5Ffe5,10,10,7,10
1ab39HS2rohp97Dp1pkpUmfWJNKz9b3xEn,1,1,1,1
1abwixf2oAmF6mvK7AhHmgeRraWLsXHErj,12,13,7,12
1ae7ZszQzf7Wq4AcEGj9GkcRYtydVWMLaC,3,3,3,3
1aeTX8wLSB4BJ76tM4kD3kyrw61k7Jn53X,50,50,14,50
1ahhUwuUQg5EUGoR3mX56Ba4NCHwBHLVK7,6,6,5,6
1ajRz22NZa6LM3zs1NzzBT3Je9hTKm5iM2,17,16,11,17
1amx56zGRdjhF3JmQw2NLKeAZgXapDXBoZ,3,3,3,3
1an2Aj49xcL5XwRUagdesi5ADzxj8GgYYR,1,2,1,1
1anKitLxPaP5hT5TRFKxQrd9eqnR1HZc1a,1,1,1,1
1anbZiPnUaNw7HGSmbkb1Dxjdb5VmvxAPo,24,23,10,24
1aoNzmxLXJ6ozyDrVyPd799mgxoSa82FZb,1,1,1,1
1aqUXyginRn34oWqP3wrJY4EZwDxYCaJXk,1,1,1,1
1asD4gkr4Ln4UDWQQihRWUpdiZM7s8capd,1,1,1,1
1asFy5JQUjBr2UB1ePVyDcQMWf9yXu1Wrq,1,1,1,1
1aspkaFDtwH4D5udTG5weY6Vr7Wz2uxVkr,1,1,1,1
1at3GB3dHTq3YbDqw9sBdaYGNEWrdR7F24,17,16,11,17
1atAs83tHK3nAH34TjLKG2tD4L3PznzDpi,1,2,1,1
1atkf8MAG39CiPJCmJCDWC2qhdeoqehgwu,1,2,1,1
1au3xULXwBM7TkY2dYqaJKRmtNUbsLSGjv,1,1,1,1
1auMxJ7PjPfjbgWrimuqV3HYqXY8LyxyGN,1,1,1,1
1auhqrJmdJ73r9P4qgvnPJYnZPfjiAaba9,16,16,9,16
1autX4bqcLaSZzrbF4h6f63dEqTpVxivoj,1,2,1,1
1avh9PSkasDqL9GEauwWWamB25UPrxuLyv,1,2,1,1
1avswu5UAYA49aY2MBgxRssZp3MuWoUMYz,1,1,1,1
1aw6gzHhKGGsr9zW2e7Yi2CbMfMrm9brb3,1,2,1,1
1awCUaxr4kGTaqcJkZNvMdMhYLheG5xKjY,1,1,1,1
1ayntM2uYQqEyNG11nX9KZ2qjaBbpKxR5V,3,3,3,3
1b15DefU25LFe9aZwEY5jD9W9pC5Bv6p1A,1,1,1,1
1b2k3zZCL8aXwP3atvzqE9RWsRB8wvYH8p,1,1,1,1
1b2pf6kPiMjkkHGwUvQTvdjT2GBoVvR4aK,1,1,1,1
1b31pvktBBXnRem6XFH2QNX4Ba9ododH4x,1,1,1,1
1b3BUFr4yc1cah9hHzjLMupWSqsKX91pCu,1,1,1,1
1b4wXbrouva1F8y9wMbkruLsntvUSEhAHx,1,1,1,1
1b5fE2hnThN6bMRu8L9NSNy2jugFVXr39m,1,1,1,1
1b73f66oBPQ1En82NzRq48kCuLuErFgHFD,1,2,1,1
1b75jNex6bBvNxd7puNMaxo9BmvjxhxnSE,1,1,1,1
1b7DZ3X4th3YNwcDU8Yr2QeTyF3Xhb1zsU,1,1,1,1
1b9XnCgVZsA8P1Qgr5r6wy8WkGDPrx7UVg,1,1,1,1
1b9ZKWTwzqupEUhzktLgn2Sg2MnvWdtsKj,1,2,1,1
1bAH2NLwfgKLSffzU216G6KGnsHdL1vhVr,15,15,8,15
1bBQ9A4g9TRaEv3yMNBSAiFv9DWbd8Pw5q,1,1,1,1
1bDTar8hNbms4hBU1gGDinGMRDZpcM6aw9,4,4,4,4
1bDsow45bM7xkZ6LR9J3QyPs8F5R7aqMC3,1,1,1,1
1bF2CNr7EiTqjU59gTaj8x4iMcTGd7BYRU,1,1,1,1
1bFuXRgcyNoPsXUKgva1s46pMdqw3CYb7i,9,9,8,9
1bGC7npF5V3pBt61nyZpGhmgtAqdGdS7dP,3,3,2,3
1bGk43ps3BgyXcshWYeGdHjMjidNj4vfZV,31,27,13,31
1bH2EUUu5HTUgsPe27qvNoR9txz8uhRy3e,1,1,1,1
1bHwZxAoqSM7kpAVR1sUP2Tcr3f7Z48R9U,1,1,1,1
1bJejRsGm1eEPLUPryKQDbNESims9DkWe5,1,1,1,1
1bKCCn11mJkNPYD4UAjZnY1juy3rxzGfs8,1,1,1,1
1bKT711NgXYVzSr7RRPLo4DpvsoNR36ZAj,20,20,11,20
1bKVaMw5QuHf4wmZAPjv2yMzAu6Dmh6qaE,6,6,6,6
1bLdHSRQEBVDqXNbePTp6HfbrvYPuNzF5o,1,1,1,1
1bMGvjyKmPaCSbh27WfYgvEMCYcHv3J2fv,1,1,1,1
1bMZuR9ovnntsKv1DThsjkshaQLHgoKxLv,2,2,2,2
1bMhLQhF8aDAcqyK7NRc7V5wVhufmPn3Qo,1,1,1,1
1bMhe9QezMQm69v5m3JTTc335Wx8S8Kaqz,1,1,1,1
1bNXYLFjYzr7MBommyfG5u2jmtar58VSUo,9,8,7,9
1bPCSHT44ssrFv6gi2z4Tn2joNe5us7HcJ,1,1,1,1
1bPTutoCb3YsKH3tKTVWUAXZeKgGtvDYvD,25,23,12,25
1bPVXCxp6o56xRXSXtKsaAWTLoXsT2N2oM,1,1,1,1
1bPZ9w5r3ZNoZbwX5QC7C2XYZd3gLzXUt6,24,24,12,24
1bPupMV2h1oZAJ3RVfGkcnhnzQxxWjJ1Am,4,4,4,4
1bRfxbFCkNW3skbgjYgEi1mcNuprmmbJiu,17,17,8,17
1bUJhaRFMYK7qQy2EBJZB9exsg8siL3Q62,1,1,1,1
1bUhAUduoB7NMu3D1exd8njQwCTb5pEouV,1,1,1,1
1bUvutyQngLgpgjxt9DaMNGnr4gqxS63bw,71,70,14,71
1bV9SxxpFZm8jqsJEXwkqR6R1xfN5ouS1i,1,1,1,1
1bVKZwAJ4t45WPqJE7tVSPDcJWTDvqz58L,1,1,1,1
1bXhLKVaBJ3QAL29irk3AwLjoMmLieMbQM,1,1,1,1
1bYSyXLzWQZskEB5FtJog6DnVazAm5NoTS,11,12,9,11
1bawZoY47z4mRDykX582UAf5CUHDzWUr4X,1,1,1,1
1bcJH5nqeLssWfWkqMwQQKCdyd6iDbCRQr,1,1,1,1
1bcV3VDyGj69rSZ3ZDnhwZHmrPm8n1CgrT,1,1,1,1
1bcXUiYZ73cHWEij55BcyVMxCqNmQ14uMr,1,1,1,1
1bdoziyUqrPraGgwGi3vkJrdJxAykDZo4w,1,1,1,1
1beDppzP1TNUmHYA6U1p6MuDcgxKNV7ySc,1,1,1,1
1biAP1WwFDyiVCBLtLdoTYgCnAFJeEvjr5,7,7,6,7
1bifHgAwppZc1u1xaFtvLY4eJPHeKzuHix,1,1,1,1
1bisKYyJLp4qi8XZMU6nStSTh7Rq2ZGvos,1,1,1,1
1bjNYmRtBDWTxj9xxdgHMySit5GJEprumw,1,1,1,1
1bjqN3CTh5h5TfcSthCJ4JwjnRwELP5X1F,1,1,1,1
1boxUAUXLNFdxLV13nRT8fZrXnbhATQLud,1,1,1,1
1bqo2NYfJxQa4iWT5AFvx3kQrhfk13FEHX,1,1,1,1
1brTKiCtNZBMf9EffsA3XdnMeeiDkNKuUv,1,2,1,1
1broe8vPyRnSFEF9tkRDErGUv75Rqs9Dsf,1,2,1,1
1bt1K8N2JaJ7zwX71NpHKC7KCoUuW8AneA,1,1,1,1
1bvdg7pZnJapdVoN7kjZr1w2FrAJZ1LXcz,1,1,1,1
1bwpKrXNDjindzGbF5GgYzhpVSe4qX6qo5,1,1,1,1
1byLMyE3LiQ8feuAWXFJB1B4MeivSeDEUJ,11,12,7,11
1bywhJETXSZv9aZd7CCaNny6cDtx8Twt7Y,1,2,1,1
1c1ipfbxtQ3WMksL3EKrg2jeqkEezb4r1n,1,1,1,1
1c2JA9ux8HT8KqwKYJHkKD19SEdcZo1yL3,1,1,1,1
1c2j2BmK7QHTayS3byS2ZoueTA6zEZC5Sm,1,1,1,1
1c3YVv2gwNsPaBZdqwBR2kEa9zebTycd1P,9,9,6,9
1c49hndLxWzGb2QV9JDriodhSXwm1gbTW1,1,1,1,1
1c58QrNE5wCQtTUhqNJ3WLvaKeZKJByT6M,1,1,1,1
1c8c95wnfCE6fF5mNw7W72xWbDofYRYCyr,1,1,1,1
1c9RMfTUKwRREEgue9YV6fc1iv33sYfKTo,1,1,1,1
1cAtk3uC6Vm9HAt4ajPjKFfkD4mDtxgVeq,1,2,1,1
1cCSw9CJw3Nc3dn9Da8KB8euC6oNfdj27E,6,6,5,6
1cD8dobHRKcJR976eEkAjJkPBLmS71t5u5,28,28,13,28
1cDpFndJUEfsZnNbnQaP9jbdw62YTAmA2c,1,1,1,1
1cGCErK5xC6TKuMQzJVcmPSwzknKPwdwih,1,1,1,1
1cGZ9fFrKffqX5WRgEzYwqPFcvuL1W6DoQ,2,2,2,2
1cHCEbcPdaTr8qzxRwfyXJsJjAzMhqBj3s,6,6,6,6
1cK2CkzJzCv3bnoUunZyzxEJ6wcoyNasd3,1,1,1,1
1cKHkP4NashkdKw14N2uAWYvX5igCzooyG,1,1,1,1
1cKhenB3V2r69Z1bqs4JRrLsn7YF4EcaVB,24,23,12,24
1cPUqyeuwA6aTac1T7UuTqKvmRNRLW33aT,1,1,1,1
1cPdAq9qzdiGnhXwCF5XkBeGY1nCmNjtv3,10,10,9,10
1cPgN52SgMghZqyNUW9PB4AWYcxS2D6EM7,39,37,14,39
1cQYqwYZHmFYUh8GnUXi4dofTaCAAt9CVy,3,3,2,3
1cRevjLoocivCzHUi7dUZk9Ram5J7BRDZb,1,1,1,1
1cRk2WP6CSu6QPeRcr2WGhBu4Pv7r5vRH6,19,19,11,19
1cSMRgCeV61sRwjGCoTcyFUSMBsYGgBd1Z,1,1,1,1
1cSgbacuMLndniob9DKiupmHNcTQaGpCuU,1,2,1,1
1cTPukYzjAEGybuvA9K4twX3ft5wttefLG,1,1,1,1
1cTXUB5LqqtbUbPAw5bZQS9rWfosHiH23z,1,1,1,1
1cUdxWuSyAEjTzCYGUR2HoAJSubTYvicWr,1,1,1,1
1cW5PBmQUqMXvX28YRCfnzfv2ga91aoGrR,6,5,4,6
1cWLCx7o6JG5hF6Noa15ReoWKS2MoQaxGb,1,1,1,1
1cWPFZjHThT8QC9crii87MjumWwvj7KGkv,1,2,1,1
1cXCQqbV4v3gS1quob2GJ5j4GQNhYppTo9,1,1,1,1
1cXGPoeWSah2jFzHsQyiwn61LQZ3V4moeR,1,1,1,1
1cXedcgeMuJpZFHvPtZoUiWgZ3Y9jgJ2c7,1,1,1,1
1cYF28qFoSebKy1cya8A4srNUC5GMP7HTv,1,1,1,1
1cYUHgagsJVgkNXDeQLKsc15LP8TrqD12u,12,11,10,12
1cYkLyhP6BhhyMtcJjhyuyutGb2jj2NBd9,12,12,10,12
1can8wRR5R6dfU8z2GbhkGscNB2mhvaCwR,1,1,1,1
1cb2tiPkoLG5dzSYR4UQibdvgyBFejZjFT,1,1,1,1
1cb5A52sLMY4h9DXmG4a6f4G8nd4zdriNw,1,1,1,1
1cbUbkist32BNNJvbeHaSsL5FY2B7c1nJ7,1,1,1,1
1cbizbWxkcFSwWS1yr6nvGuLZT7StEWudu,1,2,1,1
1cbnntmp8rXmw6Lqmnbm5rgb5UizS28hwo,43,45,13,43
1cd17RTZYcQTPesXp6nWJvgjrkQFsbYsYS,1,1,1,1
1cd3osiY5koNiBq61XDyu89HpzrfDDVpq9,1,1,1,1
1cdTxoB4jJKfhvNNTKK7anVt3N98E1dcbk,1,1,1,1
1cdvfuaxZtAHnvZAXxiVUgwB9YHgH31jbN,10,10,8,10
1cgAkkcpCyAbW55gQ4bDa2wEyupj7hqd5z,1,1,1,1
1cgFkYA9jH1aqoV8AuPdH43t28TGtMfRfC,45,47,14,45
1cgYdKmk2bGHhe9qXDNNvBnYU9vp1hvpgq,10,10,8,10
1ciDhqRmB6yr8z32QMaRMjYxRJG2ZqPEpk,1,2,1,1
1ciHNw7g76DgJEaXjB7SjeF2rwQVASf6w6,3,3,3,3
1ciJrCeCRLFKDS2RnmZetMPMF76aoTibsn,23,25,12,23
1ckXcG358agftRV4wRooAXNC4z8hFzMzXm,1,2,1,1
1cnGeCpmrr6PiT2ruVnKjuVQMoGasmzLVM,1,1,1,1
1co4LcPNq9dSPk8MfLwMQWZzjuqnWY5Jfx,1,1,1,1
1cpe557hKcVjzUzRN3hr2hPZqTMBazfbrE,1,1,1,1
1cr8tZWTRTu77WVMX82iZUbNysvysPfmZJ,23,26,11,23
1csjjKNyeEbqnK8qLdHVe2UvPgfgzRN48u,1,1,1,1
1cujbBvxvZi2nYtecft5QxxHQnfq5JnCtW,1,1,1,1
1cutMnMXVQf2mBn7qjRabyTs57Lzp1psmn,1,1,1,1
1cveAdiq4ivg4bGWfyxvK6Gd3NsRVdsjj9,5,5,3,5
1cvvkQ1B8TozvZCw6TvqEaGRRRLCDN7QTS,1,1,1,1
1cx3jE2RoHSWPwvWgye5yf1fpmT89JRTze,1,1,1,1
1cxBq3FefRQ78JN634xwtsRC2bXuZvjouN,1,2,1,1
1czWWP7QWaYVtkBSuhuXHgD4UaPdQt4h4A,1,1,1,1
1d25nV5sjzgcY9hiFyAgiQ2VJ6Rni2Hxd5,1,1,1,1
1d2AdCESqGEJK8QkerhKhcdEk3PbHTrFQ3,8,8,6,8
1d36n2PXu47xNBrnASszbEUZLNV53qyr1m,1,1,1,1
1d4Ue88kLQ59A9weSknDDFcyMS9J6DezYu,1,1,1,1
1d7Zsj9vuaupZHuzLP1EtYb6RUKTNwbmhu,1,2,1,1
1d8Hm11qcvKNokvHYYsi5xT2K7JkKpaDrb,1,1,1,1
1d9hF7fuF5k8m4UiP2V3twngMAW3vfzt2t,11,11,7,11
1dAJbUneUNEZDRKSuni5wTeME7VdoVhszr,1,1,1,1
1dCPTFK9kdMNYoHFi7hgiboHjXNQHnNZ4P,11,11,8,11
1dCY9RGY5qojxENojDAnmSh2EtBdcyvRKc,1,1,1,1
1dD4DsWdAyDQwxfyAkoMmX4aPcKw91vgcG,4,4,2,4
1dDzcMKpzQcY2t1c7c5R2b66yFxZwYYRVF,1,1,1,1
1dEj3LFK8e774jKMoDn4VhNc6frcZ1ZvLr,1,1,1,1
1dEkjLHt2NMnNj2X4KRLXWWB8zHNJagbAR,6,6,5,6
1dG6Mkykr1g9MUXhpYHac67aqcFyzjm6cL,4,3,4,4
1dGhBMfqW3ZALssGJhSMdu9bZLFc7UnsB7,1,1,1,1
1dJGPKgFqChHJwDYwjs8ykhzt9kScVfhYJ,17,18,11,17
1dL1vrUvBA3DCArdsGXpwR4cuDBpM8kKo1,11,11,7,11
1dPbvamnUJdJ85Uue2zkWeFrSJf8HTUV33,1,1,1,1
1dQCx2NjRxB5X8Vw7aMNHZF8NB2JsGQLoQ,1,1,1,1
1dQvVCom24XqjGFraQWz9uG8VkzfAusT7N,1,1,1,1
1dRbXdMtaPeBVxFpFBit8kAzV1V5iiyrPj,33,33,14,33
1dSLz7XrF7HbD2BxLYjDPf7EpP99eVKKiw,1,2,1,1
1dSgo8r56pRqMdCkFQ6YKQS8wHm9t3DFno,14,15,9,14
1dSpd8virggsZkcXDBy6g3powm5MtPyFCd,32,33,11,32
1dSrZ4hdkEAFuFYZKpzUWzFrjJ7Cat3DzU,6,7,4,6
1dV2So7WEHBaJEsTGrmBXTurY3zh6Ve1DA,1,1,1,1
1dV5rTiwDLdrPDTCocuZWrjrZfutLUFJ2u,1,1,1,1
1dYeoaUj9McdpXDXctMuBHnxfSBTREkVqy,1,1,1,1
1dZzvYVo33KnpjLRERGRw4NVTVCvnWu3fU,1,1,1,1
1daVXgdPhPg1xafsUFZmbpYY4no9X7vqz5,1,1,1,1
1dd63YBjpCf95LvbWBcMDpANcjaH2pkYMR,1,2,1,1
1dd7niGVATkJbx63TTVJEE4G6G2dfsTNEi,17,17,12,17
1dedG8Cb5dPxpQhtJCiQNHT4wAD4g1tWmc,1,2,1,1
1dexennj1MY14EXJFLHurP39kGYAwSgFLF,1,1,1,1
1dgBRALBLip3iyUCRKLumsxPCSDYHGJCHN,1,1,1,1
1dhzfiDZYLUu7U6yR6G8XU8enHwfRpyeJv,1,1,1,1
1dkpkyLvm3PK2iC6TiYggSfTSr4V6LzaqS,1,1,1,1
1dkzFfG91pKvfYDiX6maob7DCY7tSVkVbL,1,2,1,1
1dmG2zPWAKGj8w3sRaNJKRu8PewqW9hqNc,1,1,1,1
1dmnY2BwSvnJTg21uxC68KcUqSVThZMJkX,1,2,1,1
1doWRtEMTdiMJA6aT6x5EsCWU7jh2h6QQV,1,1,1,1
1doqSZwmbQHcUjaDgiZq6ejMQ83XFgihJ4,1,1,1,1
1dpwkYws9Egi2fK5M6hkR7DYSmAW1Y41TX,1,1,1,1
1dqmdorAo5WF9VkMzhg4gPKipLMdvekTiT,1,1,1,1
1dqr1uTsbzH15zk6ryGqu1iFikhVbAV2QG,1,1,1,1
1dr2y81G3JFXVXrV9CH5QdieXCERtg3hfe,1,1,1,1
1drW2vLjmWSTeEFRz9k9NnKETBSpMwAKB8,1,1,1,1
1dt5iJRcsTK9QgPjQt9RsDConRTEG1PM8q,41,39,13,41
1dtNqJzWozjZpeGwRxooXEnRuFESCod71W,23,24,12,23
1dtbqaAZHXb8sjfX8Km7dvEzcaRFPwbcKs,1,1,1,1
1dv2Crka42uvC7yGZDwK9bMD2u1vpn2H3P,3,3,2,3
1dvErvzG78sv7tZ2GvBD4XrbntqvbjYiUY,1,1,1,1
1dwxHr6ME61JKmegnd7iBshSMGqLJoVDz2,1,1,1,1
1dxXNwh8dUUHmN8APifuCxaKRHeu6ak4x7,1,1,1,1
1dyCFVcphCaiN2xENUrksbqNQJCsdXbqXr,1,1,1,1
1dypPWeaoSG85fE3RdyLY8B4y2Wd4QsJcX,8,8,6,8
1dzqEaP4nFqm6HVP2qxV4rVBaFJAZqwyyd,1,2,1,1
1e1emfVJf6zE7VPn3mqy32nM3pZVpbR7ys,18,18,10,18
1e2JX6W7aUnkZjhXkypwR7f3DN92cF1vyh,1,1,1,1
1e3NpjaizVP4hv7dXJ4hFmhvE3zWSSfT3h,1,1,1,1
1e3eSaUEZkQJybkqTTbxRYb5CCDgrKwppT,4,4,4,4
1e4UTCbyh3uTqEjgBf25VaytW5KZWCGuum,1,1,1,1
1e5JQY1YkiiKYskRuy8r81mozxT6fKYXEw,1,1,1,1
1e6H1HJjioDJSKSFdwTK6tezJdzVeXnVXr,50,53,14,50
1e6YiARYFSCrRrProBpkEcyBgrCxn8r3rm,6,5,5,6
1e9MkQSuExYKjuGWTHKNAQh8svzztQqr8L,1,2,1,1
1e9rR99oBrCmMzWVMdxuWwmeNc2NkAFhmv,18,19,10,18
1eA7YcCbEe7vMCMAWRBthAbvk3QE5VyfC6,10,10,6,10
1eBcYGde3k2kAbPmFbWCpUMjh6XgTVBonC,1,1,1,1
1eC8p7uwLENjWny5GvCsriCbCs1FvN9jSj,1,1,1,1
1eCQVhqM6yVY8jfvdYh5B9u4jzeaFaonyc,24,22,13,24
1eD9vwa3uxhNLxenWJ8mGGx3RtjwjXKanL,1,1,1,1
1eDkm5wFCsfp9aCFUNZL84QGJtWqmdTe6A,1,1,1,1
1eEw5SgiZbfdSNVj6nLCbSTupm9wZYcVys,1,1,1,1
1eGReoUBz8vRD3kmua9mTMRP6chwxFQPKa,4,4,4,4
1eGysUcgzqDQcx1LsLkLhDnQooZ6QYAQR9,4,4,3,4
1eHF58fZoiBii6wbzKBMWJTaxxp8B5baT6,1,1,1,1
1eHYFRVejHUiK7b36Awp6HZ5GCgdQcdp4P,1,1,1,1
1eJ5NKW42ShZZoT9hm7PVmaLD3vhciMoSk,11,12,9,11
1eKPufoSCN6qdefWGU6XJaPC2qUr87qzYa,1,1,1,1
1eKmYMzuCoLVqSFmBtmJZ2Sf9r3PXyj4mZ,1,1,1,1
1eLCvK8KbEtA2hVjcr5BwuvzvCzpVzYZoA,2,2,2,2
1eLosaQ6uXgWjgF8i71jgu8Nr6ZGLbPK5q,1,1,1,1
1eMcoWtLn2dLitfochC2dAT12rT6Yr3Ncn,21,20,10,21
1eMeN36ZNNuW8VPKRvT2h6hFtkzfuij9Du,17,17,11,17
1eNWZhrE3MXdypuDiLqNx8fYBFoRd4MwXp,16,16,11,16
1eR71HNcaF3UQiWo6o8jBk72x91oJHT8tb,1,1,1,1
1eSbafTc5Yok8QnAFRtqr3bMiNTNyQdYMG,1,2,1,1
1eTAdPMH77PMTS7kMk2d4vDegHndPdw4Ra,1,1,1,1
1eTcbPPPgmQ7NJmX4sJCgoUfgan8vJbEE7,12,12,7,12
1eTpmPgaBtXcui3wdEbcgKGyJYGb1bG6Lk,1,1,1,1
1eTyp3zVZ7bT2u24ZhwgUVEt9Tbwb4UsT8,1,1,1,1
1eUtwiTf1KN4hMEqLA5d7qpA5oGCwCUjpq,1,1,1,1
1eVqTrL3NyjpTWsRgMX1svn9AzWr9eeNdK,1,1,1,1
1eWkPGm98TbYik8DvkiVBVNcVSfrz2PMVm,1,2,1,1
1eXJAhE6puAhphzoMrJmK469dSb2GqKY6d,1,1,1,1
1eYxT1QKhnnA6EbnFjSnvQCvRAWXMkGW44,1,1,1,1
1ea47aYGMCwA6rUE7aGzadQzTTY4nuN1jr,1,1,1,1
1ebYUPxxnFkaHDcMqM3tEnCkVwnzQcKPJQ,1,1,1,1
1edB14HYqz434e1TWf33VHzwa8r5oATJuP,1,1,1,1
1edwS7K4xgMRY3ePAVH6CHfENzFEX3RCJD,1,1,1,1
1ef5ffCgYYy3iLdNLLwThBx7TZC7XdtPux,40,41,14,40
1efhyKqSsdz42s2mKY52KfCXU2W2fPraZa,1,2,1,1
1ehJkemnn7q9snw48E1Py4ThYh3Z4oAe62,1,2,1,1
1eissDg4ohTUrSpaZKazkdJ5cojoBSCQCk,1,1,1,1
1ej6yeC237iHXRbmzg2347smj4JTtGtzNG,25,26,12,25
1ejXQpMd4bj9Y7xgi1hoX7Ew6A7xJWPAnw,2,2,2,2
1ejwXtztG2sZGe46r2e6YH3Msw5fyedc9J,1,1,1,1
1ekbAxKnzHCMgwpLdfZHtBCsPYRyEtzaVm,1,1,1,1
1er8vyNQxXchWxL33NGegNXgRF3QQgTMLz,1,1,1,1
1er9JF1Axd4WGExZWjxW7SEjpe4zZYohAb,12,11,11,12
1erM69Qb6e5TWrbV8NbwuSuu6MCkSYyj5h,12,12,8,12
1etx7wwatK8GwB1JP1aFSkbv3rXjhRBeDg,1,2,1,1
1eu7gqbYNdsusbjL1b4DaygEtb3dtbsq4F,1,1,1,1
1euz2jc22bZxoKqbYP5KCgBebS56o5FYC5,1,2,1,1
1evEiPrDZXcZ1NMskYuLvuLQMjNpFPrCo1,1,1,1,1
1evzyPCTQyEVNT9txGwMwQMyyb9wv9SqVR,4,4,4,4
1ewD6dHVoXEuP4NAfPeW5XgCakVU9Rvnpd,1,1,1,1
1ewgLUztrX6TP7jwfNTjxuSVTAiPWfuLzS,66,69,14,66
1exwnuHkagjYWLsdbHoRJybDAw3QExQvty,22,21,8,22
1ey4pLVZCddEUYhAzQP4eDqceLoag7ceV5,1,1,1,1
1eymC1LCZpPvwjVHavW2Nwpz1xc9QxABAo,1,1,1,1
1eyoB2neVZFkNXC9KWBnLM4CheHekNe9Sb,1,1,1,1
1eyrouiipod6yTd5856GpGkcjkGfmwMAfF,1,2,1,1
1eztLrqZxhtxtXUAizcvwpHy9xxKHwMNgX,2,2,2,2
1f3KPvANcG7bwCmBb7JvzrfhgKktjmr1fj,54,50,14,54
1f3PQQDRYkeeeviQkDZ6a52QUNoXdB3FCR,25,24,11,25
1f4Bczvq9t7xntNR3EC9uYZrnQbqrzDBgA,1,1,1,1
1f85uiDPskBnu4aQPhzqM3Hrmn4S4obpfe,1,1,1,1
1f8FoexVBggijqZYwj322eimXbtHTW9BbR,1,1,1,1
1f8U94X6q8YNeUfLARgsQfk69FaXwvtv7t,1,2,1,1
1f8kLoBJUzBqRKHTDunyP8WqSPeLboVTBj,1,1,1,1
1fASC4UAjHSRWjfqWoSFfwJP1JY7m3jVa2,1,1,1,1
1fAjZv6DkReeJar5jvw9L9f7aymFGobvZg,1,1,1,1
1fB1uNwqq8XejRDnBUvHh7rnH7VsewkqJR,1,1,1,1
1fCdUJacqRMBirJaqQL5PsGDcQDP4xdkFR,1,1,1,1
1fCt2s1QWpNk3vGp8wAM2B18fp3cpKwBRD,1,1,1,1
1fDNzNnVto51XQMYnjEBmumxfEev61hUFG,1,1,1,1
1fDuWpnNVbuNEdpeD1rkSw2vdKmxkRCCJo,1,2,1,1
1fE4JtTZtku2TWghgpDKJcnbNJs6dn4cx1,1,1,1,1
1fFk7LiGwuqJHMxUUk2CHBtTG3Xs2cceLH,1,1,1,1
1fH5ZjPLq7P1zwqmtVnMPkJJVKZb4MUfcf,1,1,1,1
1fJ4UxBPcxRcTNzwAZLKZkzFmJcaFjWGk4,2,2,2,2
1fJSmi71YcVoR7RYomocFjQ5FproMHt6xs,1,1,1,1
1fJXSJKWbByGaXjnjRQ6DJYS14XC7RLnaR,1,1,1,1
1fJziYoAQdpAm4YLP5e4VEFvSSA4zkd3yS,9,9,7,9
1fMoyaMp6gDpjHSgV6R5bZAozgRLEnmx5o,1,1,1,1
1fMrcyAKtZUxR3N6oVrd8gd5Ey7mLDW4PQ,83,84,14,83
1fN7kMCxPNnWeC3dkRAeBg3xBYhrhDYqdn,1,1,1,1
1fPjCFcBpZtfyEnNZrVngjoMr1vEpgLzL9,1,1,1,1
1fPuioHufy2apVzrpwLZfWKsBG3DFqYPNn,1,1,1,1
1fQAzLtbXRQSwAscgLyjD2Kt1FGRMFXG2m,1,1,1,1
1fR1ABTBsFebGVMpxmDwByiVWbKqgU99ZZ,11,11,7,11
1fRi8S21Ar5YXsRKa7ARn8TnWDqerXEZpP,1,1,1,1
1fSyHM6R7agUMnb7QyX8AZRdF2d1iRD2zB,1,1,1,1
1fTpF6Z2CQZgMrCRLyeEMCjJLJzUbK8wtb,1,1,1,1
1fWRrgw8BeEn7fmspjhXNEMjrF3VVAhEsd,3,3,3,3
1fXYFmvkKZ55157q61uVdUifc8QCzjhUuu,1,2,1,1
1fZC3yQmCRCfcHwEUpSUWjGJRSJftECf3F,4,4,3,4
1fZRScyAhu4fNFguoH3dUxw2RPWcGwMMC8,1,1,1,1
1fZjiQRYikgxpppsDrnF2fmMnboqznP6i2,1,1,1,1
1faev4T18L7RVDDRRwN1uoer8FDZbcaGYY,1,1,1,1
1fafBWJCno3fQNtzsuPrfLBd3ci2AWZpvy,1,1,1,1
1fckgoP5djYu1V5fwvztgfLs5Cxz6JvDvQ,1,1,1,1
1fcrfA6s5uS8YU7Xy5chgsAE7nCpi5hVjq,1,1,1,1
1feYuNGmkXEWZ3rmCBJtF6zMqsXdbeaELd,1,1,1,1
1fg4mgL43pwp2ZJkemSiRBEXTWr8WbYZ7T,1,1,1,1
1fgMYjKdNBZieM2utAQgmRkSv4WHpNpkpT,1,1,1,1
1fh5GJFtYSojFpqYa9uTEtPeaNYmYoMtUh,1,1,1,1
1fhfmXfmvNRb1k2aoRyEf8Xqu5US97nYZY,13,13,7,13
1fi5gPJL1hNiFGLLXZwhQ3c25RvquK4Ctc,5,5,4,5
1fnqfw8Sxyn6devpcnd3utaDDKfTWg9dQ8,35,37,11,35
1foDPF7Fkp5BPj2N41mQTHrkXUwEPNepzz,3,3,3,3
1fpvYcnV5PDJ6vfu4emb59ee1NbzGGp7BK,10,9,7,10
1fpyoT4cShacBr1NbgysiziM8UjNSmRQKu,1,1,1,1
1fqhPNnYs8UxVXAaqxNbh8dBXYRBDVqMCu,1,1,1,1
1fqqDuj8tPvuewVCcVfqCn7TPb5VH5ytFr,1,1,1,1
1frh883Wsahg9UqvW867C74VEyW3W4dJUR,1,1,1,1
1fsxznrcP4eL2xHaxxKYfXY3gv95DrsW3Q,6,6,5,6
1fu3CmU87a6aaKHKYJSFSBuY2guqE9Dkkm,61,56,14,61
1fvCnXRzQcVdhvnND4Y8snD9u9Q9bT5bnT,1,1,1,1
1fvw9mMY66QkEEFUEfnyKQP4SBh3Abdfog,19,20,10,19
1fvy4ky8wARwL9b7y7SoLvBYrCWpNKSszv,1,1,1,1
1fx7rLZGXvUzY4ZyunU8WCYp9asLhevu3t,1,1,1,1
1fxp8oTwwytoZQJFL4ZSahTxDq9SQQqcU8,5,5,3,5
1fyrZEfShARifqvsvDt3io7FfxzcJ3Z9SL,1,1,1,1
1fzhTJYTz1kWVHRzNEYrFBX3m9oRFboULx,22,21,12,22
1g1WDkZsSbhy7oszqrTSHQ6SmAbR2cnVfR,1,2,1,1
1g2Vh6SS81LX7oCD8pBw4EABXgvCvTryjU,32,33,13,32
1g3HuHMFujiqv7s3ouduXB8YZzLjhjfw2R,11,11,8,11
1g3jAmUnGEcCcwnHDG36yCxK2QBbbVW8yJ,1,1,1,1
1g4vdeyACbUoMCrKMiiwg4BQQzg7Wxsnme,1,1,1,1
1g5ntpymuaWKiscdLtViR7ZGg7aMtFFDwm,1,1,1,1
1g5wCMsFkpcpQ8VJfKHJLburLyqMhaPYMs,1,1,1,1
1g66NKjBxJgkMzzPjVhfYjnirbowmQ7Uvu,1,1,1,1
1g75JREe84dRDXfgGXEQeh1tiovE4HuMjE,1,1,1,1
1g7UfwC38U521Zkpd4VzGLbeUMszGcfsWe,29,28,13,29
1g8qSpg2ZgirYXr4HUZJDycrae9gihs6NY,1,1,1,1
1g9SnEdRjruA6QJsxMKQXbPdzA4bMuEJnd,13,12,8,13
1gCcHP2yJz36mRjhB6fKzXkCUdEvMzo7SC,1,2,1,1
1gD6Cn2xzQoFKc3j8jcXcXkFYPdL5Q6dR4,1,1,1,1
1gDr1fMACimptmxgsxZvfe39ApLVmwvMAq,1,1,1,1
1gEzCC5KQQmh9kGtBkg6oouyM8WxLmRQyA,31,32,13,31
1gFVp9wXNw74CGzdG4JdMd6YucThSzG23u,1,1,1,1
1gFcTQSytLadEYcjyG1RfahyWcnc5NPRcL,1,1,1,1
1gHCpb46G3o1chnw1YqXmCVtBiMW9jwPLD,1,1,1,1
1gJJEUeTVM9ApgtBDrs3yG69oHxByfbbM9,1,1,1,1
1gK8aXqGyPeM7NnqEWososUSRtykJ87MHL,1,1,1,1
1gLK6fpn8rNSPrWs6EVTpQ3eUKKe3Ywncb,1,1,1,1
1gLKsi2gYUCoc9TMdahwQXstCqppQPMZsL,22,21,11,22
1gLr1Mn4DKT69tCDMdHZFXbShJFkB8S3cb,6,6,6,6
1gNJ3WSRyZUUhFBMTzKb9SRzty6WxuuX5V,18,18,11,18
1gPk6AdYGp6wAhyKc8LfHqv2yiRDwLxfA7,1,1,1,1
1gPvRVzU1ViwmRZ8Vv6TFewbPNDzHRYpHN,79,76,14,79
1gQLMAm7dMHZSqS6x9cqA4XSUsUG6AFMuq,1,1,1,1
1gS6BvaRrV7Gmvxoh6VcGnG9emjaDjvXcK,4,4,4,4
1gSho6uviat3ntSGxHwSMb8VQpyvLeXCEA,1,2,1,1
1gUAMXokWtc5w9ZR9DZ2U2tgfRMoynMgRa,69,77,14,69
1gWdGGXMPRDEjjkjVCu7zXUfZvqqcajGai,36,35,14,36
1gX3V7TX5xjdQXUGUfnW3kbBWKgrjYAQaZ,1,1,1,1
1gZLQ2ukf93dkvUPzhrGqSuTDgJXj4nUP5,1,1,1,1
1ga73i8HwndDZ7yWqZfv7tApxTaXx5UwHu,1,1,1,1
1gaUiN7U1bHDeHmEsVMz3KSXdrNhVJGm9D,1,1,1,1
1gcBXWxmuVVQRDcGGKzHKySyeBu8RqrAc6,1,1,1,1
1gcQTARJvCuiwZE5dBSLS5aj7C4NTnq3Xe,55,55,14,55
1gcTqxW3A6tpk6J86wuLcSMwKT1pS8Ss9Z,1,1,1,1
1ge52AXuCMLuV1eRWqMeiroRbmem7vq8Ss,1,1,1,1
1gfCJpH4ekwWBZtAS2dQq6jucY5eU5H9RH,1,2,1,1
1ggTvp7uqkNMknQxokH8ZSXYoMoKHPH8U7,1,1,1,1
1ggV8oFSgpSUtSCY82qRgZUaGKP6UcRFKC,9,9,7,9
1ghpc5zmfZV3eqCQyDYjDP1cTH1n1oXvcM,35,37,13,35
1ghxav4bSQ3BQMWBgXX1nhw5kWwykVqVki,14,14,10,14
1giBY87JJGbt9fw2vGKRgqRXDnWet4kh5F,97,98,14,97
1gifmCDLLHBgbfxLfPP2v7zatBz1fX9L9q,6,6,6,6
1giohC5XE3JknQaAgjc8DRbJW4yahMopQF,1,1,1,1
1givZ2N73d6WuESkMiDVFt9joo3YnYSayX,15,16,8,15
1gjaLgKanCJPoHRjx56i2KUNRtauoNq1yh,4,4,4,4
1gjbwHuzTrEkiEN2CReFYCuxs3K7LkyYuY,1,1,1,1
1gn464nWcYvQextgNBoTVxhYWgbPBGuwgU,21,22,12,21
1go8XoXhHVSFAQa96W2A8idVk5oYMQURQQ,1,1,1,1
1gpiFBfSEP4uXLbUisx4VxNKxhzciggMTh,12,12,8,12
1gpoFXB9awmqcrvLHgAw15VbkysZuGjrhQ,38,38,13,38
1gr6X5oeJGzFzHKcR6n9wv3rEMaJ2VbSuA,1,1,1,1
1grEUCfPx1bLpRwJkS2CwAtF9g31YQ93gg,1,2,1,1
1grW7XgERdCyxHP7Ba1EWteCufHiBtKrkP,1,1,1,1
1gsiZrE3EGEyTjT55aFRJBFYHxhZv5qMBN,1,2,1,1
1gtmEcNofPfXmWejw2SN4wpwoRiXthk7CB,8,8,6,8
1gtzVp2SgKDQLNF8B1pqUZcinasj34oq4p,42,45,13,42
1gutoeuyU2ZaCsjm5Wr9eYbW3fBWtym9cc,1,2,1,1
1h1ioXPxvryYRj9wXM1h5oDm5a4B2EDR7T,2,2,2,2
1h35SNuugrFiDf1edv466u5RfpvfkAQXTc,1,1,1,1
1h36SPFVn3BBR48vsDXyH95E5LVTXqTFed,16,15,12,16
1h464UCtFq2nqTHowtAtX1fg7RrZkTLNnA,1,2,1,1
1h5pa4zHSB7mrc2VHD13g8aaR4BBKPdUs3,48,48,14,48
1h6t1tVFdG8qvLGdMcqLD5U3WmZcDJNyWQ,1,1,1,1
1h9mdTTFnNhdTCZ2Z12N6EF6wKnK4z81JS,1,1,1,1
1hAuJrN8EFMRFnJnq75bCfrro8vD7SysWF,14,14,10,14
1hDizGY5AnY6EXosccH6rApLSbVqF81Lwo,1,1,1,1
1hFg4mqHCzEAB36mRLnqNEfww9P5ziAtee,1,1,1,1
1hKYAkeTZaUsjDxmoWc9UKoDVd5R3JSTWT,129,129,14,129
1hL3oyLTz7j3yfC3MXwDjYyX4auT6BZpPb,1,2,1,1
1hLS54rzdY1mR85LQm6xaXerMqcWKm9zBr,1,2,1,1
1hLxWvMwcJWoGtyW1AchEbnP4zgbeExQUb,73,73,14,73
1hMgCykj4SyoYDTyT1qa6HbCeDXtxomqvZ,1,1,1,1
1hMkN5B878982UZDm1uRQqDgv6eB12AbYJ,1,2,1,1
1hN6YEKLA2oBrMLHmKKFms5TkrUT8H6Pdf,1,1,1,1
1hQparz9kmBE14GCFE8uzdAmgQEH1NdCgn,1,2,1,1
1hRFR4vNjDRvNNoKXCQ1KfEWbg9mY79gUJ,1,1,1,1
1hRRgD48CTWVChjsG33UzSLv2VNEzCu2CM,59,57,14,59
1hSdLeUFSoP9bSvTB3SYuCYQbcJxZeh7it,1,1,1,1
1hSj1ptorsdW7EVbH1bB6SoeXqNwQStqvD,22,21,11,22
1hU46aqczA4JRVJ2s6myBL28TaTpP8w3h9,1,1,1,1
1hV6aL68HQx5LqFggZ2kLuBEvhL4YykwBX,1,1,1,1
1hVYzQxe51C6KhBk4zMwtXHm9UByVUQ534,1,2,1,1
1hVdJyGpJnLWUxxtwfrRZCc3P4RfNpvgfF,4,4,3,4
1hWX2zDY8WFnZMrhwRQnJ9JJ5qiq1aKn5p,1,2,1,1
1hXLEKDzd5Azrodirm5NbkNZ3hX99PsJVN,1,1,1,1
1hZLEZ5AEE7TC6dazspuvS5WN3WEURT5p5,20,20,9,20
1haTKSpSiKTXm5y7AdXFZxUPNKScEmY4Z5,1,2,1,1
1hb6yuwS7JQzaePpREG28kLzGvSZCAYKb2,8,8,8,8
1hbpyJu51p4dJn111M3yK74TyU3JYnaNn3,1,1,1,1
1hbrTGGpQBsT2qd92XtKiUGpdN1u1tNfLZ,1,1,1,1
1hdMAa1bYCz4hB83U7eTwnfDzAb3VkttVy,1,1,1,1
1hdZShDuMYaEwq3YNMW9RTK6PpxutT24WM,23,21,12,23
1hdyzJVWvzeQynBhpnfbGR7UBpH7xPuigr,1,2,1,1
1heo4UP744fU3m5jjDXCgxLr1jxVffKZ7F,6,6,4,6
1heyNg4nZ2MBZmWwJcx28gzJ4VkgfRF4Db,1,1,1,1
1hf3x5kpWZLamnCVkgS2PXTkexJ2hJMGXa,11,11,7,11
1hgDKu3UgK6ZdmRZqEC1pLvqi5ZkVjTLmK,1,1,1,1
1hgQ7tGvdT1xRmicgej8525F43aXtjiVyM,2,2,2,2
1hgZTpawx5R3tLJyVgc9kGi4WYXBgrQnnh,157,162,14,157
1hhxMMaLZcKK3uSA58X42EDgMdHm9eLL6v,1,1,1,1
1hidFDwbbPNEVpLMBw2vgkouKpx7jG3ND3,1,1,1,1
1hmFxrEP4sh1JfWLAZHx4jiHgmeEbfQXCV,1,2,1,1
1hmyVjHzBPiMzCmGRKVSmLkGtimv5DQd7x,33,34,12,33
1hocwAVqy2SZCuRqfhUG3KoHeZr1QCCxHf,1,1,1,1
1hoqN57utSKSjHyes94G1z93E1Kh6DtXFB,1,2,1,1
1hpwVBYChsuPsPAx3BjnipYFyrf72ZxHU4,1,1,1,1
1hqXCcMdVJv4K3g6HWhctvd8iuoWEoAe9w,7,7,6,7
1hrBuA15aEdjwuADKuMHa2caK7DhB4d61U,1,1,1,1
1hrQ7tLFktJrNiChxmJ7ZUUqavZCLiXd7L,31,33,13,31
1hrT7GJRvPzQANhxx6EQm4UW3uQNfUivhq,41,41,14,41
1hsSMP3ZHEWbCqC2fWSnfiXE1NWb7eeMyY,1,1,1,1
1hsUJXRbjB6pTjxGbqMYVCyoYfnzRgs8RU,8,8,8,8
1hsdvELBeFbBRp8bsLNUgqZLS2iuMBDf6R,43,41,13,43
1huc6iwd7U6qKv7WGCYmZz75uH2eRBZZqJ,4,4,3,4
1hwHAMKr6xvoHedxufy7s5wVbDk6nH4Nnw,1,1,1,1
1hwggFqBN52LD8gqoxH9XaEweUGJBfFZFC,1,1,1,1
1hx1XoDtc22U6yf99nqE1Q1p7D2C2ZAYM1,4,4,3,4
1hxR2uEh3ke1XziFyERnq9WmcbBgh7SUQ2,8,8,6,8
1i1VNG4b1gpEhjsnCxLvKyzuZio6bre8Y1,7,6,5,7
1i2HNF34kSuw4PEMLNKmm3twxVtbXSsjhb,3,3,3,3
1i3azWCPYdb9x9F51g6UER3MXnAfDfKk6i,1,2,1,1
1i3chJQ2hqBvV4MofufDNGsHcsxKNS3ggM,1,1,1,1
1i4exVbSiTTjqS3rbiyWccMJXJR5VFyYhx,1,1,1,1
1i7xuDCLf7HmA48Hnj5Up1bnXYxJP1jM7J,35,35,14,35
1i851LRNm1iCH7d5hJjukkvWpxJ9t6frnR,27,26,13,27
1i8YWfq6jVVp4jBEdPMae9zH15KdXkCdWi,1,1,1,1
1i8be1CrKS8vrEfqpiTvLfVNWBorL8fpb5,1,1,1,1
1i8ji1BSCRFn6VVe39yCF2iQ6UatFE9PT4,1,1,1,1
1i9gCPTj5tsJS7KhPmQfEDysuy1FMsu17P,1,1,1,1
1i9pMvrpPo9AUXDRaqpwQ9BPSiKA3PKUAP,1,1,1,1
1iAKdLTmaefnPLmuK2qDxHgviaooPixxpk,1,2,1,1
1iB3thEh5HzzWJSBMNNiWkP77t1hTnjWWj,1,1,1,1
1iCMkis1HJXeiEFA5KYBnidEdi1TWvuEmi,1,1,1,1
1iEed63Wzgctm1ZcqbFoWXxpLzJj6HevQ5,4,4,4,4
1iFoRnfnggaqX1sJzPGXSBecf5Mq6bG941,1,1,1,1
1iHJ66mPCbcaRcG3Mo2e7c7KmLD2Dq6MMQ,1,1,1,1
1iHMbTwzCxfLnDK39uYDDfNJZKHqDsq4rx,4,4,4,4
1iMWRfDhuHy885t9eLpQxkVviY6T9yj3dE,3,3,3,3
1iMty7biYzTZMtsEp1yTosg85StVqQebYo,18,18,9,18
1iN77mDfKEK9YomCGxK6r4Mc5bDF5hTBif,1,2,1,1
1iRAAG1cTu5iWTTsxGAZ82sk5Pmbz5xEgb,1,1,1,1
1iRT98thonFe7djnY5awbf464JdXZkYtvR,1,1,1,1
1iRe8jmDKovi4buhaRcCvZRCR8QN5HMVF7,1,1,1,1
1iRuQKfHSkNNjkTQX9Pw5Mc47bfcS1MrSo,26,26,13,26
1iShc6Y2y4N6SxVJQw1Tq9A7HKD5TEnjyu,1,2,1,1
1iT9DbwKaAqztQVnFDJoGAzJhjbSTsUpu4,1,1,1,1
1iW9ZFqNiAnYZPiR4PpWtDWzcNbBVFh8co,1,2,1,1
1iZHfEHP1ZaJz95GqBZ51UbQ1N6m3oZy7G,1,1,1,1
1iZdWyCbNku8NfdXJzJCaJkMeXDHuoSnYk,1,2,1,1
1iZjNYnJYauwaSpa19SJ2YpsMhSfAtGBrN,44,45,14,44
1iZoHhvYeoqE36PgP7bNKKqb5y6paVu2tk,1,1,1,1
1ia5fb6T75TwQtQRFmpGDWD4HNcfsTRznV,1,1,1,1
1iacAWCoiQwCHMKzxDuH1NZ1qAE64RbCYe,6,6,5,6
1iavsKcgR7BusxYxNiHwJ1R8dND6zAkrcQ,1,1,1,1
1ibtiVscwzzXqqETB2TgCNiFj1YykUbnGN,1,1,1,1
1ibtwFvfp2ggW87ssTpWUY21PLhK2racKn,1,1,1,1
1icpHBVEmn8vUxWXvEqCxFisqaGrVPgX52,1,1,1,1
1idRWV2hX1fGZ5V7qececQ7hbU1rAcd4wm,23,24,12,23
1ifiS3B7E92VPCQmEHCL4DzxpmCPaMG6Xq,11,10,8,11
1igLMTcPZuYwsY8x8uMjY8w9fPm1b4cWoA,1,1,1,1
1ih6EEBkZwp8tPk22RQ9kML6pfB6JG7oNF,28,27,11,28
1ihtsorBiSJ95N8NNUbpkaDsB6mCJ24dL7,1,2,1,1
1iiDjHMwx7hT9nT2DQhSFfW3vq7vvat5pn,1,2,1,1
1iiJ4BzFJvFyP2G65X6ixnxNXT1zVNyNTj,1,1,1,1
1ijHqPCjXqSi9VM5JDHqv87tkusCEcC3y3,1,1,1,1
1ijj3JWt3Xv6qXiTf9KWyAkChADn4rJ2YV,1,2,1,1
1ijxyzKxthMKRPxsCpmZhPWvWC1CbC6qo3,1,1,1,1
1ikozGNHZL3GvtJHxgfsda8FKbFLMnVJYb,1,1,1,1
1inZTbBX8cGDf7RRLoPSfCCNNyVCqz4oXv,1,1,1,1
1ip8v1cAKJuoZNqN3pT543QzbAVj7CnKWj,6,6,4,6
1ipeKg63bCcxTtPixJUy7DTmC3nQz8Pr7X,1,1,1,1
1ipzgXqMarZww2dqfLttZqDCQZbwprgkf6,1,1,1,1
1iqy1WNhsmzh4tdTrSKNnq29kB4hu1v8uo,5,5,4,5
1irLMQq7a8ZHFhoaZgAf7LJbu1Z5egVm87,7,7,6,7
1iropt2xYYKEhFB3sPYkCPKLctFyD6koP2,1,1,1,1
1isGgBtMeNhznUCNwb65UF3mwPmxcgzPex,8,8,7,8
1isrjKLPsAFRFx6bucNPiFS2MrvqfH5E6p,1,1,1,1
1it5UTuSbhR6Gk3F8tPDoe61Xm5nz2LXLW,1,1,1,1
1ivGfoYYR2PVUCyCaHP6nHkFbovgA2KDKH,1,1,1,1
1ivKrHHb5CBz3JtycGCTFzNkDXvkXZiZPq,1,2,1,1
1ivTKyQTWgFGY56MnipHi3jpTfYgWAt8Qg,44,42,14,44
1ivWHbGYtjkhka1n1FYo3BaaguvmqmqiZQ,5,5,5,5
1iviVXFSHzna1PdaDfjed4jW6sjntUtGo8,11,11,7,11
1iycggD5xMT8nvVDi8Gy7Ly9m1LqMkJCEm,1,2,1,1
1j17g4JUioXcEzW7JhaucU6P7fwE8cgJ1T,3,3,3,3
1j2YcDsj1NxmZszojjHAmvTyqVXWp8tdfF,1,1,1,1
1j6CtAXwH9KMNLGmssZuzqfjXJUs2iUcNm,9,9,8,9
1j6iseQ8D8B6KDH66s2QtFE5fTkNdRoyac,18,18,9,18
1j6sfTCP4r11RYvC9uzKBzEA1RTXWrBQ6h,101,112,14,101
1j7ukBxEJ1QZ3C3oUwyHFDt17x7iBo1VuH,3,2,3,3
1j96BaaL7uaxmZbjZhg75nD4SmCUAASZoX,1,1,1,1
1j9U2QmkUeMRqAY1ArUo5zpdVak19RJ84K,1,2,1,1
1jA8Lk3Ma7iQw5mpdCxtgZnFwDH4fuG9kS,1,1,1,1
1jAwWmKpyfMsPFLsNj3ToiTriaqygcizKJ,1,1,1,1
1jAzBsvYyJksTTHFDEBcCKpRfy9gkAVt84,1,2,1,1
1jD9GE3Y9hZPdJn1EcVmXpBFo9NESxuWkh,1,2,1,1
1jEBUscjSWgZzaCGqXwTUHDP1hVXVEEqb4,1,1,1,1
1jHJ897NKnjCCvexzWZVUjAy55PxpLJCFx,1,1,1,1
1jHYi2jbmidseaBt9MAcEkzwkWd58UgXsH,40,43,12,40
1jHbrT2u4gwYUqDZ21hR5ccFzuEv6V1J1H,1,1,1,1
1jLNKx6nprfTEf43wiiav5ASM9MTtCgTBQ,1,2,1,1
1jLPVTGSorC95yS8CRqq2iVpCrSkgDfhE6,1,1,1,1
1jM3AYhWGm1s2ZE2i3GUoeJ7LMGcCduszj,1,1,1,1
1jNMa1iwQTYfxzenWLFPbqtvzQouJ8Hocq,1,1,1,1
1jRtke5djCHMbqiRheqoRZfBF7TW2LhJEZ,1,1,1,1
1jSVsnhQMsfPqg74wBaZXW3gE6T8UCfS8d,1,2,1,1
1jTeVWbc8ELnpXmTjVMBLbxnJENxWssf6x,1,1,1,1
1jUAJAzo6t7Y963XsMYFCvrCa8FmnYztC3,1,1,1,1
1jUDQH34TmUTGpv3qEm2zsF5QmctPbchr1,1,1,1,1
1jUho3FtD4mG4MpNmRjUBXWHQs7MvrkG4B,25,26,13,25
1jW3tMqkeuQ9wKDdibF9UdgzdfCAmWP9NR,8,8,7,8
1jWWULmPB8ypbcByGhfzXH3Loik66SeC9v,1,1,1,1
1jYaiy6HYWkytoeJo34mWK34gYin5einPj,16,16,9,16
1jZEwa63RRkbRQkmwmhm114pLamN4UXtrV,5,5,4,5
1jZJDPMeCbQ5efueo5hN9ZXqxTZPR4k47o,39,37,13,39
1jZKn1WkaSk5sFtWmffxYoHxn7fdEsaDts,1,1,1,1
1jZSw9cYiHVbd3VuTeEF9Wc5RGqsV6CcUq,32,33,14,32
1jbA2qor8BeeJPGJGnDjJmSz9xP95nToVH,3,3,2,3
1jcBQAy7142DGAGX18EK2HFhn6aHRr4HoP,8,9,7,8
1jfFDj2BVxYqx1CfXVFuqWBeFpViJM4Eof,1,2,1,1
1jiSt2rHz4sWP9cRrQTi61WPqugMtnsiL4,1,1,1,1
1jiU9u5qJCtMdLecHgHCBgETXM4rxrNf1H,8,8,7,8
1jjetGqoGxrpTrwzgLFJftAXjwU4eoyMrW,1,1,1,1
1jk7YsJNwRWqfzrEg9CaJn7QHHTE69gYkS,1,1,1,1
1jkxNZq4RBsKKiaHM21psKAKVHpQc8CirA,46,45,14,46
1jnA3hd5KdM8jBfzAiagBvx9vXDUHBswGT,54,53,14,54
1jqv77711jvNvFSaw9poziSYpwwCNc9Ba4,1,1,1,1
1jrcyyHMEmp4ZyPe2MTQH3Jv1xk6kPjQDF,5,5,3,5
1js4b845gizG3MwEiPSWNJqzVTDYjt3ZsZ,1,1,1,1
1jsZJjip5dSC98tiYe2fCHrAdpJ3P3xgRV,5,5,5,5
1jspqNJZam9Vd3oUqitiDbRXMQ2tmsEbG1,1,1,1,1
1jtPfXdAvnh1rEaDBpcQJvdjRMeWVS1LwZ,1,2,1,1
1jtWUwGZLc7gbUbLu2x54ZaiTZFkipHvqP,1,1,1,1
1jtzaHH9L2Ny4MkUdKvhxf1miS7HBzcbMN,25,25,9,25
1juJ4c8PXukjsRLH72JYT5VwP33f88WtEE,1,2,1,1
1jv5yCfssgjTWZV1XMKDde5dQnTihwjNrg,71,70,14,71
1jwhpC7msWdD3WosCFSzuvB44Mt32XWLxP,1,2,1,1
1jwokHnANpa7RLbegST5KGmhSnMKXnXbkc,2,2,2,2
1k1nsGYfRYHXyEucGZynoWjSYtgbQxazc2,1,1,1,1
1k3eeZNk8K4t8NaGTM9eMvTLzRRqCZa2Um,1,1,1,1
1k3mvBhMet3WFabHsw6NsKHkbLZ3AoNSaJ,1,1,1,1
1k516oDHyVZDEgU8EhmeMNMn6VS7P2fGzX,22,22,12,22
1k5t51vZnWjbCvs6XXpiBRetpu7dVT9951,78,74,14,78
1k8JGn43Ver3k3uMy3BmM4hFTMAuuhCaqn,2,2,2,2
1kAUUMDrsk4dp7XAdFK1wtYK3nnaMyHGj9,2,2,2,2
1kEHbcMMerytwbQd5LB3cPmYfthemF763J,1,2,1,1
1kGA2ayE6V6LnfW8SiiFbKdEKfnbTdVm2C,1,2,1,1
1kHYoftEayhD5zuieGVRjRn68ecS9gRQXJ,1,1,1,1
1kJStak9JBbBSboY65YCpeSm5vu8q5xFfW,1,2,1,1
1kKswXPNKdVorJLuJUPKoFJY9HW8Rzfxnq,1,1,1,1
1kLkmm7xaZgKmxX2TRAkZ8uDmLBnNZr8mS,5,5,4,5
1kLnFL69C6Qi5Bd9ycog6rTe9YCVqWmgQ6,1,1,1,1
1kM1yxyQBbEnd1rQEezDL74Ratgq4qVP63,1,1,1,1
1kPPYWh14kugNbuMUzAWneNV5RqgV1u6UP,2,2,2,2
1kPiWDNhxqdYSbUED9Pxrx5UZVgEFiGrSi,1,2,1,1
1kR2UvjSrAvA9DcGVdg88yATkmEEmWRaAa,1,1,1,1
1kR3JGiY7LBAathCtX8UsJvQ8yMSkjtJUo,13,13,10,13
1kT1bzp3xAmr86dTNuCTphbSUZh6Z2zJMe,1,1,1,1
1kTWWP3SEo7SMjk7HqYhYepjg8T1wNwhRk,1,1,1,1
1kTrZ2oKGi6TbDvDPnXgu7SurSPs323hNW,2,2,2,2
1kTvLZX5SjPCbLunbDW3JUagezPW2SBF9y,1,2,1,1
1kTwSk1maPt8MDxqoTnDvd3x2CTuGvYEFq,1,1,1,1
1kVyLkDqNcig26RQz1kb8GfaamfWSN8tBV,5,5,3,5
1kWHuaba95a5VhoZDrnDHsGXgbZFqH3mnm,98,97,14,98
1kXFoWGZWf7bDt2TC5XXSSpQqRY12sCJjp,1,2,1,1
1kXbZj5knpegP9H4yFQKYg1cNWK4cKf9mj,1,1,1,1
1kb9R6EcaAzHnmpvKBhBvmnAfyo2p448kM,1,1,1,1
1kce3L4saaqtRRKZbbq6ALm6dtsjuppxEz,1,1,1,1
1kcxxhM6pRkz6P4AQkzR9VSQwNG4y32occ,1,2,1,1
1kepGitFBjCLR5bAYGNVNu6uipfe1pYiXt,1,1,1,1
1kg3kMbbWYtnzbZwk7jfGihCPnEygSpg39,1,1,1,1
1ki78wF2XTWvdimwQq9W3hTk8ZmFkys8tU,93,91,14,93
1kkGBKpFgATeJXRBY3SxqDqi2VnZpbBnse,1,1,1,1
1km8b4ehikULrhiYx1AvBuMJ14TV8D9z2o,1,1,1,1
1kmtXvF9cBaS3c3raGWyidQs8ah92Aj6E7,1,1,1,1
1ko2WiokaiaKTeMoNibFbqNwEJuaVJzhiy,1,1,1,1
1koi5phVhqunNx17azbUqNsQdjKeyoJmE1,1,1,1,1
1krCCD7zY6ikBVFzeGuSDNas3xZwkZjtXZ,36,38,14,36
1ksFewaQeEru21Dzqg51uMtsKa4MacwbVz,1,1,1,1
1kt8D1sZACXvTpwoLNVVVBiZR81ML8wYqj,189,190,14,189
1ktPT3EYp6An6RuHqGmCHK9oajjT5WdaJy,1,1,1,1
1kuD3EghxDLEnF2Kfw8Bh58AkeYGozF6fq,8,8,6,8
1kyE9Thh92Zd5zvRZLyAc8676AqQeZC8FD,1,2,1,1
1kz7eKP1zxXbS8RDrFtmm2KsR6HAzsCgD5,1,1,1,1
1kzATjgE91VFwLceUwK4sCCLGP7oa471na,12,12,8,12
1kzVcEhCgKyeCbB4E5ajpMrMUUYeZ4SnC6,1,1,1,1
1kzbyfj1F1FDH1YxLmacJ2SrKVWmhozTwb,1,1,1,1
1m1TBC6NLr5D5GrbGb2qe3PBBFBtebh6Re,1,1,1,1
1m2Tr3wz8YxwHQH6Jt4WXSPcfo8f7ZX7Zr,1,1,1,1
1m37siUwQx29iZzts8T8Qj7N22MiUCKMZy,1,1,1,1
1m3Hp2oqf52FtbS2dkQsn84eptwWsEc7ej,1,1,1,1
1m3Lw5V9g7aqSa284eBs5cYsbpQVEZTAih,8,8,7,8
1m3PhqTzE8TvPgBusVRMhvn2jXhLSb9ggn,1,1,1,1
1m3hXskFBySCwD5bFCjeVr8hBo7vdUietm,4,4,4,4
1m3hvbNqvQQD6TV92J91i6SwvAWBbaieG4,1,1,1,1
1m4GJgEWJFCwBMt73f17YFFbxAEsVqnbJC,1,1,1,1
1m5xHZ4WVo1p4XgD9LFNVqyoUPQfaNMgy6,1,1,1,1
1m62pFTr61cbVTkS5etBHnnf4qFCGcgKDP,1,2,1,1
1m6Fb4VA7C755kQmjhJRQDp3tmk6Sf42HZ,1,2,1,1
1m7DwAVurpN7ZcNveRP5wA8AobdSAnzjWh,5,5,5,5
1m8Lu2uupdRoKmMpHLCQsygHjwjiNBpY7i,1,1,1,1
1m8afCNaNHyYhqdv3KhS2vKsQEgR4VCeK9,1,1,1,1
1mAD9pZc9dE45NfgXNmaGFQtnzQE41y47N,1,1,1,1
1mAvtYVRGM2qvzs42AyhMnNKmU1LbXEWoD,10,10,9,10
1mC2G6innPPaU3G6Ahy7bcgefpQgwuJaut,6,6,4,6
1mDBU4Z9VSQ4iVLHr2k1nXSZWQhaD3BGCR,1,2,1,1
1mDWNYGRRB17ThePBZbLcRvyP9ftFb6gE9,1,1,1,1
1mFDDBmiPTLWLkyakZbakNsk26u8C56QjB,1,1,1,1
1mJ2G5H6hXK1fNf38HTiqwMoPp2hiexSTn,1,1,1,1
1mJVpSPu3E5zsXBYUemUzfrQVR2PoTATqg,1,1,1,1
1mKG5DzTbbhvT8amv2gnEGFNGbvrqBMCc9,1,1,1,1
1mMXd7nX88nK4pcsip4P9nmDTQobcn17hm,1,1,1,1
1mNP1rjpixxTr83nSnrPkU1omS2fmUun2a,2,2,2,2
1mNqEgFXLrUF28mfrCfEmGwKd3sx3jQ59m,13,14,9,13
1mPUQr3Er7gXZCotvDdjXZ7WtoPxGmWDGP,1,1,1,1
1mPbYaGMRAXvPydWR6PvwoBQftZnWhXkLt,1,1,1,1
1mRRgjY89bkyr4S4bMrgf8nM2AwrxkwVvg,19,19,11,19
1mSKLf3xrWqbNWHK2SVAcvRA8cGo99w4xV,1,1,1,1
1mSbfwnUFNQ2FMQeQZcB9xv4emoyTQTLKG,1,1,1,1
1mScXPaBMZUQQ3VutMGM64E4KAu8SvXvZZ,1,1,1,1
1mT3P8RvpBst4WSpr85YXpCUSDSwMVYT3B,1,1,1,1
1mTBq9XF3NrW13ej8H7ZJzCNgf3iUin23k,83,80,14,83
1mTu9eM1afSe6zNHSzRLyQBniFqBLD9Wzq,1,2,1,1
1mUqE1SuEBhhwwKXtNTZF1nH7uaaJhe5dx,1,1,1,1
1mW5saCjrvhuL41cCKjTx9yVitXHBi3Yq9,1,1,1,1
1mW6ADAUkFQHFxwyXKjcoKMgAGRN6goSCV,1,1,1,1
1mXkowPbzjGUb1N7Wt46c8XUgsuekuwkmN,10,10,7,10
1mYBpkWFokrpGZcnU7RQfMTcvBAZvU3gre,11,10,9,11
1mYMNmcRmqFzWzCNTCPm1kMxppKzfMrf5e,1,1,1,1
1mYv8NqW8aXKEWE7NmoSDkXaTX5DBu8WpY,1,1,1,1
1ma18WZVv4BbaRBWZt6iaPm6j6yMG3qQ4B,22,23,11,22
1maASvazoEpeT4sSQyce8oBu1PGgWK26Mk,78,77,14,78
1maFM17VENGP3XttyxMn5Ri9vybgKJrq17,1,1,1,1
1mbZSWTDHauf5gbRkFCvxPyFnkCufabKG7,1,1,1,1
1mbnXiKhyvYTdgZfUs6eF7CWEL9id8C38y,1,1,1,1
1mbtX9rk8dCdngySztSrNjmB2LrJhA67fJ,1,1,1,1
1meLxn4cpsHSEbdG23cD3vFNdNXnXC3QE1,1,1,1,1
1meuD8hZENLffXeYNWhBc5G77mkdSQ2cTz,1,2,1,1
1mfKNywYzFFe2y7KbGXzLu4x5bwKvvwwUn,1,2,1,1
1mfTwfUFriU42h8eER9QxkUYpK55RaW3TH,1,2,1,1
1mfw8XrDg46BfrTno5YQPjEHpREHDR8D14,1,1,1,1
1mgdNsp6Kcx1tU2E53NSXrYHNHpa8hJZ5C,6,7,5,6
1mhAAEs5zV6F3BS83khiVXd6kgBNF3MUDm,23,19,12,23
1mhZDwhH151KEHhFTQs2fx2fxmz3nKrXbQ,18,19,9,18
1mj24dsdECtsX6BKwCxXhAAUJU2QHp5Zre,1,1,1,1
1mkqhLwHofVZokQFxGbnt8bQD6hX7Kfs4K,6,6,3,6
1mm9jg3vxqjvd1gAQ7Nn17mMDrygfWTAw4,20,20,11,20
1mmjMMQoYB8kgXC3vT6NeRuqLLjq9kvSyV,27,26,13,27
1mmzCsH6uQSgJSAguz8kLJpAoWwKdTyZon,10,10,7,10
1mn95r4z5ah1Wqz1DqYcnEY1gJToFzUuvk,1,1,1,1
1mo289Ntp5XXugwv3kZRLpgi2GjZtpZDSV,1,1,1,1
1moF2HnDSCi9qhX79sFafjAUbYy8B9WVkQ,15,15,11,15
1msEq7eD376LgdSK5afZ6qkBGFo7A9dkza,4,4,4,4
1msSvy8SxiUSWj7kU3TEQVLpAMx6DGfdtM,1,1,1,1
1msZeh9AfGJBWgPwcuQp2cNa29ffeQCENG,1,1,1,1
1mssdN3FtYewXJmkfG9UxvzfNc6q835KVt,1,1,1,1
1mt9t3XMvgmgUHgESWRQ2jVR69WLCUw7r6,1,1,1,1
1mtBKzQ7cGWCAuqi8BgLw5Mk5bHM8wSYTx,1,1,1,1
1mtovC6x4qQ6jJYzcKs5LZc8X4JJhBwuyn,1,1,1,1
1mvxP9cJKMDA5Fdxx1zYzJZARqQAHj5TKb,1,1,1,1
1mw48qGNuyC7aAqFGYtSLdhsoqvbretd8M,1,1,1,1
1mxmiexPkMTLeA5wDmWMUPKLXBvABkPXHX,1,1,1,1
1myEoDLEVrFGL9KraDa3VVPsBvFEE17dCf,47,44,14,47
1mzRWQNKqMJGB2KoWtRMMn6gVFSuhfutMf,1,2,1,1
1mztKiTZMt8k3DFTgC46F1vcov9HKLkWGG,1,1,1,1
1n28i1i6pbFjs9XLGzrgmBg9oT7My451yG,131,134,14,131
1n31io8Amk4hANc2zPTZzLx6ErATFbz3DU,19,18,10,19
1n33Czf82HiTtog8Uxy8ApkvvGXeEkiw8v,1,1,1,1
1n34CavzZ5fk45HboLFoZyfT9N71ji5Ar5,1,1,1,1
1n3HTxR623A82rBXetMDsvPGSNogJoNV1M,41,37,13,41
1n3mhRxQ968ag21YEiXBEBX2DN6eqWeMcy,1,1,1,1
1n3qhHYPtuh2Kvu5hi21fXX9R6xmgh2B5y,1,1,1,1
1n4SDheaDZaAKBJSCsBY5ugtF8qx7P5uCL,7,7,6,7
1n4b7LZ3KtDPQLug7bz6qMznmqC48DuP1M,1,1,1,1
1n6GqJRUo68DEAxWQXhrcmZaiJPVW5AurW,1,1,1,1
1n6gTDXUxdLxmLJAx3K3ikV48eg4iKdx5W,1,1,1,1
1n86wvfMCZyLmykyWzg1cbckWmHa41k3iE,1,1,1,1
1n8WZzGNjugwFfkSE7SVBnYRLpvsoTtBLw,186,190,14,186
1n8XZhc3TBQ188bqoegPcDPUW7dqYcADpK,1,1,1,1
1n9NUiijECf4LuCnHfuNzge8kJ4LhpbRSY,1,1,1,1
1nC1yjSVTMoQEiyRXVidYRvzxBVXEQWg8Z,17,18,11,17
1nJuyakD13GQ5bDS3xavTA19nDgB3iigrr,1,1,1,1
1nKAn7gavRcv3msq8J9qLWaxLVkB53QkT1,11,11,9,11
1nKLyMA9Ugb1xEyGvSB19F43W5BYXgXdgY,1,1,1,1
1nLN19R4KGSSsQvxPfdQj11Ypqyy6JHxE6,3,3,2,3
1nMoeNFWLqU9KHmP76L7Hf7R6cLFjnMcQV,1,1,1,1
1nNYVjxSWNd2CV3GEhLvnWAa1RgFtpVbrd,21,21,13,21
1nPkXSRSkRMiXsNDmMs9wXCjLNUCv3pEQg,1,1,1,1
1nQX5fGyweT9tbLprRK8f672h3ry9MmVDh,1,2,1,1
1nREtmwmvEDzKN5MRVGWF3ZpU5MyfzR9zc,4,4,4,4
1nTddbEdCABq3HbvZzqfUtnM2p74kv6KRR,1,2,1,1
1nUFkKAq7Fr4L6cf2Hifb4qNdoKNLZRBTc,1,1,1,1
1nUUyWKLvo3ENJmhXX8tRqoP2R5wm8S3Gy,94,93,14,94
1nUVEgJqaFTAniwExegjuCJxaRa77PHRot,1,1,1,1
1nUaWVdE4KNkRSoZRhSXLB2UV5BHJeM3Gi,1,1,1,1
1nUhW5xacfvs8Ej4YJZdpnTTVUHKvkkcUA,1,1,1,1
1nUmV3Fxc5mGRePjzumhYamqL1D4k6J5Lb,14,15,9,14
1nUuP1nWpMBxauSPzkEni6kziC85hftjro,2,2,2,2
1nUuqGq9QjJvcoTqDX4C6aaKyfg9VcMAGn,1,1,1,1
1nVTdv2EmhHCsw48UpiTCf4AQeE3rMMpRW,17,17,12,17
1nVrjESk3UMrusdqySTqxjQQzy8v3X7BPX,1,1,1,1
1nWoCkK4wG2FnKEPzPAi9tnnjLKn1mMLSk,1,1,1,1
1nXzjcSJV4Sq9KzgM13s9zPYnafQS2s4zg,1,1,1,1
1nYZgt2rURc1CwZj3auEPw7zmogQdkHEYM,1,1,1,1
1nZkGHEG8uGbfAHEqoNxddtGP85SUFtKa6,54,58,14,54
1nb9Aj4bzJeuUU6LRu3MQRhNHVDjdm5NHf,109,119,14,109
1ndHgtfsmpDxDsWwUs5Zy7ShDZpZSnaeBw,16,16,11,16
1neCcHhKwYcEQmhGYYGLaiNARZyuxTHHmq,1,1,1,1
1nesCkUu7MSgjE8gYhqb9EmsbFTJDxrhLf,1,1,1,1
1netbVRo9eMV5hACB71WhCkuYUTAQXKJXM,8,9,7,8
1nf3XX9ghjqTxMbs7kAxm8E4rjLC5Uz9m3,30,30,13,30
1ngerfVA4qRNwooZkUugwtGdLmmc4G3Juo,1,1,1,1
1nh32ivFpD3dfckgtGauBMRNQa56NKhbqx,1,1,1,1
1nh47LG4dSsDcgkMWoWyzCRHr5ruK5yYTd,1,1,1,1
1nhiVYcKbwz8XrMMcKhJs6cchhYTJuzThg,1,1,1,1
1nixmwXw7pioiidimpBYZdRuDZoRUHN1wq,1,1,1,1
1njRAzGH6YMHERdBjhuPgWR1Br46ZmqC5D,1,1,1,1
1njYkvX3G8DN1n9suACv9AwqCvEoxaxUrk,1,1,1,1
1njnaa7HXXyGABAYyzGuSNeB8chzMknZCr,13,12,8,13
1nkX73mxr5Ps1VxcnykMi3myHGqw9mcKYP,1,1,1,1
1noc1Q86cPCzrG9wqgWYUoanDaJgRafxVV,1,1,1,1
1norxUDdHTeeFx58NzB3fWtuTCzyJTsNdJ,16,16,11,16
1np3QAxT5KdzUjDsNGAJUofUasTX2MhGn3,1,1,1,1
1npKAQCZBxgsNs1g6KUH6ib6XxvnChGiTX,1,1,1,1
1npjQcMJBBDCqofX25v4urV19dgrbhwLwL,1,1,1,1
1npmmRRzZXfG7EvLYc9EcPy6BbQ8Bwg9u5,1,2,1,1
1nq79Qh54GcSbhLSy5v5afaN1uMxiSutu9,1,1,1,1
1nrdHuhHo9V117TtPPb3DVrQTYdkBoRtdQ,1,1,1,1
1nsggeyP16wbqtkKgeoPaZunLnRcqsfMMc,10,10,7,10
1nuYEYWzDiBGnQkNRFUhxyHnvXRdGfZzWP,1,1,1,1
1nuZKtZscxv9pZueVcjo5fmwhCTAup6F5H,1,1,1,1
1nuwVVYE5hbEgEHbBxv6cmCuFiiner8BUt,12,12,9,12
1nv1qoMuBtDZSFcbwr21fHwddzEx6AVXF7,1,1,1,1
1nxwGtd1Wx3YYCx73PyFT2yqJjwMiEqtGw,1,1,1,1
1nys18mwXkxzcsvWjNUvQD1fwhtUcgLUKs,1,2,1,1
1nzhrw6eUTS97K8Zoe5pjg5UJhVz3F3cu4,1,1,1,1
1o29yiUZ4eRXm3KVWFwhEwUkwRhxGUCdD8,1,1,1,1
1o2LrZkCAMALSkGJUUdJ9HW7NQsZMKbYy4,1,1,1,1
1o2ciPRRQbVwt46Bi5X4FgsKu9fcSqw1tt,1,2,1,1
1o4ECJ8wS3fmdKTR1MKxcKQs1x8yJ3e46G,1,1,1,1
1o4FXNrWn6SHJZKMkRaaAGHQtTUYQnu5Mb,1,1,1,1
1o5RsPGiAUK8y7iFQgAEoNcS1BzvcdHrNA,1,1,1,1
1o6DbYBJ9wiJ7CwDDHepKCYeiPNPeXcLVH,1,1,1,1
1o73yaCYE8WLm5PyRKMwLb9eFWHpwr4h26,1,2,1,1
1o8EzfULj86q5y7iebL2Tteg55gTxfWVZL,1,2,1,1
1oACAcTT91qenYEMFTjkYyo2uJCmed9Wdv,1,1,1,1
1oDTLkazVz3BUGkww9WfQm2V2hfXMi6edc,1,1,1,1
1oDzZ5LtDJQygxLoeyVujaTkaMm1yvMLSs,1,1,1,1
1oE42nWwgZBcR5UNh19DETNHiGaJYdLC5N,166,157,14,166
1oE51hHUErdjqsuxUuz3qmLVAHQDaC8CoR,1,2,1,1
1oEPwbViSaPFa9aUmBL9VWGZAKf28SSeKb,40,41,13,40
1oEUNRLxuHEbSp6HheyWsLQA2YgQf48Hzb,1,1,1,1
1oEoq5PF3RTcf587agT8tMkBke43LQ6k7k,4,4,4,4
1oLsudNgXUgxF7u46cARaMDjPUBbc8E6Dj,1,1,1,1
1oN3SSvD3TWj9kxrKByQf4n9GohPSd5BgD,1,1,1,1
1oPdLvRgotbVde3HtHtNPcMajhzv2Yq26f,1,2,1,1
1oRgvECwHJ8Jm4Du379H5UVyDiKrybWDWv,1,2,1,1
1oT4YEsRK3Q61CMXRdJnyEjqjYUZu6CBv7,44,43,12,44
1oV1yxbVHNUnpXCJY8XztVAfZ8hgYQrCSV,1,1,1,1
1oVmnHMM8Nkb9gAiFJn6YUGq8BxDrhZBAM,1,2,1,1
1oXNau3FasYX8AKgMhAn1AqZp7TZYtFeD5,1,1,1,1
1oZnFcCPwSg6eJgNAShnKSD67ySQxvMskm,7,7,6,7
1obUoP8NERJUckUeJ83K5LZfYNYt2tJ9J5,1,1,1,1
1obqEvTqF1ry24V9dH1WJoaWAL4iMrJh6D,4,4,4,4
1odf9mpYNL1r4GkqbosW2iciKtEe3N3Y31,21,21,10,21
1oeUkf2ns6Wvw5DPQPbcFmwAz266ZLGiqd,49,52,13,49
1oej3eNmmeP3YG1ztQVoGJkoy5HDsGxbmz,1,1,1,1
1ojLctfmchWpY1TXwew8EbWfgUo2eYRr38,1,1,1,1
1okC2cpm5kudLa6SEFScapF1KgGg2xd9zK,34,33,14,34
1on6xwsAG528o6CD344K3gfb18Vt7ADYsH,1,1,1,1
1oom93n5fsAHgwUfUgJegpL3Tkt4sRVCno,1,1,1,1
1opNoEXmpRhDR8JGAbFdQdJYJiMx2MMU4m,1,1,1,1
1opSJD72adtWaGLcbZbAbA36eKbDa34RQR,1,1,1,1
1opk9YaUcte6oFdaN7V78XLk9rBC731Hi6,1,2,1,1
1opv9zqaaKxY1BnqtjDac6m9skYP4i7MZB,1,1,1,1
1oqyb897dvuoER9vtTFYtWnjVfbvnC4gnR,1,2,1,1
1oshH5yYDFFi9BqJfW1TdjJfZVnSVGsPqa,1,1,1,1
1owr59U2nXRAArUNE9YgbP7RViLp87ftk3,1,2,1,1
1oxCvt1Gw7Ssoou971un3oSx6sQouR2eJA,1,1,1,1
1oyH24JaKdyq2FA1JjKEm6Lc3Z6apfspFM,1,1,1,1
1oybSbhVxrLuS5K8EDMd8fuNyuDrKZNfv8,1,1,1,1
1oyya7Pwkp8RaDQL7MAW1yST3hBWbJgihT,1,2,1,1
1ozC43RDZ9azWFVaM8ctbpNcgpLHxFycEz,1,2,1,1
1ozZAiDfoVxHXPAMqoxq3QdWaRwKv7Z5Cf,4,4,4,4
1p2b3Ud7ZcaxPMzKMCTx1NxvviLfyoHgjv,1,2,1,1
1p4DeKs2NzqJPynsXcNkYbnL3m2gssV6yw,1,1,1,1
1p4rszNqRKr7BySRxEWo1vqThCNBNmdC9G,1,1,1,1
1p4zSfuZ4hpzLdT7BtmYCwn9dqHwzsE3zk,1,1,1,1
1p6WQCvpyeLvxM71uz8z3wywLycrryxkkk,1,1,1,1
1pCyMFjTpPYS2EABYgUdvrh7E2fvcb2GCa,11,11,10,11
1pDkdFBLcpfNeo6JpavSzj7iQ1S7Bq8fQz,1,1,1,1
1pEc1eUeHZUcnnYA7foAoFWvbBbvdpqXyg,1,1,1,1
1pGUm3Km8HrbX9g7kx8VidcrqmcMeKkHZS,85,85,14,85
1pHN7n1uzscxj9LfpaoLCoRutdkVfd2a8R,1,1,1,1
1pJ825PjAKwxNdGT5U5NLvo4FrT2umVFD7,1,1,1,1
1pMdQgEfCjr5Wn9sZtUD5sC9kRhEXFoTaz,1,1,1,1
1pMxq6bcecGKvCkRYRts6SpvfZG11ePrua,1,1,1,1
1pNk7WZ1Y9FdMUV9yGmx8oAi56bw3HdK4e,1,2,1,1
1pPk298xvkYS38dM48NcPUTcYz3P7JgApw,1,1,1,1
1pRVG54KhR2FeKYR42Hy8qBzxjS82WHFFj,1,2,1,1
1pRXQQXksuzB863dD9ud8iFXhEM2wcG7iK,1,1,1,1
1pS1a8bxV5LQoE3YS5kYhU4vL6fBzNZgT6,1,1,1,1
1pSVBN68WsSDXp3w6Np89i4BAX2bmdraCM,1,1,1,1
1pTDu4hKYQEje8ZXw8scz59rhRECNk8WV7,5,5,4,5
1pUivmKtxuD7YKTyhn9A8ttmXiB4KY7981,1,2,1,1
1pUt3b8ZU5ndFhCq6UC6XRV8yGs3Sr7bha,1,2,1,1
1pVWwMadTqp1rd9CMxpkQz5RRXVCUzdz8E,1,1,1,1
1pVwAomoLsRVRk1b7yXE1ktDpGoMUYH87G,1,1,1,1
1pWD3VhgkiiYPMbDGy2VCbWJ9VyRKgBFcs,23,21,12,23
1pXXCyj9FfGmEm47mnMGXmStbuk8m4AUPn,18,20,9,18
1pXjnpewLRos7WF9cfBfhcRyb6pvkuL4kc,2,2,2,2
1pZ9HcX6LPW6karpoHUiuGz42NKPE7uhn4,1,1,1,1
1pZJBBLJeuwSoZN4iUu4f72nY8nGon3mAT,34,36,13,34
1patYyGfnAVGChAnbonrXUCmrqufPAoKqf,1,2,1,1
1pbYCSiRFkRgq795asxjkesx2fVbYW21Yq,1,1,1,1
1pbkNponz3EDdxjMGNixpKugW1j5VDNRg2,12,11,9,12
1pccENJmoWoR14XLN8eFHGZoTRy7BpQmeg,13,15,7,13
1pcsb5iPCAm98VQPfDkgGtkPi5ibufBEK1,2,2,2,2
1pcu9G85FV4vww9BquiSZnRyzKvVffzkz3,1,1,1,1
1pdghxEAiaYoRRgjKmJM8yHxRFvAGNrsSX,1,1,1,1
1pf7M6iPeacu2HsARLVZHehh6K5Lk4AoBM,1,1,1,1
1pf8wkkGWQfhaUEuCxwcAyZ4qamS7abCKY,2,2,2,2
1pfo2D9rbZYaVfMKd8h4ga9BqLkms5sqkz,108,105,14,108
1pfsU2os9mmcG4c9tof2UcEEkkjLErQP7w,42,46,14,42
1pgbiNhY8ibMGCSwJoRxGhSV8F8JZCiaJY,31,29,14,31
1pgzciWiDRuqqdo5DUm38SWZGeKBRSktuE,23,23,11,23
1phnSEpAiGZEwQGz5NRHr5YhgbBKT3pHzC,1,2,1,1
1piJV3zDYNt5xSifJ88hwRWAXUhoyauoeJ,1,1,1,1
1pipYnvgMwdQBin5qusbUy6YXMZYYXTq7L,1,1,1,1
1pjKLegWtrEpjTCdScrzrDD19RfHQWHcG4,1,1,1,1
1pji2BDV6Co8ZDCzZxuGR4DdisNYKiboWB,1,1,1,1
1pjz6naf42HxA5sZK65Gh9Wn3A9gYQrSfi,1,1,1,1
1pk555ahn6EhZ7JRNmsrHeb97cV846r5YN,1,1,1,1
1pojQJkxdZnR615YMPEDNrB5mBg6y72Zuk,1,1,1,1
1pq5p6FXj3vbqkZTP4GTcH3EfipG5ATDSU,1,1,1,1
1prbaVemUDCYV8kin4NJWuGum48RkwAWEY,50,51,14,50
1prgUwFVygFWDCMjSpndCGiFeraFEjuCZK,1,1,1,1
1ptS522bMrfm3Wf4L9cyW5TkxFMvNMdWbt,2,2,2,2
1puDYtFe81ZFAmbhunpvoaSsuCLLCh6Ke9,1,1,1,1
1pvqBXvs4eMyhHU9dmp3JcAe8E7t16uvfL,6,6,6,6
1pwEfp3UqfEbqwroCgeuVrYbywexfbBfym,1,1,1,1
1px34kADvzx8mQ96ZUWKayqSc3nAha4b9s,13,12,10,13
1pxRHKv51u8gfvRXF3Z9uhyjgKfsB9K2Qu,1,1,1,1
1pxcXYLWmRhqMYEzcYU3RhQNv8Q7wAJj2w,1,1,1,1
1q17RUApG3GCCyPQ8xQPckTpst13ip93Lg,8,8,5,8
1q1UTTcH4ksa9h4C7fpPPje7uycioe74yb,1,2,1,1
1q1pzymKLVGcWtLkhKFmsgn1Q2FMNYhg72,1,1,1,1
1q2U73jxFGy8e8PcYtChaV6cYQAqRV5uwH,1,1,1,1
1q3URzCA9g9ruPumMCU8v3NiU1nriBLnuu,8,8,7,8
1q63Z6QXXEqu1VdMDR4f7AaaopQwNj6BLk,1,1,1,1
1q6HZbwn7B246VZVj2VDJWPygFRwgeFFiH,1,1,1,1
1q6MvmwFrFFFsqDRkfjpHsHEDyz94e26Qf,28,28,10,28
1q6ZABcpvwAR34FysRztRdyLKpyo2KNdL6,1,1,1,1
1q8N7AH1jmU2PRG15u855Q7WM9jBwjvEMq,1,1,1,1
1q8fyUavEVJhJSzrLACYMXm18RC5wnr9nA,1,2,1,1
1q8v7jGdHMtSHnHNVs1RqAATeKj8ou7CwK,1,1,1,1
1q9jeTCVFf42JAzqjM3tUZrBiKWZEJgWXo,1,1,1,1
1qATuRkmUd6NrDcwr8rG7AxH8WVnQT1W6a,4,4,4,4
1qBAvK86ervp3CRJpAeT35xTP5YTEhrR6b,1,1,1,1
1qBdtqLGi8tqaKHtLZAXcC6rShuuYjyY38,36,34,12,36
1qCBY91WRuMGczSQ4vNWQaXXURhM4ATR4s,10,11,6,10
1qCLKAsTzRTwSbtZvzMza1YBkJxpz4ZRTX,10,11,9,10
1qCZERTFR974qsTMLRRymQF5pxA51fwVmz,186,195,14,186
1qCZPFcgTCH1yj5y5qeT35VF37vdra2MoF,140,137,14,140
1qHjmN2PkBRD4hQNhR5eUKGkjndhENE4cH,1,1,1,1
1qKeLiuHuuQEMRHaht4kP3zcivy4cHFkw3,1,2,1,1
1qNXfEXEJzKW14wz6PzwNHi8bSJCo4psmM,1,1,1,1
1qPyX4dEZh2dNFvJURKwGM2pZBjXa3Re5y,1,1,1,1
1qQDqyNUSEfaFi7vVAUoWzWCYPregLddwq,6,6,5,6
1qQK5HM8nVMbqWgCPBrzCJa1j45AT7XLFt,52,50,14,52
1qQti8MnHDaQojKXckP7hfr4iBYS2pfeaP,1,1,1,1
1qRbxJxEFL7TvB2UPAdqEJGhowDx6LC1X6,1,1,1,1
1qRgMFfKSQYUahemdZnZAGmQUSeYAQ3Rri,3,3,3,3
1qSZBdmXfwpYp37Njg6AXhTw8cAsm6U3c9,1,1,1,1
1qTMbB2gAXKjtMFNRqQPZ8ZK2TeBgx7pUH,52,52,14,52
1qTaryyv3wNwdiBoWwCaGGG1KP3Uu2opSi,4,4,4,4
1qUKfsaqdSGvv6PZJ5teUs9kdj8tJunZxd,10,10,6,10
1qUTsY9fjr5aBG9Tojv9CVNRJA5kqfL5ZH,1,2,1,1
1qUU1Vq1BGaPkWLRgmPRWCJwGvSNKHBREx,1,1,1,1
1qWHG541MRw79cPaTH8XmiVM1k5AFMRpJC,1,1,1,1
1qWdw4daCzC4B9YzN54YoYCWTqQJsPtzhm,1,2,1,1
1qXBwgnoJCh2pBEVt6zfCgC4avsqpDUbFZ,18,17,10,18
1qaPmwFjVdm3hK4MeQPFpuXj4A42Ucuue5,1,2,1,1
1qbdqz2FEazm98F66N9X4zbMg1AEjoe5M3,1,2,1,1
1qdraV6qAKbzHFPzT8PMfygk2tquQVSTWy,1,1,1,1
1qeTuJZRBjvtmkqF4dHFuU6TS5aAhgZGQF,1,1,1,1
1qeiBEENpp11C4Q1GQz9d3byhsaM4twQAR,1,2,1,1
1qgwymv5sfVE5KomffjzKgLBJyb6AouvJU,2,2,2,2
1qiMGMiV1am9Zimh1jqUYD9TaTpjR4SViJ,55,51,13,55
1qiboyps7L7su7HVJxZdeNNvnbBV4roZjv,1,2,1,1
1qjCm2E56MAdNooz2V58NoY2fxqoHbyiCD,1,1,1,1
1qjb7T3EFyJFaH9Ptqk18SB13QLoT5Sruq,45,43,14,45
1qjy82vd1Cw5iMTPbwW9pz3DQRhib4Dk9Y,3,3,3,3
1qkYW39Dnop8diaQKwCRxiP8YWPigUo44y,1,1,1,1
1qmq9HPxTpifZWsc859sM6ZtUJpDoRH3Az,1,2,1,1
1qoC7r7h9MLTF5hGWzj5YNScf1bu7ckiKn,1,1,1,1
1qoRSTtD2brGuF9zuKtU2vyPpPCvkg644p,4,4,4,4
1qouAo7qTp4fsF9HzUwN2Ku6eNX9o2m5jf,1,1,1,1
1qpKUEHW4wvG5fnXKod5ymLsM6kWKEtxvC,1,2,1,1
1qqVYYXm4XfcgkwuVADv16PetNNTPx6MZ6,22,24,12,22
1qsPaVNrSS1cNwtgD6c6jNNE4oZANiXzFT,1,1,1,1
1qsY6jeWNpPDXcTsQRLm7SoWRie3EPM6Fp,2,2,2,2
1qtcEeVY9YAj1XGACrFJW7VuJCbSvzrhpf,8,9,6,8
1qtshLadjmP2Jtj6aSbYGDBxbB7ZGRYXCA,1,1,1,1
1quYa95RPfT4UNubNXS4iuPbyW6nhv7Jmx,1,1,1,1
1qwkJ5DTuUXzCQr2d7ieDQdW4wbMnsr2zX,1,1,1,1
1qxHHQa2oi2ScMXv1WMYcFj6yxGAc4MSh3,1,2,1,1
1qyWk5mGcUVsxfmSirYvaWMdSQoqyMaydM,1,1,1,1
1qzE2CahWA6ULSofHPSSJZoLe3zcVs5v9X,1,1,1,1
1r1BjQVWkaTKDr76i6Yqm8i7GvH71h7GD7,1,1,1,1
1r1J6H64Q9tmD6V9oapzNmmm281PUTDYGZ,1,1,1,1
1r1KLzt9wNmRhSyQnFydvdhE9E2YhNPK6H,1,1,1,1
1r1kXXwT96A1tkzQZudXU3skTT8pzuYvPD,1,1,1,1
1r22EtCVX2LTWGjntodNYKdYvddNFH6Jkd,4,4,3,4
1r4UgyKRKX125rQHSWJUUPNNbvWwTjHNyd,1,1,1,1
1r4w5j8r1MgeXGoFjyfsaC8bC5y9BZq4xY,1,1,1,1
1r5fFbYKdxpSe1ScZbqn5bQjqiFThMoEVr,2,2,1,2
1r7PrWs5Em6nJF5sdFVAVroeGgbP9UwnSy,1,1,1,1
1r7yFwq2w6u6F3tgoHpvJaJfrFb3hMEkw9,1,1,1,1
1r8YpXg24sVS3es7b39K2GHprV36nU5RE8,4,4,4,4
1rAcuZ7moB4SefQiZX1GVufhTPTL2zUXAs,1,1,1,1
1rBWByHNviY8sGBa6MB4V4bSC85rDjVRr4,1,1,1,1
1rCH2M9MpocyoVGscTCkrizhdWqqjsLVFG,6,6,5,6
1rDRfVx7r7oqRRH9kvugG3BKMjVUjcAKiM,9,9,7,9
1rDbpwgTmZ6H7dqjZjAMhNuAPkTjkz4Hnn,1,1,1,1
1rECz434pdD2T8DM3PGveTSaNbAWSx14gQ,8,8,7,8
1rEU4fFGbQ1TufoDqaaTKrDWVEFwfNuBE7,1,1,1,1
1rGZAmxm5X6QKpxLrTCRPXqSBdZ3yixsAW,1,1,1,1
1rLeJ1pPgeMoYenZVjx3vNwFnDEhD3W3zo,1,1,1,1
1rMe3mRTeyfCXseeM1UwwCsbMTfMXzNoNv,2,2,2,2
1rNe4dT1XdDkVnVeX53tMmbtMPobWBtd8r,8,8,5,8
1rRUNEYikj3E7EGkYzotKm25FG32z8uX3b,1,1,1,1
1rSPGahANnYrViMm4SNhTqiWcpqYcXeUAi,37,36,14,37
1rTScNCwsDq2exrXcW6cBuRbG2BUYG4djD,1,1,1,1
1rUMpc4h3BngFJ5WdWEZpDL3eGdXy1nssU,1,1,1,1
1rUjEY2a9ahRQHfzzTjwEaHvNuBmzPC1sY,1,2,1,1
1rVU1mrXWk5YCGRNpF7GXEGJyLxgxDR7iW,1,1,1,1
1rWi9bc7T84R6xdmSQt32a8DMQpPDFXLH6,5,5,4,5
1rXd53THs9GHfmnvtC3nWYVnL6SxZAdCMh,1,1,1,1
1rXkWMtmyL1HCQvEF7AHWXpQreaDJ7zjmv,1,2,1,1
1rY23B5c8KVeVQGgrc31L5qsCMvrsM8xb4,7,6,5,7
1rYhtvae8fngSmirahK9aCQdpZPLcza4no,1,1,1,1
1raNvHsZ5SRwjiLc2WP3pGJwBf6x3Cnvop,1,1,1,1
1rbKofF1ZyUmpAWBPGRQLBNdbTEccqzLbN,1,1,1,1
1re7H8HNpaY9MpDtSc9y2Q7BxFvDYcyrWW,1,2,1,1
1rfHBKACvaWt9j7wVgP34Wb1GxVtHsJWso,1,1,1,1
1rfuDECaSZy5FeRjQLaB8SAVXEVqrAPbCi,1,1,1,1
1rhLfadvL1bopxT7V5fEvkXtNFLAqQQGHr,1,1,1,1
1rj25j9RrLNLcfuEzKML164o4AnSUPZgw9,17,17,10,17
1rjU4iy1eXQUGUgoG19UcXTmUfvCJ4MhGv,1,1,1,1
1rjouHi9vaQjKbHF26cAAdZkqS6Qqg6i1k,1,2,1,1
1rjxLT6YMjW4TUR7mmXxAdzm48QwoySd9z,2,2,2,2
1rmWYnaAcdmndmHC7wSVwVbUv5iktYggt2,49,45,14,49
1rmYAHqzHZr616pGDfs3bnt83UsRUvsw6M,23,26,10,23
1rmhFPTqKvho1sVg9J37qWZv5XhhEo7WKE,1,2,1,1
1rnCb2tqQhFd9MosWzB5Pr5J8JYWe5Dqoy,1,1,1,1
1rqV4rZ5LFfyBDKdMfUietSWoRATUpwNiH,1,2,1,1
1rqnzrxkZWtrucpgyqumMFUVPpewvXb5tp,1,1,1,1
1rt4LPAHi9yRH1b9nYRabXUNb2VJn3Ve8J,1,2,1,1
1rtp4hdg5usCngcSnxtR9PeK4XtrtGcfFt,1,1,1,1
1ruL2R7sf2wPwRn3cD46VMKirdsC7QzzPm,1,2,1,1
1ruMx1WAYi67ThYpD2VkgoHA2w3LQVUWdk,3,3,3,3
1rxVbDq94ikrEXDw7QBZLuBREN5BoK4hhH,1,1,1,1
1rxvX9RmcxVJMcQfTqTMkX55g9zTZD1rMr,1,1,1,1
1ry5HCChJjtZKXGueskGHy8pRergXXPHHF,21,22,12,21
1ryZFTnWiXpNPMqJvBPqDP1crNkUaUtH74,1,1,1,1
1s27jJ4UXTZgFEJiqCswQXUj1o4zYsVLC4,1,1,1,1
1s2dwGbEZBbF8WXrELqoEcp8nSoHbHsyB7,1,1,1,1
1s2oeRmMdqJ4mCvgjZNrDmMNiA1pnDc9Sc,7,7,6,7
1s39FYQMN9RXTvaVfkaj59ZhE64c37izoA,1,2,1,1
1s3CbTE3UG7NVQ81GxTff2tAFUp5vL1QF9,1,1,1,1
1s4eY61bkpZRRTQCSbzDf2NeTa9ys38U8Q,1,1,1,1
1s4rpe6mPWcDBgzJJWoj6TwNGc7yXR8wcp,1,1,1,1
1s5ETDHgWUsyR8vwWyVoBGtTeNSCukazdF,1,1,1,1
1s5Njhag6J3eHK8RQBQ9QShojZ67RNqyDv,57,52,14,57
1s5Wfu8kbgqs5Q4T2K6uoL8YmKTZe9ubtz,39,38,13,39
1s6e1zGTwetPg6wVQVjHmZ2v1x2dghASu5,1,1,1,1
1s7tPHpv9vqMnxun4wJUBsrPCTTn1Q82i3,109,117,14,109
1s8PV8sLaJnfqXBGLZqVFSWGD2bftpAVqu,2,2,2,2
1s8XpdQcUk2gVHpir6yHd5CmL1SvHYut2M,1,2,1,1
1s94thYnEmEFT9zJyFB9ZcC6Vo2rPtmQc4,15,16,10,15
1sAXN1iAYhmd5sSW4ZAF67B3d6q2tMUTZj,1,1,1,1
1sBY4UJN1umAAgp2QZg1GojNnfr1nmphm7,1,1,1,1
1sCAsM5mechveyjrjSJ12Rb3V3uS6mcArV,1,1,1,1
1sDmMiMUp4gXs3qLC6znj3YjF3amBGi96R,20,19,11,20
1sERYHU1eWVv9cCgW2Jvn5LT58RcRRaqiN,2,2,2,2
1sERm2GiuxvTGzPNNK1GvegQtJN6qUnWpA,22,22,12,22
1sHLUV2uBSDrK8jknk2KArk4wauBsEfV5Y,23,21,12,23
1sHQUxePzrggUwji5zoA9EgpKwb1w9Y3TE,1,1,1,1
1sKYBJFV959Q5qTjZie83YF3CrGzbKBBx9,1,1,1,1
1sL686CfZK2GaWB5eakP1NvnLS4iQxc9Ds,1,1,1,1
1sL6bizeC2zNgL48Lup84WQeCgfzGk6e2p,1,1,1,1
1sLDZRk3sGXD7oW8RuYcjazW2J6RryxgkT,1,2,1,1
1sMwQRYSSQiMfZUFPYgPz58Q3TdP7eqzte,6,7,6,6
1sNQcHdo43wHAktYcUxDrrwbMQMLComryZ,15,16,8,15
1sNqqAULTx5AoneTeocbQMdpKfTR5MBF99,1,1,1,1
1sQhczqroKWjeHEQwhsEC6vC2owMADJH3B,1,1,1,1
1sQqsPtAUcV2evxLBJPXxhYrWYx2m15iep,1,1,1,1
1sR17RxwTDPER3bXEP2XdF9DSd5uRRywob,10,10,7,10
1sR9HdU9zrNN66xmNLN1j8H8gutoAez7Sm,1,2,1,1
1sRahBJPjsqTte2ssRLnrcTi8NxrACnNk3,1,1,1,1
1sRmgYqcEMyk8KeLvhqENx6JAU4YJFFavC,1,1,1,1
1sSCpGzq8v1N2tH3B6mcjgTdgq6awZbSEZ,1,2,1,1
1sTfrxfcMk4EvvAoU9DArakzbHKANRjaqk,1,1,1,1
1sUJ97HiLaQXPgkM6PVCcwVkMHJRyjKgUk,1,2,1,1
1sUxEQYb6mBBHThi5QgAPV3KMyd2Mr3fij,1,1,1,1
1sVWwRy8F9CYzNZWzjxnBD5ggGhYicpuyV,32,34,12,32
1sVYg2NmzFSVCuMigveW72KmA4VbAL4K23,10,11,8,10
1sWCiRQ2UcT71WBveAxfiAv77rF5nFcsk2,9,9,7,9
1sXBPSfnDo4BYGZJ7y4dH2keuWHAi16J8M,10,10,6,10
1sXTLQvLsU5CtSRBhpebjorDuNnGn22JSs,1,1,1,1
1sYQ1PEDYaQNwT5xLZADjEqJVEffj2rXmn,1,1,1,1
1sYV1msHTcPAmUtsaBob2BTissEP2Rvgpp,38,36,14,38
1saFCZetdeJbQfRbwSEsUwD2oauonmcDWe,1,2,1,1
1saXCY7qqvCNp9NjM9aBccFX1HcCJAF33V,31,31,11,31
1sbcTgXDfE6p1F82R4mojf9fM5gqoiWFB5,1,1,1,1
1sczyTzSSbfRL6TGTx6jLLu56ZAVjfRa6j,1,1,1,1
1sdA3CkDrkRJy1Y3GZpzyEQTtzzY7KJv7C,1,2,1,1
1sdyQfhqUspHuBQmucMgLtvTHNjShjnQfi,1,1,1,1
1sfD3Ls9CZh2RBsubmqcFGUZCRYavCifCK,1,1,1,1
1sfH69pKAwbWDFF3Nrg7AnCPJgMorQabwL,1,2,1,1
1sfaGvQdd6YC6PfAjpvPCrrnBN9b6twKYh,1,1,1,1
1sgCwq1DsBYzZDLw4BoUDgztqAeSWhgA3J,38,39,14,38
1sgooSg7yW5C5K9mMCQx6UcmsSQcrT1yZN,1,2,1,1
1skGdiPmBSegksFL2NqpNo4FqHppEJwFWi,1,1,1,1
1skKZcupcMWCG8UqZGFy3uFX2aMqDzrUKj,1,1,1,1
1skTcrtn9NVkF9MfYBHKteEU4VceKuVZyp,1,1,1,1
1skbLcHiRws8NnytsLsh8o2Ju1jwgF4Rpn,1,1,1,1
1skrvHxBRNHFzZ8r8MNf1fs2JM8QkGKjX5,1,1,1,1
1sm3pEqwoVrM6EiuJBJQH5SSY9nkk9w667,67,68,14,67
1smgCMpdXwjzry979YJackUj4qiC19DCRF,1,1,1,1
1soEdAXzfKZD5S6x8Br9B6EiU8zZpAL392,6,6,4,6
1sobRMPhk13Rqrv8g3n8ZVS29iNkK6aC1z,1,1,1,1
1spEZ82F7w1Z45wSJKxyYsRGiTYzGwBTCQ,1,2,1,1
1suF3eKzMtTep9PdrcKdHBiWXJZ3WpvXVv,4,4,4,4
1sudsXsyA3yCNt1KbrZSvDDKEGkq3oG7sg,1,1,1,1
1suigM6RorCLy9uyMAaemKUD2mjVHvyor9,1,1,1,1
1sumSLnNzo5msGc9aukNUTyvXWsFhkdcDp,7,7,6,7
1swXjFLBedPwrE4SkLFs9dEvf7QqQhrz3a,2,2,2,2
1swnSXNMBb3XUuNNudYHBc9VBsHYXS9dNW,1,1,1,1
1sxw9dgaW5zbqyTeBnwVcP3bJYvSoXncFj,1,1,1,1
1syaZYPoY7qmHd6NR8MP2Ebirsau2nfbQa,9,9,6,9
1t1Cz5ioJe9gGmuzKUbRBCTG4NydJ48Rkv,1,1,1,1
1t1NKbrtva2PkTRH3A8avkh58ckAiEcAAt,10,10,5,10
1t31XKzoxbY7V135JPNirw7TTNUahsE1tk,1,1,1,1
1t36rEHvdWFgpnuZmveHxtVLJfyFBDUeRX,1,1,1,1
1t3D4UXUE4eEubBALzDM1MYri7aU1zhoFC,5,5,3,5
1t43Ptzw66t24aZvfWKF9BfEQCg1s2zUAc,1,2,1,1
1t5BdUpyo7KU2U87WQZUaBSQdoAbmfjphV,1,2,1,1
1t6AM4D7igEEzUGecGgP2m6rEWT4TM4KaF,1,1,1,1
1t9farBsnqaS6Veo7BMqaLM6P6q8sTK2EK,1,1,1,1
1tAAyYqJyGUiD3RDmMDmSLfAVFLikufuaX,1,2,1,1
1tAnggTXe3LBPQZ6dXSWDb4uidr6LNKYb8,1,1,1,1
1tAyLBhFkLTuESbqts3BRopmWt4zxS2ZTB,97,99,14,97
1tBjkxEnMz68jBnzExXSCyyV5PaFbBBGrR,1,1,1,1
1tCvD6WmgkqgcD554KGMCDLqn73vGsN7PM,1,1,1,1
1tCzJK6vgKAP4rdUqijAAjWsnZ9EY1PYSS,1,1,1,1
1tDbocZRbLf1fhfvn67dh7mcnQbfRssGEe,1,2,1,1
1tEx4ayS8j6kUqrXQyrctSS1CvhDruUR2p,1,1,1,1
1tFSG1EACsgaz8ZbcMjhf44rXwM59gJsRr,1,1,1,1
1tHDGh6UnjajbAfVoQ3Riaqg1JBDC5X24E,17,17,8,17
1tHHWoxG9fPmgtMAFMf4rzq9WHBRz6tU5q,7,7,6,7
1tHxx7QrKuVVvqLkYmUbMoJ6n8UHp2SMKQ,1,1,1,1
1tK4k4MJ78F2L7gWQje6Z3tFUrPXKsDuza,10,10,6,10
1tKpUf9XtYpYiKwjkZ7Nwe6jS3wC3g3ScS,1,1,1,1
1tLqYrTiEV859NEqdmNtdCMv4FkxkTckpY,5,5,5,5
1tMs6H9U4giZ2Bds7SiV7iqjWv5qZ5UAGj,13,12,9,13
1tNS5AvCbZAFdGRsrvhyY959X7a7cLyqc1,1,1,1,1
1tPDGNRBFdg87sudYDfpDTZZDhngUDArcr,1,1,1,1
1tPRYD3StXYEs5ShqAGzBHfCo183smRpAU,1,1,1,1
1tQAXifaEfF6JXocWZgDvBpeUoQW7i1a4X,1,2,1,1
1tQjBbvwVA9SmM8GCSBXFa3AQwHDaLVCZi,1,2,1,1
1tS2BWMcCoucr8UQopMHfeSSeEtmQWmhSa,1,1,1,1
1tSU3p6ggTNoCdKqusiPhnvyVARjiXTUov,1,1,1,1
1tTLTJm7nLWqqsdKcvoQtFS975Bk6P6AGW,1,1,1,1
1tTURgQP6pLMiTDqps4bPWwKAqvtCNmq2i,21,22,11,21
1tU9LVAuYFBVLxSpL7JQERfCsErXaZmhMS,1,1,1,1
1tUGiqdw5p4qeXicUrMRsaFdL5i6NFiX86,1,1,1,1
1tUgqfzpHHkcja9ZabEbiCC3VyDGDMkC8N,1,1,1,1
1tUj4zcSj2BPsxvdFQ1qpxGT8hR63XjEjk,1,1,1,1
1tVY5o4wD4BLjPUcGiDjCHrqQKEiJRUBhP,1,1,1,1
1tW3L3XrDCHUsSsPyhfHGHWjRiU1V6nphS,1,2,1,1
1tXp1oAwHP5WJdUpc43aNUQoFMAuCEYqyL,1,1,1,1
1tXqNCGQPRTKYN7kKa5YRgbJ7oqTHq2ejf,1,2,1,1
1ta9eLKYngbKShgs4FJ9B7EpsEPbaTDUZE,1,2,1,1
1tbBvtS93jP1Phn9MZp6QGX7bxwPCkzHgX,1,1,1,1
1tbnDMvW8M2VqEKVU5EosS57R3n9V2NKgx,1,1,1,1
1tcMr9jStNaRDzis7VBotvEQanJ6Yxohuk,1,1,1,1
1tdRT2GFDx8pHZixNt1XRcZpKxihshTjfT,1,1,1,1
1tdZAMGCD4ha7TD1jsQ1X5Uy4vtmjcZpmh,1,1,1,1
1teG88V4ZacoNkfww89qThcYc223dQrF1f,1,2,1,1
1teW4ctav5Y6xSoE67jbrycxAg3W3mEFws,1,1,1,1
1tizy44KK93udBC2fjsxbfeCTc3gk3RsW6,23,22,13,23
1tjcNARKPUpxQd1boLMmPq4JbRk5evd3ZZ,1,1,1,1
1tmabiKMYjpu3pTD7gt7m6WtnUHTHd2hqX,41,40,13,41
1tn8KwZ8mnhHPW1LFAoudud6fcJyut2f85,1,1,1,1
1tnzGBHS1FQCFTuzFR6mzPHBWna92fVpop,12,12,9,12
1trLudHvJeF4Df7GkifHpFA7MnVjKH7Sio,1,1,1,1
1ts7iZZ7weUbpqqi446obB9eWksidzMrUA,1,1,1,1
1tsefcvdBYptZcDkBvGZMhSvQBrhkiz6ku,1,2,1,1
1ttQmv5ChUFPbyhRXaB6PyvuFZmvLvQnC1,1,2,1,1
1ttaRNzwpces2v4q17MgFJfBkUU2YM65rw,1,1,1,1
1tvovPg57FAwcrEh3LJnacZN3NwsiLHEos,6,6,5,6
1txHkR7JBrrfE2G1XBS4ZkavwyC5DpmGyP,1,1,1,1
1txw5yiBhvhbDaYxTyGaykQycLAKG83stf,30,30,12,30
1u1nF5bKuEsYwG31YFizk7je4j4UqPxzxT,1,1,1,1
1u2nmTBSMD22xMghdsfmgWFRvgkMScm93w,1,1,1,1
1u3eNMYt1e6iroBeAdyaVmPRZNQcDAfNhZ,29,28,13,29
1u4bPfifBiU9fSYnDWCiRf6L2PazxLzb4A,1,2,1,1
1u4beCoiQvFoZGHTo7hxNGyDWkPWTjTDpg,4,4,3,4
1u6FHGzZ75VNVLUPPT2MiFwfVGwKJQRerR,104,108,14,104
1u6Sq6HyUe46MDhQkAEfsbnJ8FJaJB3qgv,1,1,1,1
1u6x9HAycs5u1fYjg8q15GdH7yhWX1szUX,1,1,1,1
1u79fo3sXd2oTKdmVSBwNDPH8aWmJmeeDG,1,1,1,1
1u7VzoY2viUXp2w5BfhLHVZjaq5KaU5C64,12,11,8,12
1u9tnzLDfTXR469zqHVECm7fx9FWG3u5aY,16,19,10,16
1uCfdqzyb1hAZb7sH2ysiw5c7WpGMNGCuP,1,1,1,1
1uCmazDcoA3EgY4Ze9TtVrYwtDD2DM8Umn,1,1,1,1
1uDFRGQZMWQ8drfXzrSVqsvqaGD4okQYQz,1,1,1,1
1uDWGGFCdoXxBthWA4C4yEeiBWqK4B8ctw,1,1,1,1
1uFPa2YMhuoyU2XK1EFrieFnEVY9HV2npD,1,1,1,1
1uFsVstNTw9ANBo9nxMo4eKGxCMHH2ciWJ,1,1,1,1
1uGf4PJPNJVUs54ZtMPQCHxgmXKasC2ohD,1,2,1,1
1uGn8UoP5w3GNunnV8ND7nGwEsjksefbnw,1,2,1,1
1uJ8kmHYGLaGnQdc59uQCpcVNzBA7DZ5Cm,19,20,10,19
1uJsvPUHvkpwqtmYjGmuUbaJbZ7xdwiAP6,1,1,1,1
1uKYVWxtS6pR3Uc9m5FUPQFnepdHXxarsn,1,1,1,1
1uLr8jdovneCdVFMTgG5NgoKzdfv2Fg6V8,31,30,13,31
1uN8K1jjFuPwtyaJNTUjdqH45L6dCxnnRn,11,11,7,11
1uNjG5mGFhud5w2bzDfJbZL3Z1m1yZRc1Q,1,2,1,1
1uNqUM4cNJfUfjicmZewSgiSUHxfozHscv,15,15,8,15
1uQ3pw5woTyG2U8BvUS3VZtVrFqDjMTtFR,1,1,1,1
1uT3BCxJ35GpkkvHn1dhtZakbZ4mDRgMLR,1,1,1,1
1uTdyDHG6CBbZ1XeFKkUQz6g76tYRFpbDt,32,35,12,32
1uTvGduAZVKMKeM4xG3bf5bqrLqFmmmEdG,1,1,1,1
1uUsc3JdmuPTS1rRPerqRa5MkPuwsvbiPk,1,1,1,1
1uXLvfXmH76BW5SFiuttPHTM7HXqcE6BWe,1,2,1,1
1uYGs7JfQC85zikQhfvEaQtRk8RyYLLWyo,1,1,1,1
1uYJcVs31bFpEod38sfxaX8zom3Wr5bvgc,17,16,11,17
1uYmKg7qCcFRcMcC6US8yevmgU3ADjgHWv,1,1,1,1
1uYsjkaCeUVLyVcB8PkP4KE2UpSJC2Uscd,19,18,10,19
1uZqGwwJzN2RPnFvoTYNYKRtzjwBb7C7Qv,1,1,1,1
1uaJDuDsb7DnQFjMRBgYGxBwDGNM36dzhH,6,6,3,6
1uaL9JWkbnSwHTff4sK9FDthgU8ExstY7a,1,1,1,1
1uaiA3XA91cvhGyvkWBWwq15gSmi3fhCk5,1,1,1,1
1ub6xqotqyBEFEsWJB8GaxQjbRySmWqhTQ,1,1,1,1
1ubkzY5igJcAWVT2aWqZBqkpUyYhLv7kjP,5,4,5,5
1udosE6zv2SV4f5Rxg13X96CSRRZaCqHaQ,1,1,1,1
1ufi9NMSgtfStJt1WzqJzypmYC6HTVjggH,1,1,1,1
1ugXbzYJy8FoUBPk1bDxNdkSVyA5tijcLJ,1,2,1,1
1uo3z5uspFb23N4V856eJ95RTTHjAx7JTA,1,1,1,1
1uoBGq6J9UenRNwmUYaBEhKEY5xo2nEuMy,1,1,1,1
1upAjR1DSsJ6XgLEnhFXL71viNFCtk4HrS,6,6,5,6
1upUmdyH3zMMDk9syQFgT6ZSyyUDQnk18G,6,6,5,6
1uq3n4v8hqixu8HFoBpkyR9WuE3EtgcsUc,1,1,1,1
1uqZNrsBYPkAAmB1oP9xgNVJgW4pK8pnsV,19,18,10,19
1uu4z8o3TtzrFrMC6wMhqgfae1yi5kXe7R,5,5,4,5
1uuAefEMXZvuPXyYE4eU4fD1atQrSVuSRe,1,1,1,1
1uvNCcAxbrTJrncXJ6o7JX3CMhmCTNRw7R,1,1,1,1
1uz7LkRsHhW5EzHDkT9oknMgYmsPUJwPC4,1,1,1,1
1v17HCDjSZmnkcDuAAqcwf1GuRYfZbF6RU,1,1,1,1
1v2A4NYA4WK89Njfnah4LS2HknnEZYVt1k,1,1,1,1
1v2VRNsdvwF2LrVGW2thuiQEuANevrrfBj,1,1,1,1
1v4XYmubLJCX2cYQCUNiv1p4qBcgUaNYSQ,4,4,4,4
1v5CbHZDk2Wyghyb9GZJqtxxbgXGuBwhXm,1,1,1,1
1v6EeMy5EFubWRNDXEux1RKcBWWVoy1jz9,1,2,1,1
1v92ENcx2CV3vExRwpuQSLPNU4CMqcp1Gs,1,1,1,1
1v9CsYyzhrVrdmb3CrksjEUT2fEdYvLTFw,1,1,1,1
1v9DwhrAYwJJf34adqKX4mVwCCPtzgRa9L,1,1,1,1
1vBmG5LkNjo4dqA2ptberPYF5vQdAYR2ez,1,1,1,1
1vC2NXUnf5ZsMpxtKLeXcXGnjEB7W6eNUP,57,52,14,57
1vCkLaGn8pybaBWr6Vv1vXJc9u2JkQ9tcF,14,15,10,14
1vFjF8nJdgBVwLu6yBnmUr5xtYaYypCaAv,14,16,10,14
1vGA2yGjYmonjgKTHc3gf6yZvd7muBPd56,1,2,1,1
1vK1nKG6ozLc7EmPACXe67JdKrq9JJ8ez4,25,27,10,25
1vKAhHYaVv6HnMqu8cJpysR4s5jURFHJxM,137,132,14,137
1vKC1Wz89636P9HcMDHhWKyNi6VvVM5AXk,1,1,1,1
1vKmkARTsYWVG17bTfdVUvahzMw9fXWER7,1,1,1,1
1vKxHjE83Cxu3R2z6QNexUR8LMGpRbRqWG,48,51,14,48
1vMwqSGm3qqWjVW7FpwcWLaVrAykd4ixry,1,1,1,1
1vQGRmZznr6WGxw3D9yZkkvbhnNuHVSLtZ,43,45,13,43
1vQQn2KYtuFf9pppYDCCqmAiywtEFi9gRZ,1,1,1,1
1vRW8ZG7KcQeqRUtpYfCgZRW7gDkVu9bcv,14,15,7,14
1vRaqUaDMvKiwr2CFDjqQzDTGJnMaDv9fB,7,6,4,7
1vRhKThvFrFb4HNmmqzz7DfGfJgE7WohE8,1,1,1,1
1vRjqRmBiTsxfDrKHACE7ijWj3oCCTeTUu,1,1,1,1
1vS2xrYoTCBsPDPDWFHUJjscxE5gogyUUX,1,1,1,1
1vVaaUozNgvyQ7rmLrqsFQwymGCoBVZyy6,16,16,11,16
1vYEr6WE5vE63cYhqkgJzboDKmXi5t51LW,1,1,1,1
1vYFMrxh1Ty2htnABgig6As9MA5vUX3BuT,1,2,1,1
1vYJHt4wBDAvuSAWB7H1MAGp2FQdpYo6CH,1,1,1,1
1vYahCfSiuQYB6N8iBRCdpdjEiUFYQPYEY,1,1,1,1
1vZwrXHtc5atje3a2UPMGNVJJwEBWaeUMA,14,14,10,14
1vbSrBiJZYLxx3UD3c6CVUvBd5rTEzVFXP,1,1,1,1
1vdGV4CVdbrcjGqByPpRTSyNfay7KkUpjA,1,1,1,1
1vhyb1QZGddcfsuXUbFKJsrFUqFfHwXDKf,1,1,1,1
1vi1AqjhJB2hdR8768JjrwJBtUyozWqMH8,1,1,1,1
1vkhKLSRh5dVEDDr7SoLd6sjwmqGUiC7uY,1,2,1,1
1vn9pMPVkpsHonT5ix1Tug1tPV92kHvKLx,1,1,1,1
1vnWtoi4JKMiCVYEK7J9bwGf4CUDxcV48D,1,1,1,1
1voDZ18vKjAJiXSQydKgs6QN46Tucm3nin,9,9,5,9
1vrSEbWR5vaRbx38DrUwWJcGBBuKEJuhpK,4,4,3,4
1vuLgtEgmzBCgw9UqNo31MY7iPsmEWd5ie,29,31,13,29
1vvZZx8GxgmrFCsaadzJDwJ23B3J6itUdx,47,48,14,47
1vxDau6X39T4yHE4Gz98Bpn393W2K3GbMj,1,1,1,1
1w1LVcmHuxEhULBMUgZMTSHfCYmytPPngu,22,23,12,22
1w1MQ7kV6e7D3XadQPtvMXeZmG9zoaLH2w,1,1,1,1
1w1Ma7ACWNtL3z2SfdkR4GN4RLaKYhJUgR,1,1,1,1
1w3qwccg1Gs9pjAzjwQwfamE6Qo4zLRep1,1,2,1,1
1w3v87Qpjos5sfjxkSZdaumGJ9a868AJ56,1,1,1,1
1w6xR35RhFD54B93pe7HyhkYxoCj3Z6KBy,1,1,1,1
1w7ELVrxYLcL6FCD3z7RNmKihPp5xSeDAA,1,1,1,1
1w7HggokWKxE6EUr5BkU1QDt9MQoRg7RcH,1,2,1,1
1w8EpaYgHYcJGiwHum6pbikSXF3mGV5ykh,12,12,9,12
1wASrkhzCtMXqfYaqq9MdGgChdQL2Nt945,1,1,1,1
1wAuefNQky4y6fivpH34cG1JeNf6q4X8x9,6,6,4,6
1wBtJMVzrqjjWr1ANzpg3KRgvKPQBaNQnW,4,4,3,4
1wBx3TLJoawrCuPsQNqrTkc8yf13wvd6Sv,1,1,1,1
1wD8ScgYSTcFjkhQz7sppWwxkMr139Cm7A,1,1,1,1
1wFQLsRfG73e2L8XfGFQ7ecgrstxBDkkTH,1,1,1,1
1wGKWjJdyJALhp97Htk8QUwtq9fLLsftAz,1,1,1,1
1wHJfYJhExmv4ZwEejE9HU1wKoMcxTq3Kh,1,1,1,1
1wJKhfSYW5QShkYDEBg8y6gKbDH7suirzE,13,13,9,13
1wKQ2MYLgrzP2UC5dQwRAg9Xhwy6ox45n1,1,1,1,1
1wLs2u7t7gXfcYY9SjyoVLFgxWNG7rFp9w,1,1,1,1
1wNaEMcukAUBtKm8nURRWGoG44YQqMMUNG,1,2,1,1
1wQuof7y7L4nvpVS1fV8pzzWNurRewoiXo,1,2,1,1
1wRmCHK7p5S1wkMqUkxBPx6xUd747CVf95,1,2,1,1
1wRpPZbJGFV2YbvyJ7rGHKhjoGyiKzz9Jc,1,2,1,1
1wSGc63pS5quSoV8G3gRHjM8S9VBeM54SK,1,1,1,1
1wSdaenQhSiNw5EYcLYujQvpv8oYySXigg,1,1,1,1
1wSgQXn3mT9qDNh4iNCG7NQTFm9D7aTFh9,1,1,1,1
1wSqgmdxRUw9W7ZHijFestbGBijsBgGX4R,1,1,1,1
1wSub9NQggqFKx2ygUpDWJS2dM35v1eXxw,1,1,1,1
1wTb4RrxdMSDt4iPnNpv48A4Kbq4DP8znD,1,2,1,1
1wVJgwe44MXChok3uR1X1q44WLyqxccUvt,1,1,1,1
1wVpoprGkqQr4F1v8uxM2SjK1cAYCnMm1M,1,1,1,1
1wWS5sZbPCoTuFeeh776c5PRj4Pg9KWYUJ,1,1,1,1
1wXF1jinqSEUUzKJDD5Wjt9fqLeNqb3Bn3,1,1,1,1
1wXy3V7iyMFebDyBqovVp79vR9F2sLwM2w,39,41,13,39
1wbLQqjXd6bJv9YVLU48Dvje8MpkzPusTz,2,2,2,2
1wc6rr1gymCrtxUTHYRjP92BYPtXyrfTU5,1,1,1,1
1we3K3xMyShNy9jbb7KwsDZtYhH9FaD3Ss,1,1,1,1
1wgX4qtw4Lmwbu2d2nMv11yKGmZMJgfG6T,1,1,1,1
1whG6vJZA9o9Dowonk8FciH14NPABCHC38,24,23,12,24
1whMPFb5hn6oUEVp7LjLurETnyrXjUhuLb,1,1,1,1
1wiJ1G4KsFxQasrEtVfDCuosseaxENuTXc,1,1,1,1
1wjdBuUfQX3gbBgVYzSzVQfbd9Z856VXJR,34,34,14,34
1wjoTefezVxSPRt5oRGEF1AkdfUBrv5yic,1,1,1,1
1wmMpTzFyzmEyZrwU4rap1uNRHZMqPDyQx,23,23,12,23
1wmV8b9z4E5wV7EoamqkPhJiuMuyvkt51Z,1,1,1,1
1wnJoCgzLYERecE8SuvBfYFRATCZdUcxHN,1,1,1,1
1wnhzgjvgtMWeecgtiXKcRXmeuwj87CUkD,1,1,1,1
1woViaKckUTVyq86RkfRdoScryoxD1rLRL,1,2,1,1
1womZ2WvRoADdgkTZzFxkzEwrT1XibU7f7,1,1,1,1
1wp1YEPuDAZogJWoSrmWMbaktNkSGK2wk6,8,8,7,8
1wpHnmfdjUK6to9ha34LtSqowxBCZHPfmH,1,1,1,1
1wpM38HBj1KUNv7aQdWZxNh1eQeJBXkXnq,58,64,14,58
1wpNjqLq5J9zKYi8vx6yargBpof1qYnAcq,1,2,1,1
1wsgv92Pz4JBSXtm2FmNL8QdtpSGAHj36S,1,1,1,1
1wtBJPX2VUpN2D9ESctggBFLK6ey2NBR27,22,20,10,22
1wtL9jasMcUiecN4dD4cwHu74YuFe5ptDe,1,2,1,1
1wui1a2xvbknorWaRbPudzt5hFhMooXjBy,1,1,1,1
1wwRcU61vDU9cxiSfJFQPU8YpJsW4srcuy,3,3,3,3
1wxHy9HNRjFfAQv3xX9g86YcYxAZXe9Kos,1,1,1,1
1wxK76JhSopz756jReeFFWph1mugFeMzWu,1,1,1,1
1wxKcnESypronykpZifLxtsYYvQ3kk4H5k,1,1,1,1
1wyGN7TK6piXm4PcR1bdvNavtxYhDpzvLy,25,25,13,25
1wycoehVVbmfaCdurtzLdiH4Lq5YT5K8vh,1,1,1,1
1x29JWV9WSdK8doJXHMRZXYctrRedtdsqe,9,9,7,9
1x2B7uD9neSg1AHKvNmAApFRXbaK7SJ8Ps,47,43,13,47
1x2iNkyHmrNgtKaLDrvMmgSHMng1WcxJ8F,1,1,1,1
1x39K93HaWZNFh5KCe3865u49imP9pyVwV,10,10,6,10
1x4cKPgKShyr2EJ222zkZcSSZ26UBDRGLx,1,1,1,1
1x52eR8eUc6sfduuLbJSspzdkauC5QiteB,1,1,1,1
1x56mmqNv3YVxNbWVxMMjMn538GKumGcfd,4,4,4,4
1x5xCoUZJq6cdnEcVPXKwjVvpz7mYf6iVJ,1,2,1,1
1x5xvZUpVEVcZBiFmK6gBEnqDrzg5i6fTv,4,4,4,4
1x6Xf8wV8XSjJazcwQ9BVEYPF1rSQTSma7,1,1,1,1
1x7HnTY7sHn2tLY6pTxSLCRk6B5GoCA5uJ,7,7,5,7
1x8eAqb5mqiUfAzpTGxyj3FAxxZdaSjyMo,1,1,1,1
1x8tZCLsEASibZb1qyGmuTCidmCftotYGC,1,1,1,1
1x8vHLXAupWgCqiXN5NyTjmPdazdeGqYWt,1,2,1,1
1x9q8UiVqbCoDgNMd4tBzQDaSpf65Vxz35,1,1,1,1
1xAZkWeTP9cyMsXARFhJ74x4MDEhbQEZGR,1,1,1,1
1xAamYhXnu6GyzZvXcG2gW81EGFXRh6jqw,1,1,1,1
1xBSwogfhu5sLooyctsToJU1BUpRK4XtFB,1,1,1,1
1xDB8gK2aPMafmHmAEpFBBARo4F9E6gzD6,1,1,1,1
1xDDuGopGQaQbSfjTU1wXd8p4dxK7RoXKi,1,2,1,1
1xDzis5jowpHWyQ3UhVQo8MezACpLtbZFz,1,1,1,1
1xEadLz94Tg9YtJLv237HMdDjPkM1bYeyJ,1,2,1,1
1xFMQE6tP23vmpFbcnNdvu8HY9PDLty8sr,1,1,1,1
1xGEs2GDtmrUxcAMEeGeP5gmqD8phJDh6f,1,1,1,1
1xGoMGDhw7pVGT9shmjsMBmnu14kXav566,1,1,1,1
1xHvebiW8VYe4XtAvrK9gM31Tom3k7b23A,22,20,12,22
1xJ6EgjzypM26yfBibcUEC8C3zZf5SPatM,1,1,1,1
1xJHn5GYFEsE2L3gb98buQh1NkNt69RQQc,1,1,1,1
1xJJ24XrkyiY17sX8h19bw3CsJerWMReGE,6,6,5,6
1xJMaBE4BEHc4odXrSbkc6xdBPLA2EUC4N,1,1,1,1
1xKBTkNrp7hVe817JzY7skrvWeMfWx1zzG,1,1,1,1
1xNCLsUCRtWH5d6gWGbej86BmYTZu8DGWo,1,1,1,1
1xNJCCFRMpFD1YAjpDoTEviSyaQBJtMiJV,1,1,1,1
1xNaWDDpkhM9Vv3i7wTHom9vR7vVdBTjv3,1,2,1,1
1xPT3PWY3carHQzuATyi9LcNmrkHGw8Eif,6,6,4,6
1xQAJYAKUCmDrHmVpa71cMWDe9vrG4wNxb,6,6,5,6
1xQUWX3MmdxXRspNEc1oZPcV13cDCSJGNE,1,1,1,1
1xQkGuBdfcbARPS4DFtdaPVEdeHoiyRUV2,5,5,5,5
1xRi8cAtaEw6EUcp7HdQoTkUz6GHjz6pEa,1,1,1,1
1xSkkDWN2gJ3axv2r6GddW7B5ZLJGq3WaR,45,40,14,45
1xTQNMGE1pXE2MnP5xG6NvZxeMS4jrXDsU,6,6,6,6
1xU3nMRtfzjEMjBNt1q7u3bNpsKtbbzp2L,1,1,1,1
1xW4xKf75Bj24yxR3XJJJvDBu2JFq5UGTT,1,1,1,1
1xWawRiT3Fur68RjCwcG4yVS69RyP6LXn6,1,1,1,1
1xXLrvcP5H2ZHsdJZ57Gc8z7GHxc9kgW7N,1,1,1,1
1xXRTrRWfPmGSwMeqWdCZuCQWmLCjRyHu2,1,1,1,1
1xXuDEcBmpP8VFrShVTKwnUuc9motsmm4G,1,1,1,1
1xYBmSuejCTBDB9SHb2SM4rdYvMAuFcqnC,61,59,14,61
1xYEh1yQqjmTyX3fGnh7nzi9FWYTq22MBx,1,1,1,1
1xYrCYkijUK8WuEZAzcdQGu291MaMfSjzg,16,16,10,16
1xZHzBUJXgsd1q5sK6r8wsvqBEM485nSZm,20,20,11,20
1xZkBvJ1Uuwejt2YsDspBMxe628n7fEsHm,1,1,1,1
1xZoB9Psv1yRgT8URZRvHKKAp6AGZEt4Dk,15,16,7,15
1xaLddjRQ9bCXNxuFnvCri3DViNroBRfc2,12,12,8,12
1xaaoJe3X8uSdro8LKafx6oexaaZyVKoyT,8,8,6,8
1xbJSbScw5dUPdLocBRQmydVWNZH5cxy9C,37,37,14,37
1xc1vpnZXKN6k5oXn5iTuHPQXWDj7BPbag,1,1,1,1
1xdTxQGsw6LvpqvHKcpqDsvki4AXFtCJZ2,1,1,1,1
1xehquL1CwDNBWLhaqmdikragGpUkLfvQV,40,38,13,40
1xenXxnTdwvmtRZYT2fnGp4BDpJ1g5ypDu,1,1,1,1
1xetKrMXtVPgXtxyursrdZYA7LuEsPtx8K,1,1,1,1
1xfYEWfHCh7xciJupBs83iBHw2Rces5gfw,1,2,1,1
1xgx7QdkwEWKTtCsd8JwRH22xYJJn5YKk1,6,5,5,6
1xhF5agyYptVgsNeqmot3CmJgFc41k55QT,1,2,1,1
1xhiKPGXwsAYz3eawpggX3z7XnYp1PbUV1,1,2,1,1
1xhpiSkt5zAJVCrynfrQaZTgQN85o98j8q,1,2,1,1
1xi7NS851ApgVowT9FxcmZYEcuFA1dC6UW,1,1,1,1
1xiPrsF1hB5XfQ2XHjFn3u3Kfo91X1ecrw,35,36,14,35
1xkTJoxRB2jTHjtCGseqVPRK9AXKFfUP8Z,1,1,1,1
1xmHoDigMpY4cqKGJ7hYb6JP1paNp1RgRu,1,1,1,1
1xnrrEW82bzh14uAUXgyHz2wkssjE8iuvq,1,1,1,1
1xpNDy78cLmM9SbVnHXvzV6PHciLusajDJ,6,6,5,6
1xqL94QE413Yo2N82UdE9AzYAGxVj6rSum,11,12,9,11
1xrASrw6qqtDQHxiNrRRHttEat4hVVuycw,5,5,5,5
1xrGKTFjfKmEQKBMCLf9SRn2EgvCqzk436,1,1,1,1
1xrZEvgGmWny56ttnLFWatHuswbnaw3CRq,1,1,1,1
1xrnXMi2sKG8vaTsRrNfYzHDSYkvYRo5SL,1,1,1,1
1xuvTcFKNzJXXt1bzMq58S6haUaFweVyFL,1,1,1,1
1xwHbpE9PsSxFWPkhDC6YHQbzjUDQMpZaP,1,1,1,1
1xwXwWTSFz5ZUBoq4wVsmaW9wbM9wo1aUD,10,10,7,10
1xxbYkr1ttfjGZHNommM3WDGhHy6GBoZXn,1,2,1,1
1xy5hST1fLKAih2L2aGVKaB3NzVaZ1mrqY,1,1,1,1
1xyet5R6SJgYzjVFStNkFd4oVKych2anu1,1,1,1,1
1xyw2qwz7ADYhhjiFJ856RXjSxLbhpSusp,1,1,1,1
1y12NhfDcRCLHBssE8i1pLMJ5xddJF535p,1,1,1,1
1y1E49iQXXQDB5zyBZkW1c8B4GRd7q9Ppo,4,4,3,4
1y2FUhcanEe4e3LJzcx7Kw88DfR3G2ytV3,1,1,1,1
1y3EyS7vnCvjgpfFFeMTv3CfoHoKbmLwqJ,1,1,1,1
1y3PQPXNZYKGjJaixg5mQBdhqk8uCFALdA,1,1,1,1
1y4rmbpeYjByi6bccRJLG14DiC51f2uXkT,1,1,1,1
1y4wM6esGZ9zky2q7RHdQBBugsF2ypqA6N,195,186,14,195
1y4zUFdoUEtbbgykXsxPtXZ2eYafVaHYqE,1,1,1,1
1y5Bfp28cagwTPE3wB7uAX61ccHgCYA1AH,1,1,1,1
1y66714itEj56LBqo4pdYihVWjzXbVCydV,5,5,5,5
1y6phJhx5wF231gw8q48Nm9mNtzkfMR8WC,1,1,1,1
1y8uBDoeUoDeYF958WrfM9aUBAPvu9vSdK,7,7,6,7
1y8uiz14Z7iSUjeJMaQSkDxXoRYjBQUD7o,5,5,5,5
1y9EVTGxTL7RLrtCaypi5eLFXa5ovvWEGe,1,1,1,1
1y9GEEz5tJQtFqiYeUM9h9qCT7CM1x5mG2,1,1,1,1
1yBEHvSZU4ZodCv249xUcQSpVdcareR5Gp,1,1,1,1
1yCXXZ7YkZCr8gmZCbHrJhH2SDAkaNQdCM,8,8,5,8
1yCfPr8iwxSEDZK7Uk8cwH7RjPwKR5Yk63,2,2,2,2
1yCnGR62e56KotrduMA3pQYfW6NgNwseM3,8,7,6,8
1yDeu7F2qWuj1tCDhfxLSRBDxNz52RuBeL,1,1,1,1
1yEXewoVWFHZbYxsckiKh86dg43Nvkaz1m,1,1,1,1
1yEaesJFNmRh31vhbrNjWb7TpdKwyouEDR,1,1,1,1
1yFSZJTKqyEN4UiGPdnqGeMqDspoAw52Gr,1,2,1,1
1yGaTUm9DUPsRPKp7mpMUB96irZmV6YB6y,1,2,1,1
1yGwtE7gH9fZRaw1kVbSmkjuqyB3j9WtZU,1,2,1,1
1yH3YUkbj6PU2Dcieq1SyyzMcPjUDyyDZe,7,7,5,7
1yH6vDHZpUGwBT3LezFJu4ouUcG5VodDST,21,21,11,21
1yJHkijFiUuHvNQp8eGH8wHFH4TFosdxpK,27,27,12,27
1yMyKZtzGdUKL9GL73MQBE2ZQXtmNkBMy9,1,1,1,1
1yPUdardKRJag26vFKR56oUPBe4H459q8p,1,1,1,1
1yQLuT1vvEBY5WCqY3uv8uh2LYmPNgjBQ6,27,30,13,27
1yRuT8qtP3UUyR2gePnCx6AuhR6MYWDYbC,1,1,1,1
1yTDznUyH6XEngff7oytXQmvLzFsvB2tup,2,2,2,2
1yVDRR647pGKwfpPn9eg7zwohj7BrxzVYQ,14,15,8,14
1yW35UTMfYSnb8A6f9YafhRMTnc2KCyKPB,1,2,1,1
1yWSDGwEjAj4V71nj8paVre1xeYTogt6Yd,1,1,1,1
1yXDoTSauyndCxLZ2G5bmvADXhegTLw6Nh,1,1,1,1
1yXJk8Npn9UZWRhbeurKpLeUWmSN8QwbLr,1,2,1,1
1yYaD336k2cCXgqbPU6Nd9f5rQ1Z7giSfC,1,1,1,1
1yZKWgDpMbA1pDyFMgSuwj3RfgLko7GNqf,13,13,10,13
1ybvib4jitWeW32agZrQ9S2JmZv3eT56mz,1,2,1,1
1ydZpfWkfQVLdrfJrDjtj6Cs7mpBukJep7,28,30,14,28
1ydgCU3Pwwd9BGXu5uFFmmtvoWhH6obrJH,1,1,1,1
1yhwKyCYr3oGM5dRCxFkSRHJ8LAJKojiTt,1,1,1,1
1yiKRyVgRrgNaHZ5m1DsvTDsyBx68NSZPj,14,15,11,14
1yk3b1EDYiZ9KHfchKaPR4x5LXazH4gZER,1,1,1,1
1ykR7WFMT5Yt2jKziGBbSJcmKxGgxdSwuj,1,1,1,1
1ykqZRthtZw4G6KE6dRgKmBzSsNSEKgEsh,1,2,1,1
1ymJ5PdMkpTffuCJHPNq5vGo5bGXNm9Fgx,1,1,1,1
1ynAcxt2X4MGfmFMpfRcKj8zkSSFEvB61X,12,12,8,12
1yneoKbLMwYUJNFvwNhGuSBzZ8maTSbznP,1,2,1,1
1ypXAiC6sFvjT6HRArzg99jVb8QChD31pb,9,9,7,9
1yqazK3scwaccsYXSqXMG1Yr1DZwLQSzh7,1,1,1,1
1ysJ3UVJNraxQmKe5CZCrVQaFL3pJDziez,1,1,1,1
1ysxWBqv9dmcadTYvotFsPgCmrGywuhgTa,8,8,5,8
1yt2tfBm2PBDBgnmY5MUhjpcsKaSDtH91M,1,1,1,1
1ytrh2hMCRpc6eVyPJmZLjTL57nowiMw31,1,2,1,1
1yuxmU9xH7ffA2CYXAMgmGeKrx8Y5qZndu,1,1,1,1
1yv5413esZqvnpo9Zc79BHtHPHbUvrYyvr,1,1,1,1
1yvfNuZfBEXVQSeLcpsiPvyXMeAmjePBrQ,1,1,1,1
1yvpkgA3YYS118L5v84xvajz4Pt3yaxJ4o,21,21,11,21
1yweB4G9u5VZKmaW1zRpCA12QMkHuxLjor,1,1,1,1
1ywkZchCX4gyxkenqq2jVhxBTYB6v3PcZS,1,1,1,1
1yxDNBVQmUFVNNxduaZ3v27sBp4UQbrMrp,1,1,1,1
1yxWBtsAqCQ8yVr7fVjGz2os9WHYvghZSC,1,1,1,1
1yxYZsDQzpD61GLvjDD4KPxAssSinvQRjT,1,2,1,1
1yxfhE1pGsSa2486tDAVNYq5adwqqoqPcn,1,2,1,1
1yyZrL4xsmE2MMV6gWCRFaR8EfayBkw2TF,1,1,1,1
1yybtNTqvDLhtfjFGbe52Xyqn8JGPiTKq5,9,9,8,9
1yykrNfXPnnDrGEUCMVxLyfs4yVKWw6M8X,1,1,1,1
1z2hzrKXtbJ41yH3HDGct9SnvHfgk1KKaR,12,10,8,12
1z33bZxpzGUJBNGpzhZrvL8Ew5eKR8ZupD,1,1,1,1
1z35gMmU2WCjTP74Zh3fYpdU9YKoUuRZmf,1,2,1,1
1z5NSqkUU2FSFjPM3kMsyPQiMUXU2RTqvN,1,1,1,1
1z5hBtmpugyf1V3NDHtZTJvjaBK785Yz13,1,2,1,1
1z68r3fuPcbo624LvamY3wweXXo52s1tUr,5,5,3,5
1z6NnvEfiiNvGjCa75E5w5uW5N8EMLRBfM,1,2,1,1
1z6igjQPLoBrc9CoQWpLDwHWYv4KugUr9N,1,2,1,1
1z7Kvo5mshZtHtjBSLPHLXc8GDxF7RtC2x,3,3,3,3
1z7ejMJgGAEW3LpAj6h2o1epx23XDkd54H,1,2,1,1
1z916i7xpLuX6pXicQ3DdFD2tETDyyzFab,1,1,1,1
1zB7ZxAaaUDzWik6L6jh7m2USKihN5o66H,34,35,14,34
1zBEmAXCTEYDhWsyUng9AEZq6S68oa2Kz7,1,1,1,1
1zC2knDMxmcZc4PNywQpznhBtz1TwWeFoj,1,1,1,1
1zCnnFsbcVGpFSSs8SMDDzgL5bSBr2RrHk,1,2,1,1
1zEVhoyPC2jQWKZJCy6FandtHNvJomRU8w,1,1,1,1
1zHVKfVAF2fG4Zg12UsyAvbeTxFEUcqSuf,1,1,1,1
1zKJ3cXJvYVPTBCxjhz69oVRRuJFL4zYs7,11,9,9,11
1zKhYU9z1a5JvwG1f32EuPTc3yJuQXAJHf,5,5,4,5
1zL3mdnLxgWMhH9CKyMFkL5UqEvL9RFLfu,1,2,1,1
1zMdyB9AJi9Ewa4wofsf5Drr5SkD1PBQWw,1,1,1,1
1zMj66pB7Y8h8p6bZQSoNUCnxfuzPg7GwN,1,1,1,1
1zPPh6VJN62uMAcX5hCtwwpM1tfb3KBwAi,1,2,1,1
1zQN8PT4jNYP2XLqovZLYF7ALHEWGDQmy1,9,8,7,9
1zQNgUSiXKv6YAJwM7stfBt4Mqog19ffvz,1,1,1,1
1zSYE7ANo1Bwos9xWQuvVQfsnCjr9Wg9E8,1,1,1,1
1zTxUjMYWEfrLxqGtpR2gPuBijpGt5tZVT,1,1,1,1
1zVUSN6N6EXLMxqYWeHpn73HaizPVzNqXm,1,1,1,1
1zWXP7BXU4811vGfSFdhuxFFqZsu1y8CUa,1,1,1,1
1zXwzqUgviYA1PbnuSKuvW7AMLxPztjXSz,1,1,1,1
1zY7eKazgaJw2q3EcaGd5bgajZiiXhkVAL,3,4,3,3
1zYqocQcQSbQzykNkuN3k7pfGxenjvJrds,1,1,1,1
1zZ4PmwVn2ajt6v7PJ7Eoi162veLDKrtyV,1,2,1,1
1zZZVfq5WjSg6iWXxtM16jymMBMpXKv5GN,1,1,1,1
1zaodiUogieGJhD2ZbumWq7iG6vJKLf7fK,44,43,14,44
1zbb9getcegvmxxHmxHJVm9G5tVupxP4XE,1,1,1,1
1zdnneJ7Qt5iUpKUAYuGp2EUyC21MX9neg,1,1,1,1
1ze2KSuGK53Dbcwdw2XcAho3STJEU77KjY,4,4,4,4
1zfGAyUGkkTr7y5J94J78qCCaGNLoqTtdH,21,20,11,21
1zfcoLjhhJBmaZv2ZcUiy26veqd8MZRNQA,24,25,12,24
1ziDcLospUMENa9PLESRfJZByBU7oBRrcm,1,1,1,1
1ziWpPUMd9Xd5YJiCApUbLJCVnojsJ9366,1,1,1,1
1zinUvemMdqjXKrZxh5q6v7PeNayTuLZpi,1,1,1,1
1zisFPPsXrqn5hGKkDpX3cxS7QFBCicJu4,89,87,14,89
1zjNcxf6ZjPdViYLQ9ouKdusViVNdQfdVV,1,1,1,1
1zjW99jg9L1BBRgGd5nFhkwCK1WR3YtVQS,1,1,1,1
1zjbvpKvuzDhKbX21i4fDjkKjeXhzE5A5w,1,1,1,1
1zohwcu4km8Ppn9x5we283ZhHWxDQ9zYbN,1,1,1,1
1zpnBPQ3fFPcj7jiQuT7yps2TCVu8zi4oD,1,1,1,1
1zqjJ3Dxio3L4bePRCwBWg73ex7yD5biet,1,1,1,1
1zrBHLhyJSHLVELHrNhmMotn11bWXDiF9A,1,1,1,1
1zrugyVcLJr7A6C24r2dZWPnRdF3ft75yW,1,1,1,1
1ztDhG54DLrcfPcj8E2TgA9PJVLSWoFVgC,14,14,8,14
1zupZP2rs95ZiLbVvrUbdNk1XZogMxdFLG,1,1,1,1
1zvHbCK1eUDPikRtgTQQ2EPDaohcLdJorL,47,48,14,47
1zwBE4zh3J237UceTHmDh6amFkuPYnBwNM,1,1,1,1
1zxJM96YHFwFjpM4ZLzcsM5hRZuK9LjrHb,1,1,1,1
1zxVtcxHLef3tdaMbveR6G9Em9zMZcquGD,1,1,1,1
1zzLFdRaVkfG6CS2wM6g9Jcpo97V8MFsce,2,2,2,2
1zzPZbJhrtPJAciPWA2wpmULW9p7exTnbF,9,9,7,9
1zzaFKvx9uugSpUqzzK5xUKJAzt3dSvqsu,1,1,1,1
bc1q000smax3um7d7pgftuzswqe4hf8gheescu4w0t,1,1,1,1
bc1q00edfnp7t9kx6ypprspdwetuf3n4gt7hsgclwg,21,23,11,21
bc1q00mhm6g7srfav8rlqwp35tkvj5v80wgmqg6fyz,1,1,1,1
bc1q00rnmt8nlp6xc4wawq5dj2qly6fvrc8kr78rme,9,9,6,9
bc1q00u52qc22pjs98aerjy50n74898vxyk4mh5jx9,1,1,1,1
bc1q00wn02czdtgfu4cxlkdn3yawp99fjf382mwklh,5,5,5,5
bc1q02c35a2qtssyf0a3dj36hl6mrdf3xrnueqpe4p,1,2,1,1
bc1q033fmlnu6t6kr7j34e5ugm7eh392xu3l7kqzvn,1,1,1,1
bc1q038s0mv7xtvfw8gez3vfmpv9rc6nww4m7rmrn8,37,40,13,37
bc1q040lc32wwqdk0hgezkvta0jp99slna43lvuaz3,9,9,8,9
bc1q0503cn2p2pstydsfhpjzmhsn0epzf070vw8prt,1,1,1,1
bc1q050ufzsm5f7la2g6vun4efvmypu2was4lz7nlr,1,1,1,1
bc1q050x8h0jcdzk6ql0hq29ue93hytshsyhsgy929,1,1,1,1
bc1q059j0t3nhlnwnt5ky2fe4fw2xrmfckgxzzaw4z,6,6,5,6
bc1q05fhy8mf3nrnawpxplgy6zymqq0sk6rcg36cej,1,1,1,1
bc1q05g2zhhrehtyw26y8f40m2ca8k55pryppmw2wu,1,2,1,1
bc1q06hj48lydgfuzyqs09gg8ysuk793fq35xzmgcz,1,1,1,1
bc1q06kelf7tkkpr0vc2t6mu60um9v2ue2d04zm2zn,1,1,1,1
bc1q06mj3g6232aay7dr95axmelyse8j8vwk27nx74,1,1,1,1
bc1q06ttr2vsaj6x6cu5adcwl5hyd3kejy59ed2egd,1,1,1,1
bc1q08c5fydahnphydtz5fqutmmuymwlwus8gj82ys,1,1,1,1
bc1q08ee339ludtygh5u6l55zp4s4twyg8n5ntzwmh,1,1,1,1
bc1q08mmarmmls77grx9rjqws0atep9u77kwvjfg5d,12,12,8,12
bc1q08wkd8jtyqatuqgvl2k0gg0tjec0x0lum94dqz,1,2,1,1
bc1q08x0gf7ckd5kf7rarzveqvpdlexyw43p64lajq,1,2,1,1
bc1q09fpf4gf5d77gu6l30ntfdwxdgy6jt7hpy538k,1,1,1,1
bc1q09nmk5fcfvlg4v52798lfn4zd58ezznpewc4kv,1,2,1,1
bc1q09nqm2xvwdfhp2d8gnmxnsj9ejk9nqeqxvselj,1,1,1,1
bc1q0aeg3pzul7mq3cyd8a4h4kll03knw4vrn3pz0s,1,2,1,1
bc1q0awgv83vpw9lh55n29pzvtpmkhrvufkvuhqj0t,1,1,1,1
bc1q0c0499nfrfexgfd2683qgj4ngfsf2j0pfwgrqp,6,6,5,6
bc1q0c0zs0d8kxcun962z4q8hm8hwsxzl5nqvp730x,1,1,1,1
bc1q0c8h8vgra555y009af5ha2yvrfgekjk0wf5fk4,1,1,1,1
bc1q0cpwq6chzet6m88f8urm0q0ykcv8tac27pzxy6,1,1,1,1
bc1q0cs42zxapy57je4dgtmg03g9avxpm869tld6zr,1,1,1,1
bc1q0cwehkg87nl7g97q4sqzse2nsf5cz86d76v3v7,1,1,1,1
bc1q0d8mqav6e0zghpr3zfm75mqw3ex3c4zuqgcvpt,1,1,1,1
bc1q0dfuxy8e7kwrjwqv2k7t95u6w409g87qvk4afr,1,1,1,1
bc1q0dgff32a0x2vcxfyw84g20x0xe75jtyxmsxzs0,1,1,1,1
bc1q0djgwe50nejpyfq4qqdaryks38anr3umwzk2zy,1,1,1,1
bc1q0dxm7pyguqwzksnkzdjz67270xt7kf2zcch6vv,1,1,1,1
bc1q0dzsaue43vsc35f5sed7d0wqzwq3axcef0jth0,1,1,1,1
bc1q0e2gandm5yyty3vy9f05wshq8pw8ncq6huwz0a,1,1,1,1
bc1q0e8vyercmprsh6akq5qdrvuj68rcddg83h4mlj,1,1,1,1
bc1q0euh9sadejwculyaxtrsqh8dek95l9pnv4794t,1,1,1,1
bc1q0ev63zmpvhf5c2rgew9ukhc9d0lc52sm72u74m,1,1,1,1
bc1q0ext8p49xfcxgplqecz8ragw7ffcww3mnaz05z,12,13,9,12
bc1q0eyywsren7elu74dx7yl088w5t3m4ggmdwwwgc,1,1,1,1
bc1q0f85afjdgakrlp7cch94ra468pj4dj8rchnnwc,1,1,1,1
bc1q0fg7f4539cqzqcnw83d99v8ql479jhzx0fvd4g,1,1,1,1
bc1q0fhhkpklnlhx6ezfs8v620dnuqnpaxseuxsll0,8,8,7,8
bc1q0fl5zehzsuhkvcxl2m64dvd3jhr0gs8n90803c,1,1,1,1
bc1q0g3clgtrwadwl3rcyd6ln5l0rs45c5uehacqrk,10,10,7,10
bc1q0gc0g3klhk9zf8ckhhcpapxs6jhgunwn72qzrm,1,1,1,1
bc1q0gd9nwd86yme7nn6lzl884y88hlag0rvl85heq,1,1,1,1
bc1q0gfpxghervtzzslaukdhkt0erzvp3n0c958ayk,2,2,2,2
bc1q0ghfgsk4c92nz8qhveyun6msdh0hhc9a9qfx5r,1,1,1,1
bc1q0gkmnwg45l28jca2ha8fyuuhen28sw0uyjr5k2,1,1,1,1
bc1q0gqrs6ttl3nlna4pdqugujcr5rdhpdt0wjm4j7,1,1,1,1
bc1q0h2q5wuwtv8653j86rsra85wunh256d4v5hadc,1,1,1,1
bc1q0h60gaflet9xt40sut0ckgnapy2sxlz2823a4r,1,1,1,1
bc1q0hvzg964r6sevqrkwuaakexwgyp296y7ncz2d8,1,1,1,1
bc1q0j07p0a4te6h7kwycxvscw0g7ee9cd3x8aff48,14,13,9,14
bc1q0jhcf845my95zgzru4gwh89577xs79qrztxswe,1,1,1,1
bc1q0jqgesj4e3svygp0wmc0x62dgxhhmnczv59x3m,1,1,1,1
bc1q0k6fv4ptyy87qzqzgtgrk0g2z0kcrpjmcyu8q9,14,14,11,14
bc1q0k7r7fmnpgwljv0gavjjdxpunvata4q9s3jlac,1,2,1,1
bc1q0ka5a9q8gummmdhtea7pp0hsgsht9qy23unzmq,1,2,1,1
bc1q0kdn2ueny3wmrkt3mna48me9gl75276jf97ru2,1,1,1,1
bc1q0keksq0pu8k3rtad2p8fkd95qpjgv9gzcgrn8z,4,4,2,4
bc1q0kuuc59hld9l6xxyd3d76chgjj6n2v2ucn53uw,1,1,1,1
bc1q0ld8vsrwllyaqdldp6xgrqjhgz7fxet3ungnm3,4,4,4,4
bc1q0luy7a20rru7f5nrrq6t4p36ceq4q6pthh2ava,16,16,10,16
bc1q0me9en4w42y8vkkf0xfsvtfytlau55fuy7un3r,13,12,9,13
bc1q0mk54dhl0hqr2qeye3hcgwyvw72vy2q32htx2w,1,1,1,1
bc1q0p3p7utq56v80uw545cm3dkjdzq3pwlrcxhx78,1,1,1,1
bc1q0pfjrazdsyfld54r696zsutwzsrxff9h5zgsst,1,1,1,1
bc1q0pfmsds3wz9lf6n030zh5744gh8je82n5sv2sp,1,1,1,1
bc1q0pla45g92ct6sdhe73jequp749xya7hhyf3nxn,17,17,8,17
bc1q0pqh979lpg0c0vvlcrdjqpjwfaj0eqy5cjuj3f,1,1,1,1
bc1q0psdsy6yha7pkkxpnlrm9ypkn37jkuxf96g6qy,1,2,1,1
bc1q0pvk0qrusltnjleglv7cu3wjfpyp3m4flzec22,1,1,1,1
bc1q0q0jyaf96xc3zhhuvfm9rqwx6n2xfpvwxkx0gt,1,2,1,1
bc1q0q8g7jeq8lcdx9m0aphkwcq6ftvq6vk67dklah,2,2,2,2
bc1q0qtjrhfykr5crvxxf6rsk65sy33q0mknaytlrh,18,17,10,18
bc1q0qtu7g9adye2kz4kv2muf3n0afeal0392mu2l7,8,9,6,8
bc1q0r0ks6y2h0qgygsjnkfsde62uaxh40k8ejw53j,1,2,1,1
bc1q0r0m0muz2vs6kpspjqd0yz7ptwmyrm2aqfr96n,1,1,1,1
bc1q0r8m4nsacx4qjj85pgsj6jz04pu6hkkdh4yrgf,4,4,4,4
bc1q0r8yrmsf8hc38lm08wqgku3nujtawz68z2c69p,1,1,1,1
bc1q0rde7dyrspt04t4ey3amw4a75ltyr873323svr,1,1,1,1
bc1q0s2qp2pk0c5pjkem6zz92dv95gnq385a53fam6,15,15,10,15
bc1q0sjthm0zcmy723t6c2ldx85lsj2c8c40juntj8,1,1,1,1
bc1q0sknj3zxsxsujak8wnpz0wytc9ua878v32fk57,1,1,1,1
bc1q0sq6k6akc3k9uydzw2fjnt2xdjddg90wzrrj24,33,36,12,33
bc1q0tdndpe4ljjv20a4qltf5fh43k58d86pdn20ml,18,16,8,18
bc1q0tj8ahcv6e3kxrd4e0upc23dzrr2dxjhs23f6e,1,1,1,1
bc1q0tp2qn7lz79qelr040uu0fyvapmq0mt9n7p5tg,1,1,1,1
bc1q0tu95sp6w56aqgraykva3trkkk4w53jzu6aa2g,8,8,7,8
bc1q0tv28dg58jtlw5ztgx39e9r94wf9q47nt9j058,33,35,14,33
bc1q0ty75tujt022hscepd3wpmm7u4tj4kh7ttt9lc,1,2,1,1
bc1q0u58amfyu5h83x84sn78pyrxff3e834qn9pnv2,1,1,1,1
bc1q0u7u09xq25va5wd458kyj3zplsm7gwa9xfxruc,1,1,1,1
bc1q0udj8702ztgd4jl62g4nalu85683r4q2tp4hm6,1,1,1,1
bc1q0ufzk88tffpd9qytn85w8hl9f8qefkcw4lzkrh,1,1,1,1
bc1q0v4safyf06vzxtappes2duxf9qqqgegvc9kt2c,1,1,1,1
bc1q0v94h7qw4axll9lpvzk6urnygscq49esw5d0uc,16,16,11,16
bc1q0vduldw5r524yjq54yk46l3engtavrz60ejaz3,2,2,2,2
bc1q0vl4zdcjhgu6mguydxll46wmvze0s9ydh8wxwc,1,1,1,1
bc1q0vthm450zj5nxqh4ffgusa4n30naewnjgxjzxs,1,2,1,1
bc1q0wed9hsmmz0sk3vvd4qjjgpy34mta7a5qz96lv,1,1,1,1
bc1q0wg8rlhnfrxvryg9xc7pwzfv24njvsasgf2scq,1,1,1,1
bc1q0wlkdstynjd4j4ajwmvghfhjdzv404tykylvjc,10,10,9,10
bc1q0wqy5ghzd66g4advc35g87c4av3jqwd5gfdqql,1,1,1,1
bc1q0wsywryut20vy7t6zeajxz0zjgtk0dj50vl8c7,1,2,1,1
bc1q0x57lqekyxg3hr7uwmw5z6rxgfa8662dwkt6q9,88,81,14,88
bc1q0x5r04emf5x52z5emx8wxyr89rk6nd009vmp28,1,1,1,1
bc1q0xj6082mgfx0m6rtl7pdetqcexxxrhfk6mat39,1,1,1,1
bc1q0xq8krr75enkp48q5qxq6llsslm9dumcvcjc40,15,16,8,15
bc1q0xr3rwt2y2vwlufnym5fuq6cr7nz30mtsp4arx,1,1,1,1
bc1q0xt3zl6lqsve9xlftn6hrmedhhuge8xhp28ggg,1,1,1,1
bc1q0y3886y49h43fw3qxcwcx8tnlxkj3xr25ctke7,8,8,6,8
bc1q0y4rjyjatn5la3lxzmpmmxtrtrl0z6wax65que,1,2,1,1
bc1q0y9hleph3hac3l4ae34vh0mh73eccymd3g9t4j,16,17,10,16
bc1q0yku7qgqqktee9642v5uuc4jr6503lgtr0fkyy,1,2,1,1
bc1q0ynnxyefuftav63hl7euhst73h4pft0aap694e,1,2,1,1
bc1q0z5f8cmpz4dx2zrey4dex27zaltxzp08u3k7yc,1,2,1,1
bc1q0z8t9zze6g8yqxzvmayecj0wu657khy7xg53vu,1,1,1,1
bc1q0z9gdjuncwarlzpq3wgwmfp8frktraldnyucq8,1,1,1,1
bc1q0zxl8e2xe8ssjapnasw04j4vycdpvsnla9443y,1,2,1,1
bc1q207pxspkruykxcwfwrnllf46y9hkwwj9egpmt9,14,14,10,14
bc1q209qsufc6tf3naz3wa5jeszdz9khfc5a0zprfy,1,1,1,1
bc1q20kyzfh4kr8w4j4zwejdv0v2j0e2mgqpkw8g33,13,12,7,13
bc1q20sxy40kqm753376vg9jy94y6qf40lyhz7pd8r,1,1,1,1
bc1q20thq87c9zvgxe4qafc7z4y8wdrp349e7t90q3,28,30,12,28
bc1q20uj5l5hld5pvkzg5hw680ucj9julefzgf25gk,1,1,1,1
bc1q222revza9yzk30cmw3hwzg4yy7t4m98cw6lfc4,1,1,1,1
bc1q22aat678xlpugx44799pejt0lgn3y075vur3ms,1,1,1,1
bc1q22hwvzctunc460gx7uuf85an95d9yhvucr5tdr,1,1,1,1
bc1q22sqv38k2c7c0fcmw2j66798443tkwzme09hwh,1,1,1,1
bc1q22um2nzxv6hrjl59qf26y37xn7hahpxumqa0g7,1,1,1,1
bc1q2333tw8uset238vt65rjzysg8pcwygrwaxvnmh,1,1,1,1
bc1q235g3rv2xykw4kq5x3dgxxn0rulagsaghsgf90,6,5,6,6
bc1q239uqaxfll600lzyvttrftrnjj058lx6sk78zj,7,7,5,7
bc1q23dajg2mh8ep0tpf77hctsst56v65ca66vys0m,1,1,1,1
bc1q23n23dxfu97c44qznn2xq8re200udk254w0s7u,1,1,1,1
bc1q249tr6nwwuxzseej6g4685y5646kx265h0zetc,1,1,1,1
bc1q24df8u0h3777s2prlvv340ndu6hmrt8qxkuf9v,1,1,1,1
bc1q24mjuf5a5yc0luxrx7zsgzlacj4x35y7nxpz2d,1,1,1,1
bc1q24qmh2qjqyey68zypz9gzj5rkv8w4ckf9xvzgt,1,1,1,1
bc1q25s5g99g8hnm0v0x7sfu6zxaapcr4wvar80cw6,15,15,10,15
bc1q268p0cks4eg09zkhy0jh6r8s3pym0xlesvrgta,1,1,1,1
bc1q2698v94u3983650a8s54e85np4u9cg3dlmewze,1,2,1,1
bc1q26d8ac5p58ptmkvpalp0m2lhqru8kpr8v7vajm,1,2,1,1
bc1q26fewyu8fgtvc0tfhj45ukq8w2y2ujlg5tt8rr,1,2,1,1
bc1q26ly5e70qwp2lg6zk7g55pe2648x3g98jxltcj,1,1,1,1
bc1q27eegqzgp08art6vs33d5cts4lq9tqjfn2hd6p,2,2,2,2
bc1q27g8vsxx69hfaavawfq247l6h83wty4ghuhuu4,1,2,1,1
bc1q27ycglgtwqf3tl5kdmagksdmsmy3dzt09rzn6e,1,1,1,1
bc1q280qam6radhsyukkjrenxwpx5642cudgjpd65d,1,1,1,1
bc1q290s3jc7kw40ue9pq6cl0j659055xgx2warjx2,1,1,1,1
bc1q293suu04cg8jr8lxkljgn2n3fy2zvhrh6pzczu,1,1,1,1
bc1q29cgwp0wdnzas4senahjkapn89amhkdck4zeed,1,1,1,1
bc1q29cpmv2wyca89prf00e7qgku50kmn3yyvkjute,12,12,7,12
bc1q2ahn9y5mhf7ar9kc2ce9rhgufpz5se0xm36zee,3,3,3,3
bc1q2cj8mwt9ht7laml8nq8yj3mwmwcwqdsg2l60c8,1,1,1,1
bc1q2cjkedvxagnqdes98t6cja96up6wd4w8zxcx2k,46,51,14,46
bc1q2cr6c9uw8tg27x4wyrw4ws8tmf5t0mf94vlhm5,1,1,1,1
bc1q2cxs33gsaza0alwuu64a0pc4t0z6x20ej0eq5k,1,1,1,1
bc1q2ddeg7cxa63p3z3c4hx92cw98pkqgg2z7j4k2g,19,18,11,19
bc1q2dg25y3fwvcs0rctyzeqh6wdfmtq70ykhnq8g6,1,1,1,1
bc1q2dj9mp32ewjvz72va3ganfjlsl6mw5u9kd8ntn,1,1,1,1
bc1q2dkylmdt58hywnmfmdmq6n5a8dfwfwl3j4w80l,1,1,1,1
bc1q2dw5f4z4yue83xsjj3l5c5mxhcwslzlcz279vw,1,1,1,1
bc1q2eg5ndrndgczz7y2gwuqnd0xdrkwh3wwd948mn,1,1,1,1
bc1q2ej60dv40urr0jqlvm3lsqp7akxv7ljuprzwwl,1,2,1,1
bc1q2ewz5rpwhsk98gtvlhhrgm5pufxkjk23fsx5xw,1,1,1,1
bc1q2eyu9swvkhd70j689natasht85f04454xusdtv,1,1,1,1
bc1q2f4u223scxarj3s4a8qzt8sg6xqmekmzmcjjv0,1,1,1,1
bc1q2f79s5pgrpmc246mmf6jdkd3rss2dvrg5clns0,1,1,1,1
bc1q2gaf3vpml7lwcaayqlqgsrwk9wvxkatrt0mc9c,38,40,11,38
bc1q2gn6rs4f4wgkhxeennakputvxft9dp0ans043u,1,1,1,1
bc1q2gyuaadezd0mxl7gnnx3mxtqmktw87uts99u3q,1,1,1,1
bc1q2h4lx9fnvswrnv6mna9fktmsecymm727qcvqf3,1,2,1,1
bc1q2h64f07dsx4yal0s4ju4us3zgfjpwhhjn2n7uj,12,13,7,12
bc1q2hh887ka36ngdjmtv6mj0px0em3ykxztfh6efs,1,1,1,1
bc1q2hk4phlztrnwrqerqhccfwddfa8dfy4dggvku9,1,1,1,1
bc1q2hm8xuu2f35s5lrtnjjtxsc3rghlvrexraqqet,1,1,1,1
bc1q2hzt6x92dyf6xmw234u2dumtu35sdpvejca98g,10,10,6,10
bc1q2j67yfa42duxpqfhcv5ylkurhdtz0cywpyjn63,5,6,5,5
bc1q2jhfhaye7p8uvqet6se2eallfsy4x57kg2w5r2,1,2,1,1
bc1q2ks8vet5d4eavvueqr73hx37zxjn30uau6uxu8,1,1,1,1
bc1q2l88cygg5axjdkyjynr9scej7rvttw26vglhdy,1,1,1,1
bc1q2l8f65dwa9aqmns2ej2pd0905np8jk6upcty4u,22,24,12,22
bc1q2lhdg8qy0wdqq3qr0l6knpxnz4m4qfkulzz5rf,5,5,5,5
bc1q2m06qlz7vhhxw9p0mmv4jxfwq7kcun50alzesf,22,21,10,22
bc1q2mkdf0pu2rr0mapmsup7kld6y6pr33sf0fe0xz,1,1,1,1
bc1q2mmtmyrv4ezvekyczjjzcymgtem35e72xc33qm,1,1,1,1
bc1q2mv8zvu7q06mktpu4qt9nqmgmltmc7cj6j94e6,1,1,1,1
bc1q2p9auy0yffa0elv82lsa8fmqat6s3t37ajhplm,1,1,1,1
bc1q2ph8anlmttcq8rc2l7j5he5s99ywx4adjty5w8,1,1,1,1
bc1q2phrxcd0f0eg5wgmhl882jxgdqpmt08d23h86l,13,13,10,13
bc1q2q9tm792v0gj2n95hrvu3j8sgpmyq07ep8fe60,1,2,1,1
bc1q2qqq5cnphytvltdkxfhtutfupz8njxkt2xlvf4,2,2,2,2
bc1q2qxll40t0augtv3v822qknnjtv5ndrqt66new6,1,1,1,1
bc1q2qzkhd2kuav4vl7llmeqlzj26tegzejaxscpg4,1,1,1,1
bc1q2r93umlu63d8km8jlnzwerqdndgsj58qlmtgcw,9,10,5,9
bc1q2rfhpu7js5zeuxn8urxa056lvm0x7w32qespqd,1,1,1,1
bc1q2rkaeam3xu8j5g5xfw5cq5cm2jyc2k8d08ayu7,1,1,1,1
bc1q2ru4e5gr8f0levy7anh32yqct39du4xgteuywx,8,8,6,8
bc1q2s5r8smnuzfv6quj8lrmq2th245v9vs9u6ttpk,13,13,10,13
bc1q2sg8ef6gf9lke2ccfpv3l9qqkwgklggarv2fpz,28,30,11,28
bc1q2t94gt296dg476z7p8zcp8jd5a4kmakllwstll,1,2,1,1
bc1q2thyq43pje2hf0a0a2pfdsx89w72yt60j28hxf,1,1,1,1
bc1q2twk529ehq4uxsefytyg5eaz30mjp2gz4zwmsj,38,36,14,38
bc1q2txfxdq7h4r9srn2fzcaflcsvaa7atxcljucng,1,2,1,1
bc1q2txgd4hxtx6wgvfksxsg26wg6g8js5v7x4z358,3,3,2,3
bc1q2txyplr00wnz0asxghsuczp0mepm84e4kt928z,2,2,2,2
bc1q2tyuxsjdkymxvzyer7cj2sgzfqw0905cufj406,1,1,1,1
bc1q2u2490vwycq48a9rsky4dxq59ff08s5d80adel,1,1,1,1
bc1q2uecwhytpf84sef3rsux53ect3z89thphm3y9a,1,2,1,1
bc1q2ukawaahmjxpnhgz7g43qvlcsn9v0ps5hfgh5j,2,2,2,2
bc1q2umdh0p4rc23apr6jzxezm2crmg8ateyp28s6j,1,1,1,1
bc1q2uqwaxlj56gw3yd4yvxfzqqjvsvaan7hayscy2,1,1,1,1
bc1q2urv0ddzql8vh98ed2sqjy3gmxndevagsrraux,1,1,1,1
bc1q2usmkfsmu2n5x7e8g8ral2jn23flmwfkk88dpu,1,1,1,1
bc1q2w2z3zsafn22zye6tn24wzq29z02n7zswvej5p,1,1,1,1
bc1q2w3jr62l6afz9pplp83hlas5xzs6paspq3vfcp,1,1,1,1
bc1q2w3q4mcxnnf0rwuzxqh5dtsxzdegrdfudl2u7k,1,1,1,1
bc1q2wl0q2h9s4z47q4qnd9ktye3n5r8nsvtlj0v5x,1,2,1,1
bc1q2xdvhgrewzq2td798x4gzwjdhg7ej44ac79l4q,1,1,1,1
bc1q2xj4tksxj50ln3jf4rxclwjsrk8xz3x7gsgf5h,1,1,1,1
bc1q2xqa88t0804yedu880392pgvyehtvcr7asjt5g,1,1,1,1
bc1q2xv88as2duqjqzdptms7pdnzef869tx9syfgre,1,1,1,1
bc1q2y0qcrkccucgzz5j0vec9hxx2k5t5qgj56wvgd,1,1,1,1
bc1q2yg0m6ss5gkc9jn6gacr0uatejs0ne986pgv6s,1,1,1,1
bc1q2yg36y36e5ff845uuy0xmyczkzpj4xnh74jr33,1,1,1,1
bc1q2ze8psnd3264rj54re40y34kxx4reelgahqs6q,1,1,1,1
bc1q2zzzk58pd2el2cdze7pejjutan72xy44dl7gwz,1,1,1,1
bc1q307c2vz2z9zhmeggpvfmjmnuujd86grr7ydqmy,1,1,1,1
bc1q30uxgq2d296f3uz7nxgw04lvglcu4trzgl04we,1,1,1,1
bc1q30ygau68a8k60nkltpfechec2kxg5udn245w3m,15,15,9,15
bc1q32jydne5da7mxg082eezjax4kdwzurx95lj75h,1,1,1,1
bc1q32t7jemkgnvzk8a8af4ytdsd05wmahu7ludsgc,43,42,13,43
bc1q3348cjt0pcmyq873j25236a8drcjlvp7kv4d23,2,2,2,2
bc1q339aa99dupgm4kgsjlcetrjvr9tu9wy63g445a,1,2,1,1
bc1q33a7xhglxfkwdyld663285y9geyqygf7l5ckvd,11,11,9,11
bc1q33hlzajff7hkg7c7rx7ufk8xxg7kcgpfy84ecu,1,1,1,1
bc1q33m3y5dkppsvky3zcdfsehxdfa9rznxtm30s7p,12,12,10,12
bc1q33sw3sh7yg20tt3tpr3xqaksndhqgh80e02xnk,1,2,1,1
bc1q34gar4zjrj0dddkvs58ewfx9xaa8rv09vldge5,9,10,6,9
bc1q34qp2xuarh5fmmdwh95paq5vgep8809q0g7ng5,6,6,5,6
bc1q34shgqpe8cs87swm72yvcdqj8u7r6as6ln87s7,1,1,1,1
bc1q34swp8cp5rkjm0whs6jvm7m8au8lh6tyqncdu7,1,1,1,1
bc1q34vple2n3wvllmm2lrkxy57jf0ld6lqn24nm8g,35,36,13,35
bc1q35kw0lhe5c76sujm223jh8pn6g5q6g65c48fr6,12,12,9,12
bc1q35t6senrhp9qmhzd37eejth47h4fdjwswce9u7,1,1,1,1
bc1q362w5td3cqyhm6qkkvaapt7aeu669xlz5qrwhf,1,1,1,1
bc1q36c0ahlcxkvmldy58x8xwd2asgrpph6jaak5cw,1,1,1,1
bc1q36lfngu9ymdupz3ufq22dulqu7zy52nt3j09zg,6,6,6,6
bc1q36lz0f6z0wlafrpqvd36f4lsu2wj687fnmswav,1,1,1,1
bc1q36pnz8nfsad8p7tq890a33p7yfdyecpzlma6tq,2,2,2,2
bc1q370hlta2vd47p2sp0emvncjj3ga0w5ekg0y6ae,18,18,9,18
bc1q37hn0k9w0k0qjkmqkrhn3mugu29ghwhn0kvj3d,1,1,1,1
bc1q37lanklka79xj9aj6yrctwkxpdgleemnfppwtc,36,34,14,36
bc1q37yp9jwkk93vraeh56uc00avvtqx0fxe05h4a9,1,1,1,1
bc1q385aahlfwfwlzrmnszz7ttuf7r2swqxvnn8xzj,1,1,1,1
bc1q38qd8q6x4duff8h56c3uvfdckv0ll3mrsqma2r,33,34,12,33
bc1q392h5wzn0qe9r6gzjrum0nwep5yvldgsd7r5t4,1,1,1,1
bc1q39n4hg9tatujhmhs6ym7d2n2m3jp7nkcy8069l,1,1,1,1
bc1q39nfpjkaumt5vjaec9kvzxejlge87jc5qgcguc,10,10,7,10
bc1q3a80vdgl5xk7jhn5726nvjr4uj687slc8pajel,1,1,1,1
bc1q3a9w4kkcdue5n0skj0gssgxzdtaum6u47x7wcl,1,1,1,1
bc1q3ad6x68ynusp6kc7rggl4drzk85g2ktccd0e0k,1,1,1,1
bc1q3ap2qhcky5vulstemd256w3tul7522kfp69ek9,1,1,1,1
bc1q3c7xhh95ny754jpvszny2rasqdxa35kptcjqy4,1,1,1,1
bc1q3cj4uy860mzctkwj9h0rxphspk4t8rtyd6x7nj,1,1,1,1
bc1q3d3w6jv4vzkskhh75yntjjzy65pyqu3u6z0dn3,1,2,1,1
bc1q3dsp7r6unnvcspkq0za5932wzg8r79fquccfnj,1,1,1,1
bc1q3ea6nrg0qfpnzn4drxl7ycvleuz7w2dncswgdn,1,1,1,1
bc1q3ejpsxpdjmu4cwnxvf68zdkqsykn4qqt9g4t3m,1,1,1,1
bc1q3ema47r94jfglzhh7a2zr5w6rm3w50tzx7l6u9,10,10,6,10
bc1q3fjf5dl7hzwtkpurcpvz4p80dlwlzlvdnx6fku,1,1,1,1
bc1q3fk8xa8mgunumammer98vh2csg4d8umlqk6u58,30,29,9,30
bc1q3fljrnnzthdnmruy3me7z28lng4pn9dvsedhdq,1,1,1,1
bc1q3g3j45z7n2fpvl33prqyq4m77rwmscnngf8e62,8,8,7,8
bc1q3gddxqezylzzhfg93kaj6hp4g7ptkmx8jd5vzn,3,3,3,3
bc1q3h7grj70kvkk805pu7ld0lxjcuyyddet4fpkhy,1,2,1,1
bc1q3hcdv7njffqrdg9nn6nne2wz4d0l6k6gmejde0,1,2,1,1
bc1q3hdhy903nr9prndn8ku506s8nqfh3zmj5jh0nn,1,1,1,1
bc1q3hp5xtdaqh989snhsh67fek4c8taml90uu86fm,7,7,6,7
bc1q3j3n7fg2csvqydv5qwgukv5rfp2ynz6k34mj4k,1,1,1,1
bc1q3j9aqlluqptekyjage9n73gmsr45vzr9vsk52u,1,1,1,1
bc1q3jj9k4mu3wwwn64h2wx7pdwh0qrntcekdc87a0,7,7,4,7
bc1q3jmwemx7zvveslcjpq9tl0246g9arvfdzs60q3,1,1,1,1
bc1q3jnut7gj3hyjucg93a32l663jvj5g23lg5npj7,1,1,1,1
bc1q3jrgdzz3rcz0sde8rsp30hx4kma4zy79hnsdw8,1,1,1,1
bc1q3kgpfmgy3ltzvn4u2euq2unja5w34rlj27g7em,1,1,1,1
bc1q3kxm208hd2sj6x07guvjym6rn7kkv82c5azugt,1,2,1,1
bc1q3ldc0xhxqys04rp2kl4rev8406z0zawvmw04q8,1,1,1,1
bc1q3lhmt7eufyg0z8vquhw2xrcjl8mh2h2uat42ux,1,2,1,1
bc1q3ltjutsa7mjcjxzt8av47cswafr2mr3eltll0k,1,1,1,1
bc1q3mekucmecah4vuxpxhhaz0c6l5j8r2z9kk4zze,1,1,1,1
bc1q3mvpx7w7s2v28jzc58t4fc99c2d5zamsgja4ct,1,1,1,1
bc1q3naspwu98zljg9mnzrevegv5w33m3uz28w653m,13,13,8,13
bc1q3nptahhslr83t4p0vm0cwnzfx8p3knzjcpehvn,41,39,13,41
bc1q3numk55eh40d6ccnvw4shk4rw76ks96xftkaec,1,1,1,1
bc1q3pd6fr7ewkgw0kawtwyhdy752lstmyhngduyad,1,1,1,1
bc1q3pejq3em5j0p3dafag63cdf4nxtf57cdrdqhl8,1,1,1,1
bc1q3pgvzyg2jvux5zxrf0n8ngrrnz8u7sxtvgjhx8,51,56,14,51
bc1q3pl52r0nsum4z3a94zgqpncv7ccz3c4hm64gks,31,32,13,31
bc1q3q49h5m6083warc8y4nf884s8fc5487dwecmn8,120,122,14,120
bc1q3q5fj4adfxjgzu24g3ssgqfpxfjwk2rz4q4fhw,1,1,1,1
bc1q3q63z3mxestzv7utv4k2w4jgacsgzzk5eglmhp,1,1,1,1
bc1q3qfe9mcs5rx5mg24s8p6qj4tuyj7z4mnax7f82,29,27,13,29
bc1q3qk6eyn9rhrlrj8nmg5xcxuc4wg8sapmdty092,1,1,1,1
bc1q3qmkku2pxp3vt2wztvdvgjaruwgz8dhnmfy27c,13,15,9,13
bc1q3qmxu0shyl5gunrn54jh72ql0sntz0dxwyj6k3,1,1,1,1
bc1q3r5fgm23twqf4gq4d5fu2qljv2xpnslgkwfwyr,1,1,1,1
bc1q3sc5pg9jsk33ufkjafrjlsngxuh6wsqsc5xjns,10,10,7,10
bc1q3smdyszetenqlyka6aq09sp6eql5qlxqau3d3y,1,1,1,1
bc1q3squryaamarmx32l5y0hzy9eujf7q3njx8c65z,1,1,1,1
bc1q3syyhwqxflruvcetr6flgs3aqm7shqaymfwfkg,6,6,5,6
bc1q3tcj47jrteq7ukgrz332wqr994yg56k4aj9g3d,1,2,1,1
bc1q3tcu0rdsk988jqrn7yhqlmvlu0tq8k646669cj,1,1,1,1
bc1q3tlhm2ajze5var7dfs844qtkemylax5npz6z27,1,2,1,1
bc1q3ufgqngsujfuaaxkku350nkrl8yraz387g28uy,1,1,1,1
bc1q3us46dtk8x7pqgz5w36w9urzsa4z826z0gkuyq,1,1,1,1
bc1q3usx23jpq98lm0262qy2u2clrgh2hy54nnx4dk,1,2,1,1
bc1q3vp9u9evl5rhefmhchqjkknu9du6uj2m6g9fdn,17,17,10,17
bc1q3w4wnqzxyeu7jymkt3sshssmrdhy7duxq508fa,1,1,1,1
bc1q3we9ujtdrm99rx7n54gu5vlqps8ztvwc2cj9ye,58,55,13,58
bc1q3x33k6stceqrewcw3h38djam69e5swql0r6lzt,1,1,1,1
bc1q3xe77pce4cmg4ely4p597dx5w9z7etfpp02vly,1,1,1,1
bc1q3xzrgz0gtl8asvmh6c4mkep9s03s9qzywt2dww,1,2,1,1
bc1q3ys0uv0dytdck4e4r2gqphvnlfuhydt3e5yvhx,2,1,1,2
bc1q3yxds3zn5zfuz59h9sksntn4xyaf4pkjw29nfe,1,2,1,1
bc1q3z2g9hllhn329f44ll37l9t3dwy8nfnw9675nt,1,1,1,1
bc1q3z7dtjkc0fgy79ztf83rdvs7ak0dcuwkj43z6l,48,51,14,48
bc1q3zm2mhg9t4mprskyu2hjlmpwf2fp0ty9a97f7q,1,2,1,1
bc1q3zru6l8q9zyvsvvqlw2hv7j27292y9gngyhv4n,1,2,1,1
bc1q405q5q7gwfc63xuagutyjh48wgj9twpjcnvwj8,1,1,1,1
bc1q407dycf7t34nrxg272qrtdjgwgfrs933l3dg8y,13,12,8,13
bc1q40dcldl8dn2tkffruu3fnn8aw2h6y9qlu3rkvs,1,1,1,1
bc1q40gdyddw4fq3fgst8pgqk05ptsrg68y7uhxuwz,4,4,3,4
bc1q40pr5j4elkn25wktprl3cm3v83g6v0j9792htj,1,1,1,1
bc1q40rhk3896df2hfts2snktryh3vm6yzz9lq9lpd,1,1,1,1
bc1q40x8d4ml60mve5ajylv8gg8247sya46ehavegm,1,1,1,1
bc1q426jw06jr4ce98jsp5dy8an88m45qqst5jstwu,1,1,1,1
bc1q42aj86de3mcpavydxrm6tcxu94zknn4xt6fy3v,1,1,1,1
bc1q42jaxhsugv7g8dmy4kl9nryqjq5ndnavtmqf7z,1,1,1,1
bc1q4335vhzz6jy7n7fed60t9wqzlwatf83e0cjfzd,1,2,1,1
bc1q438hmeuc4tllh39m9mtj5x95jnum2ukuzkm3ry,10,10,8,10
bc1q439mpstk3p6c3ugkd3tu84zns577d399f3ze22,1,1,1,1
bc1q43e8hej78xam8jv58hpmm5763ksrnutuy4cwmq,1,1,1,1
bc1q43nf4wsq7clpwh8lckrdluuvnafsmle4xss2ja,1,2,1,1
bc1q43pcyuu8ndpfexmftc06nejj6q88mm5vrayj79,1,1,1,1
bc1q43pnczvxqqx48metjjxfgyuuphw0jpyd868wdw,1,1,1,1
bc1q444skcz26fqq0c7hqchp9vq87twsngvnc8mcxr,1,1,1,1
bc1q44rue9tkqkp2tku49ghyhjvrl7uarjd59gkmq9,1,1,1,1
bc1q44tm2rg3ls788t2evjh8uw2ggw9uam4q03uhr5,15,14,10,15
bc1q45jfylcx85rvc30k3606qwskl8d6y5fndp9qar,1,1,1,1
bc1q45lvsyghq6fx5qjt0yttd9uz8m4quev3x2mzsu,1,2,1,1
bc1q45u5egsw9na6u98ma3c4vpedsm4tmd7tydj77l,1,1,1,1
bc1q4645luangn2sw7hjrfkja22jttf208z5gushtd,15,15,10,15
bc1q46g7d3x02xqugrt87z75nkvj6h47ggz0qzn3mn,1,1,1,1
bc1q46hjq9d6jm8cds2avf0p37h9qxs489dw802gh2,1,1,1,1
bc1q46suw62gwq9zgv4na6h94kwwdappkgp3zwjre0,1,1,1,1
bc1q47klfzrlh9fgrqnstxa2qvtjq37zl60fuxmd87,1,1,1,1
bc1q47q63a9r79j3uekrrvpnrxv73h0gf9ccj9g676,1,1,1,1
bc1q47t0uvqymhjepuj4625caqd2uxuku4rzgzl4gz,2,2,2,2
bc1q48y0elsaxmhwq4r3y4hud6lyr9cqlxd4gpjua2,1,1,1,1
bc1q49jtrwuc8wc9czd24jnk4lenrtard3wrm37c9d,1,1,1,1
bc1q49r7a2ejf4wtr24huaq3tf584n7pq0ljercpza,1,1,1,1
bc1q49vt05c2r4u44h5fke4sg0hjw6g2nx2snevxht,1,2,1,1
bc1q4a32z559cd68zuj5476ktre5hw8y3mfngyrv0f,1,1,1,1
bc1q4a4fcsdc0avhwg9zwvsqagymeddfkxa4hkmzhf,1,1,1,1
bc1q4a55n4f76tjtgw9mjulgukf546uvt4dv3nu8rl,1,1,1,1
bc1q4aj0mn8d7h7kdqmvzx3lfrzzu6nwq78xcth380,1,1,1,1
bc1q4ara64n2hn76avh4uumvkm8gsrw9v9q3gc8rmm,1,1,1,1
bc1q4awa60fxaygqmdq6es97g6mx2cws94hwl9m95e,1,1,1,1
bc1q4c63usyv0yxk96wjn2f6mv9hndppdn80ykc4vc,3,3,2,3
bc1q4cgxzj505k2r7rk5ge05tnfpmka9g9kcr76qyt,1,2,1,1
bc1q4cll4ez62qrc8ef9uceyq495c5l5vv3zecqczc,1,1,1,1
bc1q4czq5ncyutxhr4fqhw4v9v83h6p4wjf0fg8q9f,3,3,3,3
bc1q4d2at7cmws5yhr25ghnmx0qavq7gqaw2777a88,14,14,10,14
bc1q4d2gfu6z832pynpu8860z0xakd9ttj2hw7dwcs,1,1,1,1
bc1q4dja7mpdnyuwkl5q8rvwkutegyadjlu5n5zp9w,1,1,1,1
bc1q4duqf07dn3fqj32usvv7f8763qlxec2tuql7u6,1,2,1,1
bc1q4dxm3t0473uumkc5z7ph5nsdnwm7lx46tfq3rl,8,7,8,8
bc1q4esn6zadw2kv62suw5pzhqsrqnpx4rg3jhuxj0,1,2,1,1
bc1q4fg4r2t5yfv9cqwz7hauxswx0mk2uvfe2msaya,1,1,1,1
bc1q4fk8qe4m5ha4m60gksw2wgqkwznsfx6madjdjh,1,2,1,1
bc1q4fqvmjvw596dr4wnxnfwrkzgw3mhvp8cwph2l6,1,2,1,1
bc1q4fy7g8sua6pffacp57mshs8wdpkfc3c63pdya7,1,1,1,1
bc1q4gcf2t2uz6h0ujuw0n7vhuajc62vgsr7hx8j92,67,66,14,67
bc1q4gppc94kyrdhv2ewj2h46d0qzpxelz2jnpw0z3,13,13,8,13
bc1q4h24vc568h94rv5h3e8xrvc9dnz6lyl5r9ney9,1,1,1,1
bc1q4h35f4j83luys2uc8zd5ktm3xxk2usdcg6tweg,1,1,1,1
bc1q4h80vwy6h3vg0t36wkk86lvl772rnwl83fa8cm,1,1,1,1
bc1q4hd8s4dmfper26tfj3rwugp7j6s3jpeqtk73a9,1,2,1,1
bc1q4hhh03dc9xg8zvvuxy4n7vfzgv6skhu8my76p2,5,5,4,5
bc1q4hrs5grxacx29kmsux0wellu3xr0ac2s4vs2v4,1,1,1,1
bc1q4hwt2x8lzltndjdvtsg2trcdkzncc5awume6dl,1,2,1,1
bc1q4hy2vlkjsrwpx38mevkxlpy2q42frlrn93z0l7,1,1,1,1
bc1q4j6ar9l5227t3m52delsrfrw43zuqrs949gjf6,3,3,3,3
bc1q4jga3w6guayh4yc25a7yssrmn4krd3mpp793es,1,2,1,1
bc1q4js34p4uvr85gey3ku2jhemwmdrk8g96vumw9a,19,19,9,19
bc1q4jthm7uscqh3a73jj5z5q8ea9jnsduuq3rr7uz,1,1,1,1
bc1q4jxz7muthj8fpw70e7r9mga7em4g20jj2lscs8,1,1,1,1
bc1q4k5a2055lat3806rrfclzhtr058smjv3nzvj0u,1,1,1,1
bc1q4km68wqcrnz5f5wfreu9wmjefg497res9emgg7,4,4,4,4
bc1q4kptw3pp928wmj3k4s33kflkpz93zgj6yptygj,1,1,1,1
bc1q4ld6zdpv3y0e4vg5m3uuplzmzpl3cx300uzr39,1,1,1,1
bc1q4ll87whcx6yw03af22670h2xnfvzy2978l8tyf,1,2,1,1
bc1q4mem7tqt2p6anymqlswrmz4v7g6ndjkhmp2zx3,1,1,1,1
bc1q4mhhw3prfml96yagau5w4sd9mxy683t8ht0rpj,3,3,2,3
bc1q4mkcfq43fxafwkjq5f0gyuufvq8v9xaafxsz8g,1,2,1,1
bc1q4mru5n8nx6n8uhfm82fxp4r79yznh7m7uknh28,1,1,1,1
bc1q4mwl03lr43598xkztjmzhqkzsq5f409k5znt3j,1,1,1,1
bc1q4n0rrnc8xkkufqau4s97qzyrehfeeyp8m6l9k4,1,1,1,1
bc1q4nds2vxs342x2kmzmgqxz3r858nxjqkrkq9037,26,26,13,26
bc1q4nf8y5lj89q0mlhh0ppnt87n7s4dat4rkmgv9l,1,1,1,1
bc1q4pgmda37g87wx9ynct9p49svkrrvc4ry9a0nqq,1,1,1,1
bc1q4pj507nqfg2qhd9g6gapvqq7mvxtfu0vx4p3wa,1,1,1,1
bc1q4pj8ehx5fp9a7a3q4zu5gdrj5ryc9est0e9pd2,7,7,4,7
bc1q4pkt6ztape74m7r7982t0exd8gvlashnxd0l6u,4,4,4,4
bc1q4pplng4n87jr7wexsxwx63vj9w9arw3fwvcnva,1,1,1,1
bc1q4pqtj2g3xlz8wx0ll3dszwr47249lww0k8w622,18,18,8,18
bc1q4pttuuseqvwsl8w7q4ll4g2t92zznqfd3grvw7,70,72,14,70
bc1q4pvr7r8fnyvwtnzvvnw3fy94jua9u888x2q6g5,1,2,1,1
bc1q4q5xq0ywdc5xwxst5e2xxmstcqmgkyll67r06c,1,1,1,1
bc1q4qcnxd06lrf39zw6ha9xgeyrmg0js5e55u3wyv,4,4,4,4
bc1q4qemmezeawnl679nm0fk9qw4tnf7c2fx5ke0uj,16,17,8,16
bc1q4qlyzeh8pm3zlzadnu3vqwskadm4jqjsg7trqv,1,1,1,1
bc1q4qmp50l6g30gledadnsf7afud46tjpt5jzz6e4,1,1,1,1
bc1q4qtl9pyqvgj749gg8zhnlgkyz0rmk62hwtyp4v,1,1,1,1
bc1q4r6ehcmrhpkphham4ld70xnl3wafzv5f9cp8pg,23,24,12,23
bc1q4r93adllmgevckjla97fgpz8ppxst66ret595l,31,32,13,31
bc1q4rx254gs8wuv2xnjauguhl25w4vgjahcu4e5ln,1,1,1,1
bc1q4sa394p2faz6fxjqtvuuxw9utaqf08qttg82kj,1,1,1,1
bc1q4sgdj8vl7dlk2hmkeq84dadyjl88ytxamgem7f,1,1,1,1
bc1q4szd7ncd0462nqp6ll2v00g5g0u9ay69ukdpde,1,1,1,1
bc1q4t7wtz72a87tjnrtj7puz90yqpud2ptjfdza2f,1,1,1,1
bc1q4tdrn2dwvkkc9q9g2p4l5527tpcsucczhvdt8u,1,2,1,1
bc1q4tg99eu7ku7prwp3wgq9697zu3akuf23fy35qx,1,1,1,1
bc1q4tj3m5j8fjjgd5sg0c0kksw8ete9em28c6qczy,1,1,1,1
bc1q4tlrytlsmz49zgsa6wvsqwlwtnw9z9qpxg40kx,1,1,1,1
bc1q4tmdrnr5vj988ncwqyz2vh93xt8uxsl37t7et4,1,1,1,1
bc1q4tvq6gue6hwvwh0nr5dh8ppdjh6qef0fqp6vc7,1,1,1,1
bc1q4twvprgtk70eesa247xykhs0nu5a4ww0qarx9y,1,2,1,1
bc1q4twxgxasmj35jx2czjgttcnr6dep8mcj4lxge4,1,1,1,1
bc1q4tyqq0l705ttyt2qdumf4s6danrcfzcdjux2qw,1,1,1,1
bc1q4u4r9lfsp49dkd2s5xylejazwkp2xsjnuv7vyj,1,1,1,1
bc1q4uk3sl27cncslx0dtg78ddukgt35x8qnhq0qsn,1,2,1,1
bc1q4uuu5cdzj3k5gyea6dy56vyc8upwj5xvq3ugtz,1,1,1,1
bc1q4uvn75v6336qe78p7jfhynlnnajhlgplngj8zg,1,1,1,1
bc1q4v0pdey0gglmqs7snlwqx8puql6c7n4dvjv0ka,2,2,2,2
bc1q4v7a44n642xazlwqwwad074cdetqhqykp8fjuv,14,15,8,14
bc1q4w6n5lfse7fd8hkjnudasxxts888tdk7udj424,1,1,1,1
bc1q4wvgmhzq8tynwcn4r0rrcayvj6zcpckeyf8ln7,6,7,5,6
bc1q4xj74r8rdflgwfnnqlv8yqf8x0dx7puer8ne7t,8,8,6,8
bc1q4xp8r0fyzqe62ycxnzeq9wat4fl78l6j7qay4h,1,1,1,1
bc1q4xrvg0tjalc2nnxwvpwghdvkqzresng30gjdve,1,1,1,1
bc1q4xxz9w48e88qyuch07uuunpyt7fanvc4cl6m9e,1,1,1,1
bc1q4zyfq5dnpl0dg5dfvj8lmqvn6kd9e500pskycy,1,2,1,1
bc1q50gx75xwkwa3raulmy2purk7fyky3splmgedun,63,63,14,63
bc1q50h7pshzf9snerkfdwa2z27vwpzwt758fv6ehg,1,1,1,1
bc1q52q32el7eg0hlerg5vyqxv4vwack67jmcpg58g,1,1,1,1
bc1q52qjyw968whu4y2ldl6zvmzshmkv83x850k39q,1,1,1,1
bc1q52zq7xffk24xfrygq24u8jkc4uynnda73wgv8f,1,1,1,1
bc1q53aprthecm50dglcnakj3kzdm4z2qqqaz27yy3,1,2,1,1
bc1q53zfnsadqu4qxevflpv38sxpkgcev6n2afytes,10,10,8,10
bc1q5468t7yn7fc55f6yccaz8mcnwq0vzcxah66fpw,1,1,1,1
bc1q54m6g9f4p0jun8pw90wpvlehfnmyqnh79q8p47,1,1,1,1
bc1q54mha2afl8s8nact0z2elrj6yma7963y8s6rs9,12,12,9,12
bc1q54ydz9hejvp77daqmv5dsjkmgxy5zlt4e5dhrp,1,1,1,1
bc1q5552v3mvxqs9xxrqpcaa8m28ht8ghhtvrrkk2n,1,1,1,1
bc1q555c3u49xqt4pkdxu6ua4x3zef4zyk6fv0s8ec,1,1,1,1
bc1q55cejen8mgdjt8fmftyvtpnyzj2sd8jl897uf6,12,12,8,12
bc1q55cepjlp6yzvzdwlqk9h2edfqj3hc2vs4v5se8,43,41,13,43
bc1q55ujfyjv6krqwcj2w9fdqsmx7rsyk7062dg3px,1,1,1,1
bc1q56cq06x6gnmpuqjuf6epgvkyhhpyhvqyuw9mlx,6,6,5,6
bc1q56dqwfhchswl95e3rsycfmvrwg92r7c235kmjf,1,2,1,1
bc1q56j8rveghsrkqn9f0gfwdpkzadvzcmyx2735rd,1,2,1,1
bc1q56kqs0j9e4yt75kd3tvlv00sdwv0kfx89lqz7h,66,64,14,66
bc1q56qgxlrquf3fr740puaffcmeuw35mr95zzh53y,80,80,14,80
bc1q56t86zlys5k6xgu24hnzr32yrrjhdffgw2lafr,1,1,1,1
bc1q56z6vj9cgnxssujcphl202yv576kvwv5cg38k9,9,8,7,9
bc1q57e4hr2n32j8w659n7wnu5vrvnmhu326sn0qlq,1,1,1,1
bc1q57hf5cpm5et5zj5zrglyygfx209hk4964yler6,6,6,5,6
bc1q57hs0ed8uzxdxqf5ugtdw4mgd3fgwjgf6nyp8s,55,53,14,55
bc1q57n8kdtnmrcwxq4k3tzeq0errlsd4qexlatdgz,37,38,14,37
bc1q585fpzn6ph36phzn497qsgrj7dpuu4gcw22sj8,88,84,14,88
bc1q58eysyw57frlmc34jkgzequ57eq0wtstqd50tc,1,1,1,1
bc1q58fwq26c25c9zs7azf8mp4a488uqju7g2ylc56,1,1,1,1
bc1q58qjk3c8dyy2qzq5zvcylswzfwjqx2lg22jrzq,1,2,1,1
bc1q58t4fcfqg9f2rlp5c8vkwxu2w5lq9mj3rut4fg,1,1,1,1
bc1q595ju33tv5u8rtzx3yez20emcnrv448cuu2msl,1,1,1,1
bc1q59s4k7hvagwle6z3yjfmndrt7zywlftf8pvhfn,91,91,14,91
bc1q59sprxpep3sdwwjm6lgvwtu553292eyuh00j20,1,1,1,1
bc1q59u6u6p686a9p6rfxku8vdmnhl7u5slcn3td54,1,2,1,1
bc1q5cmj6wg4tuph5cxsngckgxkkse90uw8xq6rzn6,1,1,1,1
bc1q5cwqrux4ecleduklmpx0vvr0rlsr2egmpdzvzt,1,1,1,1
bc1q5d6z7dsgpnw5g56y3l4avfmw0rvra6lx24g48a,1,1,1,1
bc1q5dlthq94whj6fpzdtwz2q8gcer8lwk5hhkrkx9,24,22,10,24
bc1q5dv8j424ghlaa4j3539w89prwypw5fws7p78t5,1,1,1,1
bc1q5e55xs0ml0dh7fgj6mpfxle9ctdc8pzp20fml7,1,1,1,1
bc1q5e6vg6t3mdzt4l64w47c6eadmpwfx8235m9k37,2,2,2,2
bc1q5er6yzw46cmtk8e4ydnqkdsmzpc4mq7cqrja37,1,1,1,1
bc1q5evj5guvjmemc9lplx57cnljrzv9nt5rprncvk,5,5,4,5
bc1q5eyl4xd2fd62zjgmpx309jaxepl7cp3n3z6arv,1,2,1,1
bc1q5fg7qn5hejq97ud576dwzskk95tlwu7pwtmvnj,1,2,1,1
bc1q5fn3e83jp2d0kyanehmngcr8c0lgcdykc4k2tl,15,15,11,15
bc1q5fuxx89rhys6m5w2y0k68drav3qzff6sfklgq4,10,11,6,10
bc1q5fxep0nz2a3qdd3e37vhw4c2x5jf6g6a9267r9,16,15,9,16
bc1q5g36m6sylazyukdepeyuk42mr7t5cwnmmm7687,1,1,1,1
bc1q5gdxke20jtsqgfsete7902qg50s20muzu7cpng,1,1,1,1
bc1q5gklye25a2x9k5agnkymz8ahqgtuhmhcne43mk,1,1,1,1
bc1q5glny2faf3lx0uuszuusydvg7k2m2g0274skw3,1,1,1,1
bc1q5gqva2xg8hyz3kc2n36tfzxe4m6d0dkzfjvgcg,5,5,5,5
bc1q5h2wwa6wk9lyyh8xujfgazf2j4xgnc58sdzxm7,1,1,1,1
bc1q5h5azsfhwua6670gh3ecplqt7dlgdpha8f8emt,6,6,4,6
bc1q5hgsnhe5yhd6jtlmkazxrtncm8ryrs0kxsv3an,1,1,1,1
bc1q5hhnpvp8fpus9pcaw4td6jvte6u80lvns8pmhz,1,1,1,1
bc1q5hrhn2czz7r6d06akptgyr3r8es8qsst7l0vcv,7,7,6,7
bc1q5j2v6jmtmr8h4r9k3pdrtk67n6zzl592fr4det,1,2,1,1
bc1q5k68j8za9fvxcun9aqxqhncp4yzzpkheftwg5s,1,1,1,1
bc1q5kfhu2n8pelfa5fq4j7jfu487zg8npewuk95rv,16,16,10,16
bc1q5kg5wakvykpuetypj8r2sg7w8tgvkzge3f0fpu,1,2,1,1
bc1q5kjp4y0evkepkqy8ndqs7et568q9rffvskj4pn,1,1,1,1
bc1q5ljyrh5vxe62vacv473wawd9fw26tnvfz5rha0,1,1,1,1
bc1q5lnm59jmhcd8epdts7nxlgmwkggq2dxnvzfkfz,11,11,5,11
bc1q5m3c7ec598hjjf54ghrpxd9ydz9qhh23eznuhp,1,1,1,1
bc1q5m3d3wgumly4nt45l9nulrza99rwhvwewkf87t,125,123,14,125
bc1q5mcurummdc5j92ldu64fsk60vr8tndaqy0sfgt,1,2,1,1
bc1q5ml68cr2565sn50yhjf9g7yt39vxj3c4many48,1,1,1,1
bc1q5mtetvcta4f5thy7aljxeq7f54q7j9wjtg2zdt,1,1,1,1
bc1q5n7fgh62tz86qqufftvtjw37prkr8vz26r9fjt,1,1,1,1
bc1q5ncrs5rj6mkxftxd0ky359ky9xkjdhk6aa2sau,1,2,1,1
bc1q5nh2f5y73l5t3uakeh5x24mvvml6mkard9q92g,2,2,2,2
bc1q5nue32j3nft9vf4h92cey7tu2at80mpemp2gew,54,55,14,54
bc1q5plnp5pa30fead6ysp9ke63w0jzwvhl2adpq09,1,1,1,1
bc1q5pndk4k28ll3cvy2ys9h30hak9f0qgny6pmz52,1,1,1,1
bc1q5psnluemajewd68qu3a64cdx08rd4s476gny04,1,1,1,1
bc1q5puw5r7rhe80qkne95p3lkgdvk3u2rgs5kmh5x,1,2,1,1
bc1q5q5yftk4a2r6hyswjud6amvhjgql2cfj705u3e,1,2,1,1
bc1q5q8eg2hc3lwxaj7granp09462qcp5q4fy9ye0j,1,1,1,1
bc1q5qet0hr3phcc4azp823t4h3steaevgkjt0g3ew,34,35,12,34
bc1q5ql9gj4kdx2rq0egt9y70fal2m30k5552tn2kg,1,1,1,1
bc1q5qlf0x2945sx3c3j0aeqsnekj8srmval0elhh8,1,1,1,1
bc1q5qq6c79dt982nl5hsr48hjf2evrvnhsfs7xe76,1,2,1,1
bc1q5qxapgj5s2t4cphhk9wnv0v8ws9aas8h55042k,1,1,1,1
bc1q5ra6tvu6frhw33pluuje2ruge6ggkp9l7cr2ys,51,50,14,51
bc1q5ra8394tnd2mlfkgfkavd28uh32m8y36nect20,1,1,1,1
bc1q5rlrwqk6dyxyzg6ut8604hrm282e0ccqtanf5a,1,2,1,1
bc1q5rwatkw78v2l009g03kx5g7atfyjpns8hvup8d,1,1,1,1
bc1q5s3l2qr57frh9g8n30x5jaa4sxf3mtmykrz2zt,1,1,1,1
bc1q5snm4dqsd0vfj8yyayl5s5fpuuu0ptxpmtv8pg,1,1,1,1
bc1q5t4pp7p88z2n5d7herk6ntd3548djquw7hx7rk,1,1,1,1
bc1q5t8geee2wx0yh0h6tnt4qs09jqu6n74wh2em7w,1,2,1,1
bc1q5te6wzplppu70yd4dqnxzxrrxeuvxpzvp95n63,1,1,1,1
bc1q5tjfccgx8erraxfe3ta53ayhzyw8dafdrz283m,1,1,1,1
bc1q5ttfcdqxhdlnu5xzs5pwtnxd0wyjp5rdmukgek,1,1,1,1
bc1q5uj5ajvzx2nty8jpq6a5cn8970juzqzcxmvw0j,1,1,1,1
bc1q5ur2jg4kqzn8zxhqa4trz7qw0na6jvtn28wkhj,1,1,1,1
bc1q5usngap7tk7amn80z8322kjtsn76hzh0r43q8c,1,1,1,1
bc1q5vaun0k3rnlet4vhzx984255mtautezw9u3p0p,13,13,9,13
bc1q5w53ltg3qyy52hgxz3rz7l0m0h8kqk4ncc6zpe,1,1,1,1
bc1q5wj6xx544tspgutr8hy8wpwkv8ym58kgfds5rm,16,16,9,16
bc1q5wpcszlqwng48ur8yhxvefeaqa3t840y0eg42e,15,16,9,15
bc1q5ww4jymkwk4fg759gqzy9lna0y89jm0dmpxr5q,5,5,4,5
bc1q5ww7m2fd034z84387leha6m9zrzpk98c23l0dd,16,16,10,16
bc1q5wyja64c7q445kufald2csez9lk9dhnj5uapf2,13,14,9,13
bc1q5wzfxhyc7hcje0w4wn99q5p83l6sflm8570458,16,17,10,16
bc1q5x7epgqf70araq2h5d87gk4fthew2vq29m66w8,1,1,1,1
bc1q5xd28sydnxu4cv93qksj2qdf9gd6xqsp9u3x6v,1,1,1,1
bc1q5y3ex77cq0v24n7qyv88fcqqkwcpyjrffda8nl,1,1,1,1
bc1q5ydhr8e9xntjtckfxpyjs2rwyx6lz6fnkpfvpc,1,2,1,1
bc1q5yjhezz9cp89hlvu9ee0dhgkswl0z2xccdg45h,1,1,1,1
bc1q5ylsw0dsx89edyq82djqvprvx97k76xna64adj,1,1,1,1
bc1q5ysl6txtvez8ewsksxds5wx5cdr0q7e4zmnhag,11,10,8,11
bc1q5yu3lxeajvqfjnyytml9wzyuqjj9ayrn9v0m8v,1,2,1,1
bc1q5z0fvv50sc5ys562tpl22djh7g8wh6ahtxquu9,1,2,1,1
bc1q5zcrhm7drdpm3st9fy3e9nu6dstr9m4n2vk677,29,29,13,29
bc1q5zrsm2c69zgk9y3xau99vlpkvjr6v3ra7pez6q,1,1,1,1
bc1q5ztzt0yx5j0nh9s30gf6m5fn6a7efdlnamst4w,1,1,1,1
bc1q60hy3jxasx46kxwq3zlferh4cjktkr7d5h8ssk,1,1,1,1
bc1q60ntcc066qtwkxzs7h0ysnr5xlqv024tvxrawy,1,1,1,1
bc1q622svzpvy0ttts92sa9hflx24zcp4ef4x7qw4l,1,1,1,1
bc1q628tdh6wa6gfwhhsphx2kqcnqz2wx77rywm2p0,1,2,1,1
bc1q62fsz7qgw7xecwxunpv73f5qdjf5ceh4jwcfaf,1,1,1,1
bc1q62g0vdpeqna6pd8fjnexekngrtaqjd0y4hs8ql,1,1,1,1
bc1q62wepx99e8apddn6teyp434s6uld86zkqy46vd,1,1,1,1
bc1q6320tu9wzgl8ljmwqke5y6lk5ekeyq3tahyqte,1,2,1,1
bc1q632nnugt4fljqp3ufv9t4pk2ckll6w35j7wvr3,1,1,1,1
bc1q6395et5auxg5rk5zcu79v0d45vkjd8785w37tj,1,1,1,1
bc1q63rsj09w043ycqzhlaphfew2x7098vd3v7jd7w,1,1,1,1
bc1q63vzmp43u6rfcgk3lwgc8nnqxw4x45x3wr4lkc,1,1,1,1
bc1q63ykm3lr6cw2h8ecacfpfehfvekwt8akff8g2f,1,1,1,1
bc1q64acnkkn4rds84svk8xrgcd5hd0rgv0v9dhyn5,5,5,3,5
bc1q64f6hve4t2svnk6fkce4hm2996nykspa07rq7q,1,1,1,1
bc1q64fhh4q8uephrcvjj67tyx7xr7h5hwp3rsrlex,1,2,1,1
bc1q64qnsw2jd3qe89t4m5teujyeekz8689d0n6kcs,1,1,1,1
bc1q64rvapxrywy3dcv222f7mxp0mmwg2rshzu3gl8,1,1,1,1
bc1q64yn8yxj6ltc88l07qt8hdskzdh5eaw9vxf8vy,21,22,12,21
bc1q658w56tf6kuk9mhmcf2ugrtnhm2dqr2p45fdf4,1,1,1,1
bc1q65ex4le28dhfh2g2n097f0kvwscjrkzs3xstm5,1,1,1,1
bc1q664kkee507rkjdh6xrd7wfq6j45qqe4p7seutg,1,1,1,1
bc1q66c3vlsqezugwy882lyt52sejjjsx8ev9lvgz7,37,36,14,37
bc1q66n2pau3cm06n569jwpd82yt08lultv0gedymd,1,2,1,1
bc1q66wer377wesf4t3u3ltsy8gdh4lrx9kst8jg9g,1,1,1,1
bc1q67daq8zza4a5f5pfrd5tnrz7tucvua22kc6mzt,1,1,1,1
bc1q67j3jzcecq725f4xr0hvkktry0k5m0atatea60,1,1,1,1
bc1q67rgd57c5ta4ks7v03nwnjdl57k3j8cekfjzj9,20,19,12,20
bc1q68f45r76hanvs0vkqrv5kw6cjsvgrwhvyyljhl,1,1,1,1
bc1q68g7s3n50tju84w8cq9yzm4z2exgzeyrcrk5xf,1,1,1,1
bc1q68rur5x3vp452hqe6ryvf39tuz3v6tqn3k84a9,5,5,4,5
bc1q68xy5esxvp5hxngsce3rglehu0e4agy9sc72ds,1,1,1,1
bc1q68zwvfngeqhrq83qng507dv777dxtcyfgfy7y2,21,21,13,21
bc1q69fske7v5tzjjvad6pycc226xg2wzkdfc8tq9x,1,1,1,1
bc1q69sf2qraf2ue052aru57xrdvhdzqzzrmdg4m7u,21,22,14,21
bc1q69svsqvknkakjy5wtlfufncvr7mdn00kuhrpk5,1,1,1,1
bc1q69xrp73e4j99ddqzke4vllzwm4a75e8lz9qr0s,1,1,1,1
bc1q6agxwtymy2zjyfqje8m47dnk4ww592eyhy8lea,1,1,1,1
bc1q6akt2etf3a2gtzj9r8gnd37sw3tpaz52u4k4x0,1,2,1,1
bc1q6ay8gp7knhgu4tnp8wgfwngdg9m8yp7mzvxzr7,101,108,14,101
bc1q6aynhc47uwcxzvsp47dexrpj8l5m3dz72xaaym,8,9,7,8
bc1q6cgpf0vcglpeh0yd74cgv5jwhy2pnh6wkhgjr4,3,3,3,3
bc1q6cks5xftsnsy7jqfvv6mpw57zyup06vzn3fd6r,47,43,12,47
bc1q6d3fhffxqnpusd2peazzjrphguz7uha5vw3cal,1,1,1,1
bc1q6dst92gdw285pqa8dgqj3sk6a7yh38accqj56w,23,22,11,23
bc1q6dsz8dxun079csvlrl6el9myqmm0u9zsaakhd2,1,1,1,1
bc1q6e6fhwwnuxyvq38j8wafz464a4srmh4h00zyk7,1,1,1,1
bc1q6erudemdcyrxyvzc5swaypzaqeq24w6f5fx6pv,1,1,1,1
bc1q6exq5yx8vvtnxe47tpkqfrpkts9jfpnrcl4pey,1,1,1,1
bc1q6f6t6pqwlanygp5xr4ajkezsrrrkd5nvyqdlu5,1,1,1,1
bc1q6f7enryn9f705p7jgv90kdl5uqujzncchkr4cc,1,2,1,1
bc1q6f7whqezryfm6jczmyjz9qrxmek5n4n0zrx73e,4,4,3,4
bc1q6fe5tjyjzzl2j4vkt3xkg5alrrkvysmtvy8mpv,1,1,1,1
bc1q6ffxxxjk6scl7zt3efeze40r73hp4nn3lxwgnu,13,12,11,13
bc1q6frhu5y3jy9ryaz7s30ghw44we9q5mfueqxsff,1,1,1,1
bc1q6gc3jxjarsja59k0l2epmpg0fqpqt7q67g3m55,7,7,6,7
bc1q6gpk60wesru6f2u92t608peathnzulsy6fq3d2,41,40,13,41
bc1q6gr5gl4eru2krvvwpfr6tfq5dj428dsa5u5fwf,24,26,10,24
bc1q6gucccfpfld9hz4x4dyswhgaun4s4zqasqpua6,1,1,1,1
bc1q6h56yggyggp6d9ej87cywpfv6s8m0mv5y6am3q,82,79,14,82
bc1q6hlfuy6z838388lvg68fs3wgkncsvlrv9yeh5c,1,2,1,1
bc1q6hp8znqqk3mf2m5ce88dg2r8duydvwz8z6awm6,1,1,1,1
bc1q6hu5dtuwtecrfkaylr70g7klpna7zncewqmd7m,1,1,1,1
bc1q6hws6rmz5epvheuwg7620jlymp6y9fzh3e3a4n,18,17,9,18
bc1q6hwumdvjea3m3emz0dglv7s84frjyr9ptlmz78,17,17,11,17
bc1q6j8m7ysmr6286rmxcja5p98lk3w5p5mvsj00a9,1,1,1,1
bc1q6je8ql5mpml0p5y8cldly9ywmdy423fssmsa05,1,2,1,1
bc1q6jfsl9tq9f9n7eapqjux67egyypjesj5aajs67,1,1,1,1
bc1q6jquj6zw3u234ctswcs32cd5h529phfr03gvp7,1,2,1,1
bc1q6k868hl4c28wyyma6fskgscdttrlj7sxha9q0q,1,1,1,1
bc1q6kdzchhcmpydfccrssrkkpeay28xaeea9kpkdk,1,2,1,1
bc1q6kga3pvdsjhp5mc5vdu3xy02577zcl03crxr43,11,11,7,11
bc1q6klcu4sjxzt37qv0af06u08ya7a2cqlgukp4t8,1,1,1,1
bc1q6kv9g3hk4s3n3eqa73jeqdtyn8ywfa74yqv8v5,1,1,1,1
bc1q6lptjtxmg76493ha5f0xdshh0g0yf96tr7kjvt,1,1,1,1
bc1q6ltdnzmulf74v6clrudngxpdxegvlh0ngp46ep,8,8,6,8
bc1q6lxxm0duc2eus7gmkyxd06egpazjz5dzld49np,1,1,1,1
bc1q6lz4a5p0m9us7ddn6s9szt3cg9d3umeel4s6tt,1,2,1,1
bc1q6m6jqxzmvzuxn9uw062s9mn9um9ezn8a53u3x4,1,2,1,1
bc1q6mdygep5vx42gmxypyrujvlx9uynqf3d9ztmwe,1,1,1,1
bc1q6mrklc5g7d0yx252g9uq8mfjs3kye69dlq0spj,21,22,13,21
bc1q6msrut9pl6x4kastqdwk6zsey6d5m6yxfvy9u2,1,2,1,1
bc1q6mzfeqydk8k7u0nrhhy4f9z54k3ev9faze5wu0,1,1,1,1
bc1q6njc44z6cwtgjnpw9h4wwuhjs0ph3g8yflte8v,1,1,1,1
bc1q6nvkcs43cadz9rk6xxahfcmsd6xxmdmqtzetc7,1,1,1,1
bc1q6p6uwy4n5vf3qdjz9xu64gjh9mqev0zyct9t5d,1,1,1,1
bc1q6p82n05txjltmx4cxpr93sp2wqvmgmrf6eg4pm,1,1,1,1
bc1q6pcjdnhv3ldgrq6z8hv4vpkwtkmtnpnlzs6345,4,4,4,4
bc1q6phv02nmecr8a5zjxjpv6wnus4xgc80ur22dpj,49,51,13,49
bc1q6phvra82s3n9nlesutm6pf5nkgrn5s66t2flyv,1,1,1,1
bc1q6pyfayrru0nme46dc7sjerekpscul2ng06cr6z,1,1,1,1
bc1q6q4mta4ydsc0p8f3jj70mk68yh6egg0rap64sp,14,14,9,14
bc1q6r3xgscz488x0kvayhvsal2kdm340g66glsl5a,1,1,1,1
bc1q6r6wszh9vzzkatwhdtu82ww86l86g6ya4n9jjg,32,32,13,32
bc1q6rpcttp9dhmasmmmzzas6cvahslaqr4p0n0xjz,1,1,1,1
bc1q6rxcl6h45hv9hcmk6xcf6nwxf67d2yuac7azyz,1,2,1,1
bc1q6s0egj7lna4xak4wacdgvezydfcqm27k8ma89q,1,1,1,1
bc1q6s7m9jng3tqfmdscq4rsytvskvefwm82epyk2n,1,1,1,1
bc1q6s9909xayssh47y0dxx06pldqtwm548cjaltjm,1,1,1,1
bc1q6shayccvdrdg2xmzaqxf944ls9ghxtxvvjqy7y,83,83,14,83
bc1q6sls42gncgd993a2ls4468app6dpapy82tky86,1,1,1,1
bc1q6sw6e007h693kw47u7lhg34w6yvujn2vczjg33,28,28,13,28
bc1q6t4y26l0je5zya89qtem5jy0l7uv2nmrx3sc98,1,1,1,1
bc1q6tan4jrzld0qqw7t8hu63tahcrd9mzkvscyuy9,1,1,1,1
bc1q6tg544unxskzzmcpw6w3q9c96d80v0cvj5tp3w,7,6,5,7
bc1q6tkkgvsqma6clkee8t5tnxyrc4wpu4kzwunc8c,1,1,1,1
bc1q6u4x5u62ag4d8566k860efpmqpufqunsksnwnt,1,1,1,1
bc1q6ume03gqwn9tjtemj73f6n3psav2lm60u597un,21,21,12,21
bc1q6urdpn8frs9p5qcmcx26f57x9rfp29ljk7szqn,1,2,1,1
bc1q6v4hnp580lkeqchgxx8n0edpezheg8e9dvtrny,1,1,1,1
bc1q6vcu7yaa5t6ntcxk3a9sxgs52u7zhz744z5m2s,8,8,6,8
bc1q6vmm4d6nth3q4hkm8crrslm66462p67hc6ke5f,1,1,1,1
bc1q6vp6nf4dspv89pcvja5ye8lwg5wdepr0nkmprv,1,2,1,1
bc1q6vs6ykr8kp5ptaas8hvy4xahu5v248k0gpyahk,1,1,1,1
bc1q6vys89gh49aj7sw5756rk2rty5ygugvukrhhn9,1,1,1,1
bc1q6w8h4wddplpawg4jves2wy0a5cdxtwljwnq2ec,1,2,1,1
bc1q6w9zw84a8vnry46kcrfdta4kxeg6se7twuepgl,1,1,1,1
bc1q6wc590tqxk4yy8hpxac6k5l8m735qq8hd79dc2,1,1,1,1
bc1q6ws4jqvk5j6hmhvy7rldzrf9pfadccw2kcadt2,7,7,6,7
bc1q6wxd3js8wt3d2u924em8jzpcam850fjvp5y3uf,1,1,1,1
bc1q6x27dfy62x8pckwz25ezwxl0lcd8rkhzf8ukea,1,1,1,1
bc1q6x8www4p35ww4gny8ezfnhd2z8s3kk38pasnqw,1,1,1,1
bc1q6xwnqlg9c3k75tlkjtvgel49krmeykka85h669,31,30,14,31
bc1q6xxrzvncmxcdr7qfeu2rfzz40e6gyhv6pq4a75,11,10,8,11
bc1q6y4wenr7egztfp7n56t390f34xg0yj9329kf4s,6,6,4,6
bc1q6y63rhtsx2qcy3t73huz6kmgc67l7c75s9j3ax,1,1,1,1
bc1q6y7vuj6e6jlx3a6emg650ym9j7jz3h0haqeeg2,1,1,1,1
bc1q6y8egjf9yu7wt0lh2pc0xsd7q77dqruzhsj8jj,1,2,1,1
bc1q6yg4rmuyvg5y7twf37vz02a3vvla4amx6vrxdk,1,1,1,1
bc1q6yp327rn5dmueyfu6lcf8v4n5ey3w8kvvnh0yt,25,24,13,25
bc1q6yr327amgghfwlufpx97pzggdxrx5u4y6lha7d,1,1,1,1
bc1q6z2el7myraw6jv02qpr2yhqln6nvreuujvqm8m,1,1,1,1
bc1q6z3atvm3yqq4w4573t9e305pzw7ysmrnl6xjwa,29,29,13,29
bc1q6zcxpy8qct5nsh5uhrcu7rvfaehuvz7x33dylj,1,1,1,1
bc1q6zdwh8rxhuprhyjjtpus2e6cja9jfhc0f4xjpn,1,1,1,1
bc1q6zglyzh4wuk42xn72dcuyncz39smsq22x2yx45,1,1,1,1
bc1q6zkp9zhhv99xhdtz2ejrzv0dm0lztq0u2ydnju,23,24,11,23
bc1q6zrshsqqew6rw4ejlzzr6uzc7nhlxacec6zvv8,1,1,1,1
bc1q6zs6c75qatfumk08my9ey4kx4lv34fh4qh42kp,1,1,1,1
bc1q7030c4e6gce99054ke3vp697r9mq79m6p6vkzh,1,1,1,1
bc1q70y8r3el3x0ql5wn85fqywcterjew7hcy537zh,2,2,2,2
bc1q70zwwts6u4ls48qn3znud89kcp4j27rahn768x,16,16,10,16
bc1q726syq4p0967yt0uw4wrftux3mk0506f0tzu2n,24,25,12,24
bc1q72exxr5mrc0t0gvml0e4sr97d8y92pfa2t8e0y,18,19,10,18
bc1q72jyrdml5qcwf3zy9ayvz0lpaxs6ara7w7dx6f,3,3,3,3
bc1q72zd5mxt5rt7j6hm80zm70waz4rwdkq8ve2pz5,1,2,1,1
bc1q73h9pp680n0euk6z25f2c2gl52vlpeah95wkzw,1,1,1,1
bc1q73hsrss63v88f7u39a9fegwg5j4ujzedcf6fky,1,1,1,1
bc1q73k5dgznmeaqgmtye3g4eu09junp9zekkzpl4e,1,1,1,1
bc1q73qlhlsgwk9z2mnt8ngnycw3jlatl6vfqkh9ha,3,3,3,3
bc1q73wk7t9xvl6ujwm0kmr2hwgp3jfv588p33wsqz,1,1,1,1
bc1q740qq98lf9yxswajsarxtzjh5m8xzqg24ku39h,21,19,11,21
bc1q745zqpv7qvk47dz7tyrzucum5y400rgvnl76fz,1,1,1,1
bc1q74wmkcrak2hstng8w5sh3rzmsnhja4fvy8gvfu,15,13,9,15
bc1q74yrh4r7cd28n3x9k6du25rqc698qtu3emzf23,1,2,1,1
bc1q750clh07x9mravs08vdtlg0s873hwm5ulkampr,1,1,1,1
bc1q754auj87j4hhlt4zkpjnwfmp8kp6a4gerwwqwn,1,1,1,1
bc1q75dh56zwfps6jfv4wc0l4slla2k2gltrzyrq6g,10,10,6,10
bc1q75vldvclkzkys27st5kavdhacnh2nyf8zyjg03,1,1,1,1
bc1q762t64385ghdk9mw5ly86j3m637xv2rxrtx448,23,24,12,23
bc1q763ylaf9se3tt70sdk4sn7l4dnlkflkphr253w,1,1,1,1
bc1q767dtygdcrsmz0zkuuyvv7emmkm3atthypeg3m,1,1,1,1
bc1q76exldqvwgmhcs02wjddnfvkl24n6e73thcltz,1,1,1,1
bc1q76nag9lagm48q7rhpajtz8r7zreylcjrx3skvk,1,1,1,1
bc1q76x9jw5ljfdvm9sulk88mzav3jvpyght7dl4fh,1,2,1,1
bc1q776qm5svns9zf4e47t3q2a6qj9w9wcvpq0ys8q,1,1,1,1
bc1q77f8y7vq4ay0j5rsnaqd9a57xm3qh5ltct9awk,1,1,1,1
bc1q77gf7c5lr32mep06mptamnstjvhzr7exmkw7la,8,9,5,8
bc1q77h8wzmyqfgxeaj4va8ju0fzj09guj09t6m6ke,18,18,12,18
bc1q789z47zs0agkvgdgxjdus7zdp34a4ce8js7qpa,1,1,1,1
bc1q7996fm830tqg8t799z9hj6v3uea4s7khrnhqm3,1,2,1,1
bc1q79f9k642cl5wvge970u4d40nykw0ek0l8ue43n,1,1,1,1
bc1q79s7tkq7cfvwgahz3nsw9ljd6qye9m7cwplva2,9,9,6,9
bc1q7acn5rjv9652yuzp5vyg6ph5lnrgn4hum5hx26,2,2,2,2
bc1q7actw78elztlx9372gfp8p6nn9t2t2pvjkhpgs,1,2,1,1
bc1q7adcy9rqalw2gqzjuchsusm6cgf5u7ys7tuxcp,1,2,1,1
bc1q7c678zx4f544j6e4dgad4mrgkzkllaeaqljkp6,1,2,1,1
bc1q7d69fkwnetjg9z9yy78al44e3lj6wletap7gch,1,1,1,1
bc1q7dkh4nsvkd2hm0v732svus0cpjg6982lscj672,1,2,1,1
bc1q7e70hdd2strfrrskvmqdq8vswer5cyrspjymzn,1,1,1,1
bc1q7eksd3fkpvwp6sxj60gz5p4r3lx4p58gdal2xr,11,11,9,11
bc1q7f95ush9nas5g07t7n94f0c8h0ht8j0tysk3l4,1,1,1,1
bc1q7g87wjqtng223xwr60t0m5nqxxnj32j3fp230h,6,6,5,6
bc1q7gtv2lx6ln0drpksk2tzy4m8w8wls4kz3fxrua,8,8,7,8
bc1q7h8rcd7yrgdk8lzpclzjg64x2g8jnngwt4vrdp,1,1,1,1
bc1q7hpu27lk569uqxptycmy77ksa48ufjw9qfy9sa,1,1,1,1
bc1q7hznlsea5glnfxj62e0dwurhnxc5pk6tfywv5j,1,1,1,1
bc1q7j0gqvfglc2dl0e28nfn9hgfz2r3mlxgffqf3a,1,1,1,1
bc1q7jwcn9k04qlr2pdcglqxh52vjlcejhhz6wn2gc,1,1,1,1
bc1q7k0ea9lkhf5zwgcqldrjct3yjm54zkulhnkefz,1,1,1,1
bc1q7k5pru6ntvwtlqr583pxrnexjrtdehxf0peply,1,1,1,1
bc1q7k9ultlljtdl44rrm9urfzrw7xzur4s077yzz6,1,1,1,1
bc1q7knwf70a0taxqflt2xdxkdqj0mtxf00rwh8sd8,1,1,1,1
bc1q7kzmvka6nt43mj8knev0xpljs3emzev6vzk6q5,1,1,1,1
bc1q7lmj9jwqt0jpqj4rw8qztxvzm99l824chl09he,1,1,1,1
bc1q7ltap26c6q40jt9cssy6yzxa5d4n6szh8zvqgl,1,1,1,1
bc1q7ltuvfc00g53f6d5lssmfjpwwaf84450x6ndpz,1,1,1,1
bc1q7m2y3klu06cp589unlwcmhdukunkhu808ssscy,29,27,12,29
bc1q7m4ptsy2qk7ql078zpjw2fxxn4ulkslshaqkn4,11,11,6,11
bc1q7mxj7vd2qqapq3kvu423ehaq5da34u34z8v307,1,1,1,1
bc1q7nkldfxdfupvmqe0x28u64jfy498dyncxgu3sk,1,1,1,1
bc1q7p25jc7sj2k6q5r5g323zr6g5ehuqgdu7ag5h6,1,1,1,1
bc1q7p3pry38s854gm4upw9ycasvmze8987l8wfrdn,1,1,1,1
bc1q7q5yrgum75n80ecc7kn59d23fmuls8mktphakm,5,5,4,5
bc1q7qasn06rfwnjgthf9eqf4td39fp3nu7tcpdt6k,10,10,7,10
bc1q7qlm350elky8rsa36na4skcezl6qq5ez9xhs42,1,1,1,1
bc1q7qrg0dxdgev7s6p2y0mjyhl79gy3thyk697mh4,10,10,7,10
bc1q7rhfj74dh24z9yc584wq459rzj9txn6cgn3urx,1,1,1,1
bc1q7s6qhr2vjq4u48lk00we76fname6uavmctnaca,1,2,1,1
bc1q7see6l37f9a82jwhcm0rdfkvchfh5ucld5q79r,5,5,5,5
bc1q7sjs7wxy78lsqpvske3e4ld7j3cecqugwecrj7,6,6,5,6
bc1q7u3tml97k645x246ljeza95s58eqa6rvhlurd3,4,4,4,4
bc1q7u4f68hyy6dezxlk337x7eh48h52mke2j35pe7,1,1,1,1
bc1q7u9ajga6qd2llp9x5y6pau7jexxa5vx6ysv88f,1,1,1,1
bc1q7udwq5uy8r9c66r2078cmshmrkunjdj7j550hd,1,1,1,1
bc1q7ufs9rsngm5yt34jt26gygprrnxpvd6zrky85f,1,1,1,1
bc1q7uwqek6x8ghqr2ak2gngnarf3yfa5erlcc6vq2,1,1,1,1
bc1q7v5plg369ukr09upas4zhdndyfcreg6ww8lz2j,1,1,1,1
bc1q7v695umsq5v56ur7al4ks2myp0sft7degadtrt,29,31,12,29
bc1q7v6xdw7g2lxyhkdth0zt9vely6r00ny7aeqfln,40,39,13,40
bc1q7vtuyxcg8nyc62wcxstsglqry75jhlnkrpx0p6,1,1,1,1
bc1q7w9waf7tuaydznfw7epqq7amj2aazahfh0yv5n,44,44,13,44
bc1q7wd4jznw5f28mxlsth0u2wvnvs7rfqrzjaw0kc,1,1,1,1
bc1q7wghs9cet9fcdv58hqrn78vfgvu6g9g9wlwzre,1,1,1,1
bc1q7wh2zdaxz6kur5ddkx3lltd4m4ts9fzmhlgagw,1,1,1,1
bc1q7wryvxxt7f37zk2ep2uh320ur2a7l2rdajz0uf,1,1,1,1
bc1q7wume5k784472zvsyw65yaclw7fl2kpevkw828,8,8,6,8
bc1q7wz94yf0jcmnsz6c9vhmemeealuujlh5uv7lzv,1,1,1,1
bc1q7x4sv6t9vj8w4pvvjeq7n6u5unjm5nsf8ldtxg,8,9,6,8
bc1q7x6n35ke95lrenal8hxpwrqgx5mw29vhqrsz8r,29,29,13,29
bc1q7xcg9qzwgwsksf6de6un49454jvcufq9fc9c6s,1,2,1,1
bc1q7xlzxjgq3ukw3vd09rjzakl47zhg362ctaye00,1,1,1,1
bc1q7xpm3vqvhc62hwymqxcujk2sqdwdlv98kcxljn,1,2,1,1
bc1q7xqht5v4lxjex3j44v72q0cgdmsqsns868pv6d,1,2,1,1
bc1q7y0pp0qqss05683jl75kd9nnwjnw72mnt0v09n,1,1,1,1
bc1q7ydlccaqrcqmr4r6jpkx9wt3pxj3zap3vv5wxa,9,9,7,9
bc1q7ykf3v8zy460ph0yt2h2e3ujuarmucjj26wzap,9,9,8,9
bc1q7yvkpnfex39lke54f7x2aqllfdklwxfyzl9n2j,1,2,1,1
bc1q7yvsma3adrglw3e4hgntfmtmw0m6ema544aw7t,1,1,1,1
bc1q7yvyxzjrr9xhn094mlg38cze4y77rnj7rkkqjz,1,1,1,1
bc1q7z0jkym30larfuznsscvqaehncgzkq96ez569s,1,2,1,1
bc1q7z2n83xq7x7a6lkdcqq35n4ljglhwadad2ekvu,10,10,8,10
bc1q7z6e7l4ch8kgqgsx9uw0p085ucxu6rqwac3q8h,1,1,1,1
bc1q80kp5v5uf2gqmj8hlza0pgpypnxj40ny4gxsj7,4,4,4,4
bc1q824e5yvz8syx8shdm3tyjeeseu55qlqp49r8ap,1,1,1,1
bc1q8306668ylrjyky6qxz6lec9sc9ms56jtct8lul,1,1,1,1
bc1q830d56t0hqhulmza6lrt3j6s32vkc33pt7pfzl,18,18,10,18
bc1q830hu76vq5phz5uwle9km7xcjvfzgl9na2u870,12,11,9,12
bc1q839pk9jxgpqlsz3hy4mddf76fcsuwavzfhtdrc,22,20,11,22
bc1q83gygrjlf8xr99hnyfp3udg4eqakknuhta5t8l,1,1,1,1
bc1q83r7l52835lf227auxvr4qr2aacdjzgkrws403,1,1,1,1
bc1q83sj2660dru6uthtxs7ec95z2q932vd2rcf9mf,1,1,1,1
bc1q83v0hazujaq442afnp296xese6lugurv6rtvta,1,1,1,1
bc1q84d02vl8z900qzen98xua7fx53luw0s6cjl9uh,1,2,1,1
bc1q84ymt590ay5dsepc9sfp4mr49833w6kt6cx4u7,1,1,1,1
bc1q85km0htcf7kj4xgnhkhg2wnqtjr8vve9kl633y,1,1,1,1
bc1q85p2nnzlu3gud02d8tk3qf9ympmu5x7u7c0tf6,1,1,1,1
bc1q85vlcvq3vyt85es4ecsmfven9fa38x9ps5v4fj,1,2,1,1
bc1q85w9xns4w2cgu9a0j50v3tuyx5ys9dzwkc7ntj,1,1,1,1
bc1q85ynqfmrflhh3udh7ex0tykz3avunywtqlcfmc,1,1,1,1
bc1q8620uux3jv3hhzr99lwq8zvnghzavs767pasks,1,2,1,1
bc1q869yfxpvd4mnr3rx0vqlm748fkqxqsqvfxs25k,1,2,1,1
bc1q86hf4fjr8hlq59sqasmry883xkf369aqtzx7lm,1,1,1,1
bc1q86uqe8r9wvdzt422e8az4mlj2ly8pj6cpup5gf,1,2,1,1
bc1q88cexgtz8zug4u0vdzjvmc4dqtanxfjtx9jpeg,2,2,2,2
bc1q893wate2a4d5wf9ekq3rl0yv98hxga277fkjl2,1,1,1,1
bc1q89gct8tsjaya3m5s2y3rcc4rsstuylvetlxfmd,33,33,14,33
bc1q89nl6k20u5j9dyp9v67hkuwdrvwp5hqrgm03u6,1,1,1,1
bc1q8a3uyv8h8cyjfpz5tp9wxrl57qsl756qqjvpue,1,1,1,1
bc1q8a94vuaa4uunyx6kzufg0ttgt9zkactwwxe3g2,1,1,1,1
bc1q8agc4yud28mf9rlwf2x0ey5udam78pkgulqujk,13,14,9,13
bc1q8ak3d4hdv3w8atmwh9kru2ejk408gtwhf7c6d7,1,1,1,1
bc1q8alulw3z7hchd5yxan8fpcz9259kk96vwuc3mp,1,2,1,1
bc1q8attez96n5aus4tdt9sxmpqe8q27aelnhen9gg,5,5,5,5
bc1q8c0srlfsrvf9e9vn07cewnxjrk4vem8pes0tkp,1,2,1,1
bc1q8c8nkheakvew765pj7w77hn83at7dp7rzpy3ey,1,1,1,1
bc1q8ccgemqvng3e67z8ehc2lljz2yhlgd9f5f3tv4,11,11,9,11
bc1q8cf2nr5u6skqshndrkc6wmct8008wmpvat8fan,1,1,1,1
bc1q8cfarckmdysekv4xuj4f5guvmw8npdqwva0xp8,1,1,1,1
bc1q8cg4pevhseneduqxj5hlqw0sg7xeefh5gr4ptc,90,88,14,90
bc1q8chazhhtydg4087dw5k3m3ryhkul87juhyva99,23,25,12,23
bc1q8cndatvuuynezyjrskurz2fpf7skggaf94megx,1,1,1,1
bc1q8ct54sqvvpcyhz7p46krstsd60sjzsjfvlmvgz,1,1,1,1
bc1q8cu633vzf3qztvxvjzarvwwytezc00sf88crd7,1,1,1,1
bc1q8czl8ak4zcmu4rqme8302ruqs96nnkhdj0ehne,1,1,1,1
bc1q8d4n8r0s9ywuvgpggz9awtgmzee66wq7p6j6wu,15,14,9,15
bc1q8d6ffwf52l2cnev7fkn9sqvppnpt3vky2s5h9r,1,1,1,1
bc1q8d7y3sahf50efxjwvt6aufnn79d89yq6h7tp9g,1,2,1,1
bc1q8d7z97vql8pprpxjqhd9rsc77sffp7rnfk86js,1,1,1,1
bc1q8dan3atvz96yee3sgpq553fnz2qtkdvwvgs9rc,1,1,1,1
bc1q8dfgtdrjtxrwltpnudlz9twv4udl7kq9tggfpy,2,2,2,2
bc1q8e03z9vww33d767d3xjzs9rymldzys9xeqj9pr,39,36,12,39
bc1q8ecj2dsvgqclhfn9y3r0r8ej4nve7096x3fnxa,1,1,1,1
bc1q8eldktjjfpjts2r0c4f79r2u324ytvw34ukkuc,1,2,1,1
bc1q8er439xdvf7y8l0nn7hkww3suj2n775hznsn52,1,1,1,1
bc1q8ewtaentm7qcgq8p0vj7pn5h2e8jqy35tg7est,1,1,1,1
bc1q8f089l3zrlswfc2sd2wlczd5c7g33fj7tg2mj7,11,11,8,11
bc1q8f2kpyg23fpkfczgzcypjcfq7anyk0d67gh2sr,1,1,1,1
bc1q8fmsardfzjqw9ttjn0fz9l004xjq9daqcj8y5s,1,1,1,1
bc1q8fq6czrla5u9hh4cgvjl6n6yj4ahq48p5rkcpd,10,10,8,10
bc1q8fy5fg4tkzks2p946up4lg0jdz7utqgzfm7pk2,1,1,1,1
bc1q8fz28ykpklc3jaj7qrqg6aennmlenuun96vckm,2,2,2,2
bc1q8g0c5795trfqhlwk0gy9h0phuqqcpwvwmcegke,1,1,1,1
bc1q8g2y5qdkqjkthdkfrukyc38qf9pd2kwmncg4x2,1,1,1,1
bc1q8g9jqqx9gkgrlxljxnck660uzlzs07vah9s0h0,11,12,7,11
bc1q8getaggsu69wnl7czxwxpmgshv985lxgc4gta8,5,5,4,5
bc1q8gj773ksh6qv86cht7n8t6j5jgal8k98s8wenn,3,3,3,3
bc1q8gu9mm25ejyzdtkfjcx07f7uem8x3tjsdq3vm9,1,1,1,1
bc1q8gxca2adw406qzu4v679u84v0s5sfuuk7z6rk6,1,1,1,1
bc1q8h8pem806cx0p5xxp0n2d72fwwlx2petwy2ytp,1,1,1,1
bc1q8htkjygdg9hagk7hkj2j9wwmnvc4es5hgkxtgg,1,1,1,1
bc1q8hyz9rpsjwqzgalwgqc4ejfu6vqtcv2eu6wx9n,5,5,5,5
bc1q8j5cgrkv66xrwdl08tjrfm7gyp4m93mehwffmr,1,1,1,1
bc1q8j637q7nlzkt50rv6k96qtevupjk8y28wk8h7n,1,1,1,1
bc1q8jrvj0cmqnsdfjpp69hafuc2u5x3a3vaj2g5p8,7,7,5,7
bc1q8jufvadk6jpawpwreuhxskjd6a9sc7szmc6uhy,2,2,2,2
bc1q8k0tecd7qewgkzd8w2znkqtfz6xrx00dhwll9r,1,1,1,1
bc1q8kslwgn8ylj4msuyu67znws37twdmc6q2cndh0,1,1,1,1
bc1q8kzge7gzts7g2u6kj3c7lwj5yltn88n4gm0p87,1,1,1,1
bc1q8l9sa5ksy22jt2qtyktrkg8ueq826m24z5r7wg,2,2,2,2
bc1q8luqpvrdl7x4x3arz2h9vpdpxe5zgmkdcmnr4s,1,1,1,1
bc1q8m3mfen4czjapl0xg75m3w0r4mtz2mdjpfr5ue,1,1,1,1
bc1q8mm46au4wgnu4ddzweydgcp0e8hujgvevuqdu9,6,6,5,6
bc1q8myfzl4qrpe9khkw2fss5km4tdtgxnn39vh9ue,42,40,13,42
bc1q8n2s7mpy27sryf84zeml9k3memmqux3kxcc8ec,1,1,1,1
bc1q8n4q2he2ydu9qcf6hm9evmv7gkl0rzpcam966w,1,1,1,1
bc1q8n5stuapuqazk7d6r935yuts3slgwtfrw8ztu5,80,87,14,80
bc1q8ncw9rrnm025r5u0avzcglcgq8phq993y6gtdf,1,1,1,1
bc1q8ne887u53hdzkuccgmtd040qzgkkv4thedaldx,5,5,4,5
bc1q8nhqx3pckzpyu7nlvuvguf0fm7ed0pdcv4xqkr,1,1,1,1
bc1q8nsggmtdrqd6qugg05zfwqv3f3va4d8mfp86ew,28,28,11,28
bc1q8nwrhf8mlysa6yjx7gxv82udchduay8dafara3,1,1,1,1
bc1q8pmf2968dnt7w2vu7ul2w4ykaad96dre87ghuf,1,1,1,1
bc1q8ppz387tr2tkqzeytrt6py5x4ft8u6fhu5aktp,1,2,1,1
bc1q8pyn5eg90vsvalhqsf32sfk2xar5wr3r9kw53s,1,1,1,1
bc1q8q4wp792t6zrgfwau3tar5j5lu2frevf2p926r,6,6,6,6
bc1q8q5ans5mgzuna9xl2kfrzn8x5ucqmhg5mcdz2k,1,1,1,1
bc1q8qf87934agvjprun609p8qs70c2qh6sh5se3dg,1,1,1,1
bc1q8qlx6w487scfm0gqz6pdxkpypvkrhv4d3uyqr9,1,1,1,1
bc1q8qrwgveh9sypyvug948zar2melpcmtkdt33ufz,3,3,3,3
bc1q8r295f9yvtlhqjk3xn95hwfm9r9r2gyetlj7h6,1,1,1,1
bc1q8r489jgcn8q2frh0557pwkgctu0tuepmazefhq,2,2,2,2
bc1q8rtfyuaygnvu9aq4ns4x3dml2ex9tdpd4m890l,16,17,9,16
bc1q8s7nvhrd80m5q238e0qz7fh902l94rrkfxglw5,2,2,1,2
bc1q8sknqx83s9hut8ndcyy6c8xncpvcy92ep4443c,30,29,13,30
bc1q8stqttckmv4ejzyvcstmuknpsccfyq4f9t6zqj,1,1,1,1
bc1q8t5lggcujkpfpwrrvnx93c0a9v3dpccjx4jjsn,1,1,1,1
bc1q8tamzl0vkjtgshgj8cqvh0nxlmkn6xsxxxzxja,7,7,6,7
bc1q8tf5h3n5sy808qp3amjwts3k40kz85j604zshp,1,1,1,1
bc1q8tgp7du38xc4s87fnwk0k7d73lzr03wct6u2jj,1,1,1,1
bc1q8tsxfcc4y3jquyk363q7whw2texzmvacutdc8h,1,1,1,1
bc1q8tth8u7wrgjnmzvx2qecr7xl0k4v9e43ezxj0k,1,1,1,1
bc1q8u0nmvtxhhw0a5vxl5gcxt2sprzg5vl49w4zzt,5,5,5,5
bc1q8u8hkv4mr0w9qw6zq0ryrgutjz5k0jge78yysd,24,22,12,24
bc1q8ugq5zsprpxm7pw79q37x4hs5ghxw48juakygt,1,1,1,1
bc1q8ulmzyfc4u3ffv9c3ewzznqgv6v6fmsdqy2zs7,17,17,8,17
bc1q8ulvggmzf0suxlpsjcnamymgv2zpl4zagddf62,1,1,1,1
bc1q8utfpq75apa7gqph2s3esw5724hrcauja3prvw,1,1,1,1
bc1q8v65k707hw8pux4ytkfzuk8qt7gmeytft0xruf,1,1,1,1
bc1q8v6cua8c66myqg5e03tzgggw3zydumw6lkpx7u,18,18,9,18
bc1q8v6lnu6axj8jqyxcxmjrxsayucuxdxlhlzkmka,1,2,1,1
bc1q8v98nlamd7wrs9ulvxwn88qlddk09vky7x23sa,1,1,1,1
bc1q8vfjcara0m8ususaa3p7gsnufet6gzkffwhxmk,1,1,1,1
bc1q8vs3eeyzl2x2v3406fyj7ep535gch6akxqma6d,1,1,1,1
bc1q8w8rz30yx3weeexw3ld2dkjjqxt7n025y2t4af,9,9,8,9
bc1q8wdrzv6jqjw83c6pm3pej0dw6cnphh2ke3xlfn,1,2,1,1
bc1q8ww3223zyl5fkv9mrdla9s5f7nals7dlxdc73c,1,1,1,1
bc1q8x4ks36r7jcy3vzxpvmrm38pg899u2e7kj5wvp,1,1,1,1
bc1q8xg5cfnl6djyzws939vyx8xnq49w258uqnnuzh,2,2,2,2
bc1q8y77rpfreq0vt37kx4hgd0nzmehq9nkzah5zyd,1,1,1,1
bc1q8z5xujh8dt8aad85zmce49590mjzawe9ta8jek,1,1,1,1
bc1q8zqe9ndkd6f2twsv8trayjysxvl4kg0xjyv5lu,19,19,11,19
bc1q8zwwyc0ep6uswkws4aafm2stdpyw48me8f4zul,1,1,1,1
bc1q90u86m5lxdprallgrlcfrahh34mgja5qn35wd2,1,1,1,1
bc1q90ug33l2a593nnpqnc4se0fjlp707e76s7duz5,18,18,9,18
bc1q9205sjqxga7ygulx5c4vqxuj3lsqqvp22zesxc,4,4,3,4
bc1q922039jtqq6e2uzg6eqs4rhmvty7jzpwyr9w0h,5,5,3,5
bc1q922v9qqnzg5n2dfap7c4m278xq88djd58jwelz,1,1,1,1
bc1q922wanh8sjdnck46xmmky037mauk84zeqscv6d,1,1,1,1
bc1q928kdv5xfrnjqjr2n6yj87ma5397lwlcat2nzt,1,1,1,1
bc1q929yhzkhqh5h76qx08dn89dqqzhehkwajvrwz0,1,1,1,1
bc1q92sp7m67cxccjkv0vawd8zunuepv9z7uavh006,1,1,1,1
bc1q93c2f226fz4laacv0fxpn6qdg5jhe5vx2q4wl8,1,1,1,1
bc1q93mmrqxjma85efjlzczxzdc0uqsznlnzdn804e,1,1,1,1
bc1q93pmenjmwlll8rel90z677w3dtczypuq0tr5j9,1,1,1,1
bc1q93sa7393shyc6uffl59rgptq2ng3ykyx0hphyp,1,1,1,1
bc1q94fl6hjet99cuqr62zgxg3qacmj4dcfg804zxx,11,11,8,11
bc1q94j6369hxkg0zc0uv6nzd62uw8r4pvavf7h78p,1,1,1,1
bc1q950vlpexasew3fe6d9ngfcu26xtlgwc74dzr50,1,2,1,1
bc1q953w4axr7a3xj8k8j3m694s8a9zq6h6feemhj5,7,7,6,7
bc1q9584dtksu4zujzlxuvgarkhpwyrqejdnqd8q3k,11,10,9,11
bc1q95zlgqq94l9pmqke0mp46672aegqv8dsde0p3n,1,1,1,1
bc1q96dkwf6d9q2qhsza4qma0w9k25sfj5tc2e9juz,1,1,1,1
bc1q96lgy2mjwqr6dgw3fk9v67ht9tj9qypqtpgek0,1,1,1,1
bc1q96ts0azfqqc3dz0m08vf2dgf88t3se627p8cuq,1,1,1,1
bc1q97360d5jmg93klmgraxzu58hhy2dgj0qnvf7t4,1,2,1,1
bc1q97qgdpz7p5mg48u5hfe6r5mkp7wes2h5nu46gx,1,1,1,1
bc1q985eu3pk2p5kzk7fy3ufceredtjymx9k3zctlp,125,136,14,125
bc1q989xw5znud4ff0pgt3k68xrvvnftcc4zteryup,1,2,1,1
bc1q98cawpq24g8emwe85efq95vh3v4akrmylafn5s,1,1,1,1
bc1q98gzlpxp4vhmlt6th4gka69kp0vksr6ymvqsd3,9,9,6,9
bc1q98hqtax95tm9zhwurgvzzaym5qq7s9n5jwfa6d,37,36,14,37
bc1q98p9rvekk96g792yc07f8xgx034c5exxf76dv4,1,2,1,1
bc1q98wd32flavusjyye93jnv5f5pwfudxrdzps49u,1,1,1,1
bc1q990qamehlxmxq7v8yg4cnr3rluawp6sl7vwtaa,1,1,1,1
bc1q99r0v6y8hs8mejvx6s0r9arwamenfjd5yqytfp,1,1,1,1
bc1q99wsqg3chmja7zwzllnksegfufu5werx6lzelx,1,1,1,1
bc1q99y6yeshlfzdznlz3kcm8q9pw5u0073zlaaupl,1,1,1,1
bc1q9a22gjrhru6sax7l5s6xtsrchwuf7f4ytf5z4c,17,17,10,17
bc1q9a2p057ckmsqpyy5jgerufjy863d3tny8s75je,9,9,7,9
bc1q9avs2remsf9h28qmal8wdv3jlcgmddjv6t6fpj,6,6,6,6
bc1q9aw8cvwgjwql2ns70pl8g92hlmyrfn8t723jht,2,2,1,2
bc1q9awvnzmtkzk8de73uwdr56jd5mmlnrgawczhpq,1,1,1,1
bc1q9c0g63g59melf9q49g62k89j78mtv5jugkh45x,1,1,1,1
bc1q9ceuwgqj4a4u5t92mn2ezw06tqfahktysaapgq,13,13,9,13
bc1q9d7vkfd34nv5m889g2fj2xf6jv4ltjrkgczm5l,1,1,1,1
bc1q9dfzgmhpg63q40zw6g0pfncxy9qwd97k3uuznd,1,2,1,1
bc1q9dh3ua0rx7vmua7m8hn6axgmxl6vhr5nvaa2ve,1,1,1,1
bc1q9e447u56nm5p5v63ffzed3er44tgadmsxpj9wu,1,2,1,1
bc1q9ftmda7gdupdt27pcesdgvn84q6zqz7gj5l50q,1,1,1,1
bc1q9g49zqjqxe5pnurvhxmd67d22uxsvx5k7mhwlw,1,1,1,1
bc1q9hejpmcjy58t0ynh5ez5a9p52xr5xucjdxm3ph,1,1,1,1
bc1q9hlm4xt0sssdqan4assr2wr778nc4zfmqyy0u6,73,63,14,73
bc1q9k8upefawxm7dsfsfml69u3q5nk8gp6xgc707q,15,15,10,15
bc1q9k8zqgcqlu2ysvscc4dlyhk708pktqvyawphr7,4,4,4,4
bc1q9ka9xrqd9jxmth4083udhxsdus4s6d7gj2a6xj,1,1,1,1
bc1q9kej0tneal3cf4mfc8fqg343a345evdvlwllg9,1,1,1,1
bc1q9kk30wdfgrmzhzpk4k7ay4gfe6jpc6td2hjdx3,1,1,1,1
bc1q9kp2ywn89cgh22nt5hl80df8t0wzgr6synm5sd,1,1,1,1
bc1q9krxmwy4e5p3ulwkcmtc9j0y93fcfc5hx9qnuh,6,6,5,6
bc1q9kxhzu3qqtmpt3ddckh6awyrdpknvf7l0svrxe,1,1,1,1
bc1q9l2rc703hufdkzgd294krmjaelr0z40xsngjap,1,1,1,1
bc1q9l46a0f7hl3dqqvenul2a64rxvyteh6s6rhn6d,1,1,1,1
bc1q9l6vz6303qlmge88mfny8neszr8uesmfew035n,1,1,1,1
bc1q9l85yz0jhk0dj72j5wd26d3w9gd99ta35awtkt,1,1,1,1
bc1q9la5nxqh34yexqrw9l42ugz3ph7njjpqt0tp5y,1,1,1,1
bc1q9lv9w4ayrv6m876h90acp6yuygk4ruksv87263,5,5,3,5
bc1q9m0p04ymlrn4z4fg6uwxtd3wznk9jfrfh0enhz,7,7,5,7
bc1q9mgjlvr35q5hsvhrzr879xwdcft8qgzfwzp5xm,1,1,1,1
bc1q9mjn2npkewggj6qcvl0rq9c2jyj7vtpjc6ckvn,1,1,1,1
bc1q9mrykdsv4eurnyq8l774an9mmdxrhkng08mhf2,1,1,1,1
bc1q9n8zmwkwdldhnkhrm0r5alxfghxlywj42jc60r,1,1,1,1
bc1q9nfkae2aqfvtnn9t0dm90fhq72kx7ed7ca0xcg,13,14,8,13
bc1q9nkg25fndg45vyns4tul9nt6pgn29yyxuwgrz3,1,1,1,1
bc1q9paqh8fu4vnctfjqau5u2ac0e03v2kjgav4x5v,1,1,1,1
bc1q9ph8z959xre9qq8l66rj88dgy5jhn005kav92g,1,1,1,1
bc1q9pn2pj9t653zaut54zhn848rdahuaqucpe9m38,21,19,11,21
bc1q9pnn07ftthy3u6y0awpe7g25sg2u630kq4v93n,1,1,1,1
bc1q9q43t854ctnfelncmnymqd89jl0n3k952k9uyk,1,1,1,1
bc1q9qegpkq7432qcfx2ja0zkmyjfpnaj3qqcv9sag,1,1,1,1
bc1q9quh9326jztkj3460sktekyjpfxlh8k6d5yh0y,1,1,1,1
bc1q9ra4w793x3tmjgwpcsc8jvvy6lng5nrkj7s0jl,6,6,3,6
bc1q9res7n6mcts2nphtq67uxs4unz5znm5pjgs85c,1,1,1,1
bc1q9rf9hy8y4e9eheh3n5fnaqglwgsfn8xkvn2g97,1,2,1,1
bc1q9rqn3mmgnx4hmete8kwfh4vfumarg5hh89lvnn,1,1,1,1
bc1q9rsrajxejtjs8f9e9lfl8nkhmthcpl2dl8z352,1,1,1,1
bc1q9shpx96f2y2czys7x33my8myhhjqkucrldt6ds,1,1,1,1
bc1q9slcnkqp5ch5pnxqmu5vl8lvjcks5h004940jf,1,1,1,1
bc1q9su99pdsux4e7k6m5q4ympxcljstdjdhm5p35p,3,3,3,3
bc1q9te8rrm9yppfa2mpyclhf268f0nnx82pd2cdkk,1,1,1,1
bc1q9tecjzltvd390wt25zejhm6wtz5nwd9l9fl4qa,1,1,1,1
bc1q9tgqqmsyqeeyafpu6y05njz5w7jr92e9p6qg9y,1,1,1,1
bc1q9u3hfqd7zv0tn7337zs7l44awh283ze8u96pey,1,2,1,1
bc1q9v5ptmy733pqmpzj20x9znzux7s75gkqalfe6d,1,1,1,1
bc1q9vanwpc55txf48g673t9lsdwl9a6s793z5cuxu,1,1,1,1
bc1q9vlmus45gf9dd60at26mfz40nxljtvxdehrw0p,1,1,1,1
bc1q9vlnk7gpuquzquhfjyjj3zry0d4jyhfrywdayh,1,2,1,1
bc1q9vzdpuccy7qcxce36ngplgnyxcegw3ssr5hufn,5,5,4,5
bc1q9w3qkx84arnms7uewanlxddrvrrduprez70a4a,1,1,1,1
bc1q9wmla8v50qtr4pgv0809f4hrtxgl2q7u4cs947,1,1,1,1
bc1q9wq0dd5mj5p8ccjvkze939zz5a53yuuc7kqd7y,1,1,1,1
bc1q9ws74l577j8dee0ttgmmhx0mekdquak0qyuqam,1,1,1,1
bc1q9x35f80g06amxy4hmlfgv3nglnstcxex240904,1,1,1,1
bc1q9x5p4rqm5vnf8u7seu5l4f4llljge8y2nljplm,1,1,1,1
bc1q9xhntwmevzda0mrqnrvmmal73gru8z5u5yl74t,1,1,1,1
bc1q9xpsrtp62lk8p20rysjfqz2dk5wq3wq6d3z72r,1,1,1,1
bc1q9xruwl3cdz0quf3lmpzqvuq5h0kwuc85d448dc,1,1,1,1
bc1q9y09dm4esrhvrxkfx5w6jlwmlpsdt4fy3gs0n9,1,1,1,1
bc1q9yczvcy3eggd4nsa9zlg00e3mqcze3w0jl2jr3,1,1,1,1
bc1q9ym7j5twg33r55xrylypqkelazs0rpp0tzgmme,1,1,1,1
bc1q9yprg8qg4rzq82dkylz6amhgf7nu3w6twx2lpk,1,1,1,1
bc1q9ys448fw8kt5rnsjpy855rgvr4q5qj4fhllsnq,1,1,1,1
bc1q9yz84d4ww6u0vxx35eks3f62an8prx3qxwxk29,1,1,1,1
bc1q9z6tv66mualvkefz5lxf83zcsx8ac9uhnrkev6,1,1,1,1
bc1q9zl9zygar7hn2v3r8yvjragrrkplupdrw4vxjl,1,1,1,1
bc1qa0gvc5r6wrqz89457ay0jx6vhxlhjdp8k4dqzj,1,1,1,1
bc1qa2239cj39fsv4j5gcdktnewh40pmc5kfuechjp,1,1,1,1
bc1qa2c608h4txmfhwkcdsljtgsdjrvsfc26wnsndq,5,5,5,5
bc1qa2hclfxledgwma7zsgzdr839wrwlt353zspl4x,1,1,1,1
bc1qa2r3zvchuk6tsvvx6caq55pe3w33xrypnfl7sv,10,10,9,10
bc1qa3vpm8xc3zvndyld7ukwwdej7uqsxwqq8kv6pt,1,1,1,1
bc1qa573ra3pwdussuqw0xwej9tenyqcpw2mukwyzk,1,1,1,1
bc1qa5fdxcanxlj90mnw3u0uevt0t62dz6m0pr3q5a,1,2,1,1
bc1qa6jyyvv7f96dcsvctf7fgn6s74wtthpwxg6llf,1,1,1,1
bc1qa6s0nn64gmkr5vjlls996q2hkvl4kl5trsyk52,3,2,3,3
bc1qa6xv5jc76sk4s6ejmqa86z2rpnh6ug5sjupkqs,1,1,1,1
bc1qa73xmycd4qc3gcwkvzaax0q5qvvpxq3pf3fhem,1,1,1,1
bc1qa749chsd29aff0084j7278y3tvv67fzvfmsg0v,1,1,1,1
bc1qa74d3jc80mvtwsklqgdar0rdr5jenykjypxk2f,1,1,1,1
bc1qa7dc5thpmcrj9fdq5ftwx24qqdjygz59xk9n7j,1,1,1,1
bc1qa7ur0gmg635qjf3gwwqtyncr9yyldsud0h4q8n,1,1,1,1
bc1qa7y60qtprlleapj2kcvz6xxgyskgljmykj6he5,1,1,1,1
bc1qa7z4vl4y4dsturwalvwqps9sv26nn8qsgdfqzc,12,12,7,12
bc1qa865qs0yt3gct7nde2mtgc4x8a5a7g8g3qv2tp,1,1,1,1
bc1qa89k7945c9s6khs6rh89gvq8p3re8x237ewpdf,1,1,1,1
bc1qa8cyvv4xlxpkfn5qv5adhnty8v47e9nsjpr4al,3,3,3,3
bc1qa92d2pdmcmjgu7cgm4t7facp0fq7uw3u9q6tww,70,73,14,70
bc1qa99w9xpaselkfyy6cme50d2ywfffqjfj0tqxpt,1,1,1,1
bc1qa9eknxdju0p748ltzkpfyx9e92z634uk0pt354,1,1,1,1
bc1qa9guxn7qgpyfuup0rzhlygklxye8l6jt84zhl2,1,1,1,1
bc1qa9hnwts02q27ca74w8e82ztv2x5wr3xz6u95vr,1,1,1,1
bc1qa9mh6wcuu8ped794lqwyy2qgtdlgaf9v7m5zch,1,1,1,1
bc1qa9p89ws8fmm4fxc7mdet02svgr9xpnx2zrp4k3,1,1,1,1
bc1qa9s52898uh9c2ccz24f2ftr6nnujt8gvqsqall,4,4,3,4
bc1qa9x7ykexy79l49h8mg0da3rayh79ketxqrpsly,4,4,4,4
bc1qaa60heff43wl6v6etlxya8mhd44kv3hrm4gs60,8,7,7,8
bc1qaacxv5pqldc2fvv5jq0v64g4ztw9ge5v2a0548,6,6,4,6
bc1qaarlrhpuphpegcdtuetsvgm4ufqlrslz70ull4,16,17,9,16
bc1qac2hzcsvxw3jujzrwasu8afnxkrl30y2huvnyp,1,1,1,1
bc1qac2ur304fuykw33wpga05n3t3rfsqnmczuevst,7,7,6,7
bc1qac4dtjn0sd78hy5jlnm88aruqg7ftzsrz0qvj8,12,12,9,12
bc1qacm5sjglnjmn43rvppfxnwc65jkvtdg0n40dkc,19,19,11,19
bc1qad22pq5n5llhnc7qcglkc75zydl8uwhxf7jfjc,1,1,1,1
bc1qadehuevuwdlge0f583lv7zttwkc7hfraqelke4,1,2,1,1
bc1qadnmf3lfvkc40f7ca9s903v87cuzmqhhx7w5ag,76,74,14,76
bc1qadnrzv02lytw4ktdk8eqlc04407vwcaer8cy5t,1,1,1,1
bc1qaem794d3vmfwaztv8tst60uqpzv5r50pc4g4v7,1,2,1,1
bc1qaerjggxt0r4shxpruy96h6yc3nuk9l6d57cq9h,1,1,1,1
bc1qaertqrdh7mtfhqakmqc53cldeds5tw7flzka9w,1,1,1,1
bc1qaetqh34cuy4pzmmcm39yqehn99wjqu5xe37zqh,76,81,14,76
bc1qaewalq6c6shhz3e8pj9h2f6nru2ac7dkttku9x,1,1,1,1
bc1qaeyyha7qxn989kxcfdyk032y8kae4zycvuhphu,2,2,2,2
bc1qaf3neek8ktp83tdf8a4tddu3kkjgt2yk4tnuqu,1,2,1,1
bc1qaf4538udnw9n8s2yksnzeacfnfhlsznph2lapv,8,7,7,8
bc1qafj2nljyjqazdj8rlnqmkqrsgkjf93fvm9jwz7,8,8,7,8
bc1qafkwc7ygwq6yzcg6wvxkfjysuz7p40kpwwxkwz,1,1,1,1
bc1qafnfergfeycs8upq4vlymz4ceqvyecn7hyfav8,46,48,13,46
bc1qafzgj2683rpcx4v7jq528hw4uf48476mkelwtf,1,1,1,1
bc1qag4nc3ep4at30rav655v7q4dlt4hh57w07ll46,1,2,1,1
bc1qahgrna7pznvquega02h4d2andwfe2g4rmdnda0,16,15,10,16
bc1qahrmpxz5kv3tfc8vwp2dfd8ltxyknm3wnsakjn,1,1,1,1
bc1qahwf7j7u6f37r3l2lhzjjruuy0lr5v04ct497m,1,1,1,1
bc1qajazj4p6y76aw5wusnzwsesqwzwu0eqmry36pn,24,25,12,24
bc1qajcndvcysgh0h8r83gjy4hrelczy5f4jyv0vvh,1,1,1,1
bc1qajd68jfj3tmq7yaknwuv37c327wugp0lcwf83h,33,35,12,33
bc1qajqvk0ywh25kdvawqev2q7u0kcz6ms8eygnmpd,1,1,1,1
bc1qak2gm94u8hyszlusrcljxuyzdhasqfe8uw3szw,1,1,1,1
bc1qak4nelrqj7kazxgpazv3x8ev6yz9qvrxhv4gup,3,3,3,3
bc1qak8qqu7stjhhamxm77zmmlg92twn8sdqf8h2ut,15,15,9,15
bc1qaku9ncftju9t3yuteem0hkw0kylceka9962xmq,1,1,1,1
bc1qakwseg2qp2xj3rfzmzp3qm08mvfv8l574k260m,1,1,1,1
bc1qal6mvrmduh0rrdpna6rxrsfslqgd73rnng2ed7,1,1,1,1
bc1qalvsdtsplsfeq8ukrxa7k3ukzwy68kavmmnq6q,26,23,13,26
bc1qalzcxl86hfxzhcfk55kj0as3gjdsmh2hkdk8re,1,1,1,1
bc1qam60ha7ptaghz66vhurf74y5yjm9df4409v0eq,1,1,1,1
bc1qam7tr5wjfwm7w3xsxmaprzerhkuf3pccs2fk6h,1,1,1,1
bc1qamcm9sawndet3q95kj7p0uwhum5xdcszs2k8x8,1,1,1,1
bc1qamenplm6cwap929gqd2ldcx73hz8ak8n9ksv4g,1,1,1,1
bc1qamhdlsduqhx0rla64p4ugh6n9nlnsasqxrkjkq,1,2,1,1
bc1qamwmfm6vyhesn5kpu4959kv6pxpnxjqee53n5p,1,1,1,1
bc1qanq44a702m7lmjewppz4578ch5ql459sf39wut,1,1,1,1
bc1qanrxlafr9n4myspcudg4l3mk9ckktjff5p25tx,1,1,1,1
bc1qanym3p8gychl439hfx9dehagvj2g222kvxkump,1,1,1,1
bc1qapgmst5hrvsktkpzglw89lzaasjcvu5sty3rzd,1,1,1,1
bc1qapz0n4le2pkkkn03rscp3wf4eg9cw60fmn4ugd,3,3,3,3
bc1qaq0q4zhe30f424gkrnzt4f3rmg92q9q3ywckh9,1,1,1,1
bc1qaq286s7xgzmp2ygcmkge0j844xzyku6umj7gt9,5,5,4,5
bc1qaq5j96j3dtcxtmwqn7lwsw044sm68s3nw3luzs,1,1,1,1
bc1qarwa86xmp87fgvcs7l8vl4wzu6xqtjqhkazq2s,8,8,4,8
bc1qarylrew62sc3xtvkx7jqgqa9kss0grls6q2qcr,1,2,1,1
bc1qarzh2j5eqpx27872zjp2uz3v9k289l876tke9h,11,11,9,11
bc1qas0arsx729wed75xvn2pw69vcm9fx9g7pp07gy,1,1,1,1
bc1qasmy039tw47lmp0tjjctd5jx6cnhe4dz5qraeg,1,1,1,1
bc1qasxqakcn4ctuaajwmpvgeyqw7yuvcep4ezz6qj,1,2,1,1
bc1qasz8t7ga5hcz5xkq26744xtkn2atpuame70sh4,14,14,8,14
bc1qat802zycgqjaleeakes62lgzdyhn86ccnhp5lv,26,26,13,26
bc1qatp66v0xhzg8nakn52rpgz40vdsdkzwgd08dw3,1,2,1,1
bc1qats62g0u4dhl9svp2sr8zfrkhwcfh6lm92dtem,1,2,1,1
bc1qauxpu5v33zalgweqnxv0h9mxm5v86rfg7dj9n5,1,1,1,1
bc1qauzvqec9428cv5q9amzqvt54ax0nfw0jdtrsks,1,1,1,1
bc1qaw7w5skyc3eg9v6cf7qpjxzgwfl5grfga4lgvj,1,1,1,1
bc1qawr3da6d85helpl8mssx3nqqr3zuh6zf08rmnz,13,12,8,13
bc1qawrhm4vc6y49lkzpt00c8d7xxn8kl4exevqza8,1,1,1,1
bc1qax24j8r6vdk5dds5zfjhz97a444psucyfpcutt,1,1,1,1
bc1qax3k8ysrahmew9l5gjx8zmd42r3nyps5dz88vf,1,1,1,1
bc1qax9d57ru3nt25hm9zf4m0sytj4knqh867me5d4,1,1,1,1
bc1qaxd9h0q56k7hg3tzpgcjk9hceyhaq6nt67gefl,1,1,1,1
bc1qaxs6yp4utr6pd5txy06yz8v5894dzq0lrwmg84,1,2,1,1
bc1qaxzjlmpykrw035ytfsk39dvlxnlnfkpanwgzvk,5,5,5,5
bc1qay59qnmfqwt2e6hqcmtta2zewlluhpluz4wjpk,1,1,1,1
bc1qaydr2q9erscyhkc4s3yl3sazdref4n2e2jd54h,1,1,1,1
bc1qayek7jcqhzhr25qznj2x60x0s2lzpel55luh7j,1,1,1,1
bc1qaygfasgkcxrp0phvwtac7snkkkay4lxw7c43ea,1,1,1,1
bc1qayuast5npesz05jss22tnlql6s393ze3dvyujt,1,1,1,1
bc1qazc96xxncr0f0qnl95hs3qva36esgfcfyzyne3,1,1,1,1
bc1qc08v76xgm3naaw5fslnsv8thy7slnyx8kpqhnk,1,2,1,1
bc1qc08yq26zw6ufa24r4ccdd500tlmad5ceud93dj,1,1,1,1
bc1qc0jdgezah7tz5xvvv0an2sja6j3wrftgpzxhty,1,2,1,1
bc1qc0x5vhaxfm699rmg7duyheeslmul62fglag8da,19,18,11,19
bc1qc29mp8566h2pjm6nuwzq57jp0ep0khlwnmgxvx,1,1,1,1
bc1qc2g3n3lfy2m36n7yhs0lvaxgnqe4c4u4mgn5v7,7,7,6,7
bc1qc2gmwea3fazucqpshzc0m2s4zmgtwt3mst9703,1,2,1,1
bc1qc2kea4afzqqj7zdrayyrjntrg337g253d0uhfn,1,1,1,1
bc1qc2thgw8mgqp9yu49t4260lef2qg249m2ymclva,1,1,1,1
bc1qc3e3py6kz0p99pw2u8uejh2v2nj8qepl3swqhw,1,1,1,1
bc1qc4fn3mfa3wh6nkc3pc2gjr3hfseafuv0pghcsx,1,1,1,1
bc1qc4gyexhstdflmf58ux7hyatezsw4s7qyayjrey,1,1,1,1
bc1qc526zghe7vumulezffrs47kayyt67x60c8w0k2,1,2,1,1
bc1qc5atw60ny8zs4u6u8fc572yf82lh2syepjxk4h,9,8,6,9
bc1qc5tfjgvnm7lnajcszlh9ffl2kcpj4qtqhn2wh2,1,1,1,1
bc1qc6n25r007vlwyv54l6w4z8344yv3r8qmsjxzdq,1,2,1,1
bc1qc6yxwqm6yemgv02f2n5gx7kr94dxew43sgpde7,1,1,1,1
bc1qc79gls7q6h0ytxanqcugmufr39m2vyxcuu5csl,21,21,11,21
bc1qc79rrwtxege0s4xaelpyvzl7ml6vg46x9a96sf,1,1,1,1
bc1qc7md40gfvl8kfygcjh6wl99jfnvpzp0a40f0yd,10,10,9,10
bc1qc7qknc6wlw3mlpc4e2agpep9mgatrsc5da54c3,12,11,10,12
bc1qc8j20f8kjry094d4r6mtcy6sk425tlnyqghjly,32,36,13,32
bc1qc8qyvkgxcuutqkgysjnw763xzh7js5cg6cp2vu,1,1,1,1
bc1qc9nddg8jdg6r8h6qkusrcmqq3f5gkslp2g8up4,1,1,1,1
bc1qc9utj9h6sv7upnjxq2ee38pdqa0wclvdw98ysa,1,1,1,1
bc1qcach7cnxfenljefd24cepkfqqeayfwa00kf7xp,1,1,1,1
bc1qcaktddxwn9zrvyscvsgtn2xha0rxty5f7vj99j,10,10,8,10
bc1qcamc8zp7c8q9jvhc9jr0j509r736gv5n65xzqv,86,84,14,86
bc1qcayzd5cnv02yd7kvq03sjxydu5pqvuqf836d29,1,1,1,1
bc1qcc04982cd3zdxv63jp7lydty8m5tdlmte95xr0,1,2,1,1
bc1qcc7n278emjggtmy69tkfhz6c7d35j8f6pe225v,1,1,1,1
bc1qccqjwe00ap6h6kk508c78x86g4zzhgx6aumt4f,1,2,1,1
bc1qccxx434r42e0t88ezja2fp5w7q773h3j7rgv9u,35,37,12,35
bc1qccy40ptw08tq3yt5tdlzsxg4pxts3tnytmuhjx,1,1,1,1
bc1qccyh2v24uz4zmqvrwj7y9trg7dpgwh4xgfzaff,15,15,10,15
bc1qcdl0d7wfnmkx7manruh4q6twpggl6lcqm4zt3g,1,1,1,1
bc1qce990qffmuy9tqp07h69f2ahw2m2g5m82czfdf,1,2,1,1
bc1qcedv39tzc7f6zucqdyh2n5mxqpm6n55gpypvc7,1,1,1,1
bc1qcee97p0g0xmnmw467gygj0xuuael8rmlcds20p,1,2,1,1
bc1qceg39yy6pqfxevn5mpn3avxs7cjm9w637j0cpl,9,9,8,9
bc1qceg4xrwxh0paz0wq2367766uqmj9rryq7fml2t,10,10,6,10
bc1qcfepzkjf6dkl3z4xunsnjy0g5t0k4fewad0rcx,4,4,3,4
bc1qcffpf4t3sgeq4yq8305n7fwm3u5egglf9s4fv0,1,2,1,1
bc1qcfh7asxe8mh6e5aenqed0ck4e8u89rm6acwt36,23,24,12,23
bc1qcfhnlcr4rqjdcxds2k0qnl2l8xv9gjx64xg8sw,1,1,1,1
bc1qcfhzcy0xjj7ge6606puyrkfk9ztjcxa5qug0sw,1,1,1,1
bc1qcfnrfge8kp6fdtqcfngmtf3zxfykesnqrpnl4t,1,1,1,1
bc1qcfvr677z0mytd6hqylkn34r0xvly5h8h50p9nn,1,1,1,1
bc1qcfwuphzcajtk2f25je43lcwym9nhkrdc4wkj2d,5,4,4,5
bc1qcgd7rtppakxy58jxusjl4n90dkjzqadq9czn6w,1,1,1,1
bc1qcgg59uu2ar9zca7eqr5z3k4spgk5v6exsvzlcc,1,2,1,1
bc1qcgw6ur83wc3fwjx3c5p9pmqq4t8hpvvyzkjj5e,1,1,1,1
bc1qcgzv40xz6vplr248ge06qznpg89729xn5exsm0,1,1,1,1
bc1qch69ch7jywf9k945jfa3u8puuwlhsh5dkcp7sa,1,2,1,1
bc1qcjddx3y6m55vvrllz3688u25c0pjpqajgezz4p,29,28,13,29
bc1qcjevgr90qe5vv20eyxccn8y49cjs64fv6h7fmp,6,6,5,6
bc1qcjsh3hwrt49mm9xwcgq8wp70l8n5y0d0dlnxuk,1,1,1,1
bc1qckaea3yfgedz4xg0hrn88ngs3kshhglxvnyarm,1,1,1,1
bc1qckp3avwcseq68qmzwwffd2t0hda55lgaz4g5py,9,10,7,9
bc1qckx386e9dfnpe0h7tsaedk7fe5zqagnwkqpmm2,9,9,6,9
bc1qclrhg8x8sfpqrc3ph2pse8rtk5lfkehsm9h62t,1,1,1,1
bc1qclsgpxvsngc6m0wjlsjetqcv6er8q9gtaj6kp4,1,1,1,1
bc1qcmlmy65vdg4e3yeh9xtx6etquc5d7jf8s47cy3,1,1,1,1
bc1qcngdce20ky7d538u5juxzgfff05f4dkgmxljzu,1,1,1,1
bc1qcnurqrcv0h0v9p6pq4vywx22z6x55vdem8wdxk,79,80,14,79
bc1qcnvpyzdskd7qv3u3pcrhyrxxrwtajavvek6y2x,1,2,1,1
bc1qcnxj0nje2tplsr5vq4hq32ymwef4ult9pltaj8,8,6,6,8
bc1qcp8wp3vdlawg5hhzmswh5ezj24rqh8p3uxx3uz,1,1,1,1
bc1qcpkeln3nspymjt7xamkmr0zed4wvynmd3kmpqt,1,2,1,1
bc1qcptn6k4f95cesdvu3kvyztwju69nnswwuwczr4,7,7,6,7
bc1qcq253den63lrst50kgug5uerjz60r7tww96q37,1,1,1,1
bc1qcqke2ttxlwwmcgysphpwhnf8uuy3xvh86jmv2q,1,1,1,1
bc1qcqn8fqahpp5skupl2e9us4qwj5uw2rpzpe3t4f,1,1,1,1
bc1qcqrc8wzyp7cjcu0lska7fahwfjtcs2hpmnfza6,20,21,11,20
bc1qcrhpyl4klz2elc5zs3j9n3gsfelprkzy48wu6t,9,9,5,9
bc1qcrjnfx3x0km6e80seakm0h8zs8uxgzxjx8cv6k,1,1,1,1
bc1qcrr5fxs7jmkjkzgj30q0g7lq3uatd7felraudz,1,1,1,1
bc1qcs4x56gpzwcscxz05ptcn034v0yskrm09dmcpu,1,1,1,1
bc1qcsfx7s6lz3g7flfuws0ephlqkq247rlac7xnd2,1,2,1,1
bc1qct07sunavc9g2u0sp25g0wf5e43zw5hucccgrz,1,1,1,1
bc1qctc5fm7dxq5kks8z2pn5fzuyka8k404edte27p,1,1,1,1
bc1qctgcqxy0843zcl9pvgddgx892n6j44485mqkp2,1,1,1,1
bc1qcthkutvupm2hadcprhkgg6fv96ahpy9hvgupdn,13,14,11,13
bc1qctky234t8lh5ax5gczggfkr3kulzwu90ee3chp,1,1,1,1
bc1qctsm967wzyse7t5xuphuv5hvh5mpwx2pn0amq5,1,2,1,1
bc1qcucevwvme9z5lreyd2lhu7ldpymtyxahpqs5q5,1,1,1,1
bc1qcuxsgl45e9xxsdrdm7qjueqx7u2l0kruwhvf5y,1,1,1,1
bc1qcv0l4lrx5kpqmv4j43kq5tck07zs76rke05rkx,40,41,14,40
bc1qcvecdp79ktzww75cmrj536ahydpct9gjcmedgh,1,1,1,1
bc1qcvpwy9ejrj7f2zuakls8l8nggrqknfwt23nett,1,1,1,1
bc1qcvsvrfm2pjgsp8kfyud8ryu0dtj7x424e7wrvx,4,4,4,4
bc1qcvwds4r9gkpsu9p9ppvqfk5z4ftwdu2q0q6tyt,1,2,1,1
bc1qcw96jauc2alf3y089fdc36272nxn6ggxjsp8hn,1,2,1,1
bc1qcwm2ctjgf34ycy56swwmpuzf7smdqvqd2xpxud,1,1,1,1
bc1qcxka3yqcsjg4rpru9p870clcq6l2fl7gsg6vpk,1,1,1,1
bc1qcy22t7npnd57dcvugr9tp80ld395ssu85p9h85,1,1,1,1
bc1qcyytjt9vzhqmyw3zq6g5nwyk6z2ayl723age08,1,1,1,1
bc1qcz7wvaknwwpve43y3ke4p8stszxmk5m8cvszmq,3,3,3,3
bc1qczdgvt78p9hgn2pnp3xglag2wcmpxtnx9nm4g9,1,2,1,1
bc1qczj64zcmc88p9etddslgzst2ckwxmk8hdggg9k,1,1,1,1
bc1qczr40hepp5hhlpv6z6dt9kxmrgpr39upqnt2dk,1,1,1,1
bc1qczzct3f07ue75vgwx74rhn8nt36j8yqw3euzpm,3,3,3,3
bc1qd0lxjwp0rue5qdqucy0ctyywavgdl9qa5zhq46,1,1,1,1
bc1qd244rlzzmhh0skl030mdf27n6045l7ln6qpw3t,1,2,1,1
bc1qd28cqphdtsywgktuc2hfz29w8xmakj2d2clpx9,12,11,9,12
bc1qd28hcyv6tw0fzjmqjcunz7gjzx77xlps952lux,4,4,3,4
bc1qd28nmc6na38vj5dqfpgryy9s58tnhfs0cuwv7q,1,1,1,1
bc1qd29xmp25c3ws78gl94wy4ccmwws8j9894v8hg5,15,15,8,15
bc1qd2exxy7rpe9xsf9cnw0jugg2pzk57a3ugtamnk,15,15,10,15
bc1qd2hsuv5stgsc4qhwlrj8jevg2f4se6z9kczv3g,1,1,1,1
bc1qd2qlegpezaa2aqepqz3gtzpfut6pastjn22874,1,1,1,1
bc1qd2ygxzxhxq6rln7pjfzuaem0xzrn4vy3ggdc50,7,7,5,7
bc1qd35mptswgyuaagj6kg8a83j8e7mw2g58ljm63v,1,2,1,1
bc1qd36s3gc8druyczmvs4yzcvffycfcqntlhlxr06,11,11,7,11
bc1qd3hsdpj3rzyzq65e9dvv9e72ccjp0rukq4pm3p,30,27,12,30
bc1qd3y8gfyq32d5tsue5kjkz55s4zcrn07jn3qezf,16,15,11,16
bc1qd455jdwy368xyckf5n26g4mkzr2z87cdalrr5q,1,1,1,1
bc1qd4alyvjffxyjqecz8qvymnqz8fe0qyqatu55y7,1,1,1,1
bc1qd4u6yhf96j2q5tlx4yu4gqpkc5gyrvpmegwj43,1,1,1,1
bc1qd5e935skj64eqt9ad0yqe5rrtj7t5nvuth9nal,1,2,1,1
bc1qd5kdczfc9yw68r7u53vj040hwa580u6h9kyh7w,98,99,14,98
bc1qd5ke30jwc7p0yupckhcplmum9mskw3hs722wvz,19,19,9,19
bc1qd5n368lalw2ej0p4ssl8tuuqttuy2r40al8dl5,2,2,2,2
bc1qd5zavp3d37jq2d7gp7yu4qfmexmzr542kld5f0,1,1,1,1
bc1qd63j2s0e08fvp0nalmmzv23gps3tzlpr95ny6h,49,46,14,49
bc1qd675ma6hjewu7k4u897gj8upmvd7asuf6ud2c8,10,10,6,10
bc1qd6h024n3shm3rhrrjprk8g5f69rhlkar2c0xh2,1,1,1,1
bc1qd6jswzj5tgd5leu6nzku9zh6tkj8rvqrkz8t8k,1,1,1,1
bc1qd6kwpk88c5ffzn2s0ksy9c7tq7jtdq78j877zt,1,2,1,1
bc1qd727kel8drg65c3a7x94gyaz3yql8868ynessc,4,4,4,4
bc1qd76zd33hwg2gl3h7rct0vgmsqh770fldj7mgnv,1,2,1,1
bc1qd79kj0wsfv569d7js83963zr5wmelv0qkp3ghy,1,1,1,1
bc1qd7dsg8va002v9lhmfh7r8knh39ga0m4jaje478,1,1,1,1
bc1qd7xp3cztxdxupsldh0wu859ttysvjrujk82dcu,1,2,1,1
bc1qd7z6va8n2awchcmwla0lrqj2ypax60q73txaxc,1,1,1,1
bc1qd84648fva78hkn4kuydxl9dvt62uz2n0y0uxn8,1,2,1,1
bc1qd8hznj9y6ur3hzvmvlgkfm997twu6ute9qvyk6,1,1,1,1
bc1qd8ngv50jlvylkllkyafmt9kvcc6r8rkd5gy2kw,1,1,1,1
bc1qd8wgvlr33sc5pxv90hnxntw2e35azy7u0wlzyr,14,14,10,14
bc1qd90rkn8888qhlrjlzjj5hzhk4fm26a47yc67rp,1,2,1,1
bc1qd98sn69yy3ks4ku56u2vun205w4uyeghv7mnkc,1,1,1,1
bc1qd9e6rytjenfs9yf5zmkza95ldt9q9chjj6kpf6,1,1,1,1
bc1qd9h9zffk74z9acut5vprkqc4ed830cuksmjg77,1,1,1,1
bc1qd9pf2kp9nv73vrvq679dl98ferff8d28a6agr8,2,2,2,2
bc1qda6yxugwddhxzsq683ud94089s0z732qld64x9,10,11,8,10
bc1qdaa0u0ta8420ayqz67cy6s8pu7rjezheum8xfs,11,10,8,11
bc1qdafeeelcvvt8ke2mcfsuk0hfg9djcwxcam82ar,1,1,1,1
bc1qdauvcyzk4vzfpn9wa82mt44z6rfutqw3gzmzp9,1,1,1,1
bc1qdcddh9n56tx6ctuezyyg3yfjhxh22wg4we8vuh,1,1,1,1
bc1qdcs8a5g3y8cuh5j9crh6zjqgqlf4m948cmjzd7,1,1,1,1
bc1qddmxdmyfpa4z9yrtsyws6cuem5pc8qyzykxjn9,7,7,6,7
bc1qddqhx4fuq3xq87qsqms3x0w57r3yqnhr7y74cg,1,1,1,1
bc1qde968zxqs2w4l85heewk6xwafvqxlfyn0endxv,2,2,2,2
bc1qdegscms4rpz8r47wpw42x96jj2jc3nahu2hl4k,16,15,10,16
bc1qdehvya7xvu8pngv588yj3vzpwj98l4u80wwmjl,1,2,1,1
bc1qdeqmr9s4ufwgely34xaqxhzxml7gpgkygz8fkg,40,40,14,40
bc1qdf65s5k44esy4yp5naajsuga9yj9lg6va6vwsq,1,1,1,1
bc1qdf7wxkh83wmp3pt3n4kqtfeyfp9dc6a42hn59r,38,39,13,38
bc1qdfwxx6le3u500kcc022tuqe7lal0znt5ruuzgd,15,15,9,15
bc1qdgwnd8hfz0ua8plz33cn9r3clpccuzwdctmrnz,26,27,14,26
bc1qdh0p0mmpdp7ph8cq9dek9xmysz599p5kvav9xr,1,1,1,1
bc1qdhg9d7x5y8565c9m65hse2q7h08vx9jwxlrns8,1,2,1,1
bc1qdj0tj9x2u5ygytylu9a2nayn93wr64xntm7zew,1,2,1,1
bc1qdjfzwzxnxfscsz35xhewdaekgf74hycdk3r6kj,1,1,1,1
bc1qdk8y2s5p7g3hft529nggmnm4acjeqzc87tsmtn,1,1,1,1
bc1qdkmsyaf5cz88mgsmn762vejgmh8lavm7r9qgly,17,16,12,17
bc1qdkq84plq5pns8s4sdsfjx3uq5p03w3f5g7lqcy,1,1,1,1
bc1qdkzddxvz5fk30az4r9k2w62vhq3kk78j45anqh,1,1,1,1
bc1qdl3hcrc8296n8l5jy3k4ehdmc4pymsav628fpe,1,1,1,1
bc1qdlcqexlmqrph2ka8gr25lve8mrms7rslp7g30u,1,1,1,1
bc1qdle6wn2vvrca54lujgcaexm8epn0ws9h7u0gxy,1,1,1,1
bc1qdlmuktryj049nmv4a9g4xp6fkujvgdyh9vjgkm,1,1,1,1
bc1qdlshrdu3wfrreq0qal0mc7hkul95awww4wdlzt,2,2,2,2
bc1qdlw7nhp2cl3t53ey8dt983g9jtlmm6cezq5hxe,1,1,1,1
bc1qdlwq4mh4cqamx508tk8x7slmkmkx0x2r66n2h9,1,1,1,1
bc1qdm887nxpf6w6rpdpzl8666z0jjafv3ckcer8zz,1,2,1,1
bc1qdmcvn4086vty8255g2u344s05r6fele2h9l3m2,1,1,1,1
bc1qdmfugne0fpwusleaahdag6r0fxjhrkacmyjk7z,29,28,12,29
bc1qdmh8rw3jnsgze734meh2nzcfg85km7g5mttt8q,6,6,6,6
bc1qdmljmuhe7hd5y50sljvglqx2razpdl9q8q0fqf,10,10,8,10
bc1qdmsdr7qkpdqte2wwq782kv7taa65uyevatqxqe,1,1,1,1
bc1qdmucp2el9dcq4sjmgph63r8vfsh9dhrqyx4je8,13,13,9,13
bc1qdn2tpq4unu7q9uaf8s9dph75e0unrqvf70zz42,1,1,1,1
bc1qdn780xlxa6zxcfkrsxja4hq8ydu4w428p72uq7,5,5,3,5
bc1qdn7n4qcpylwrv2jv64geemflw9trzepcl5rh63,1,2,1,1
bc1qdngzx8zeh28pnfymm9qqujnjh43x2m7vcxpa84,1,1,1,1
bc1qdnq5gq2tvgagywsjdg85zrn08rexju2r7n35t8,1,2,1,1
bc1qdntdv4qqn8h4wscc0kyqwkwqra5sss7sjw2f6l,1,2,1,1
bc1qdntxpzgky55wdvn2m3wdkpgu8cpudcruuevdc8,1,1,1,1
bc1qdnvec4mfsu8m20jkgmrhwnwdjtmzd9x8xz6sra,1,1,1,1
bc1qdqafggcg65fwt70v90hwd6n20w03dpzj9pca9k,1,1,1,1
bc1qdqn9vw5eh3dgegmqu2wg2365v583sleuzhldtp,1,1,1,1
bc1qdqq30d8j98yu60vp4qa34rjj02ux2qf3s869cd,103,110,14,103
bc1qdr095m5z7qkmhyqmd68ygljz8yavpcwfy35gue,41,39,14,41
bc1qdr9c5v7vlt7jrutq9tvsfv8yvt5w2ej6jdmsk0,40,36,13,40
bc1qdre2r8dqlymlkv28cwv680y743zznr072kjh4w,3,3,2,3
bc1qdrye48cfrlfwe7whgj8k6cvjqx63gu5wa6975q,1,1,1,1
bc1qdsxztjp7s3l29s6l0w460rgvr8q9tdpcfmr5cr,1,1,1,1
bc1qdt08yy8gjy9e4kkzryhrcdnu2twqwvwretpe32,1,1,1,1
bc1qdt3vzkr7qjcxexwerm08td9gsj806krvmc894x,1,1,1,1
bc1qdtl6dzjmnvcskf6mglygzswd6w3t8gu73zd7f6,1,2,1,1
bc1qdu6qh3n4xrwhjlv4uuq20c6z9kh3ze56emr7qs,1,1,1,1
bc1qdujjk7yym7vjfysf9x3paywmcngqlrvwjta8ws,1,1,1,1
bc1qdumnx3l9scg2pys0v053rx8tu2dcqvq7eja7zq,18,19,11,18
bc1qduqj573q5r7j99wfgv6mn0fmw90qpd0v0mavey,5,5,4,5
bc1qduzah0ltmu3frgztmkxplpwxvkyt700lzs96qw,1,2,1,1
bc1qdv6hyuev92sasvvqcazl3yu53a78cqtwuc8ftx,1,2,1,1
bc1qdv9e7qh49h9yav3qyfft35hffvpf6w5a6yeez9,1,1,1,1
bc1qdw7cgryvqgv0r0ftc6zksfe7ggelgna6rl7jd7,1,1,1,1
bc1qdwkxvqy3vran2lnwmew576uy3pvqrawhmhfcpt,75,77,14,75
bc1qdwq0gft7rxhacdthusz5tvm9m40fdd6vz7gcy6,1,1,1,1
bc1qdxl98ha5v7m97h00hz7t2v6qtumu80tjtvxkrp,1,1,1,1
bc1qdy5ak8ahupv2vqrmqjya4q238wprumlkl544q4,5,5,3,5
bc1qdy8cz5c00rfcyqcyk02pfpl3k3twnsmt3n9avw,1,2,1,1
bc1qdylqx6ddrs0a4jrggqr2ecl0x2x27r769gmzgk,1,1,1,1
bc1qdylzq24nrxs4sphvq7kmqkxkc8f8hyj77slua4,1,1,1,1
bc1qdzg5w2rgd5y6qfvx4swrxs6wklyt20kk2vygh6,1,1,1,1
bc1qe05h7d0l9x3q5uy46aj2p0qc8ma4lgngjun55m,1,1,1,1
bc1qe07jku062k0q03gmq2u0tgegugapgtnqpl49yq,29,29,12,29
bc1qe0s6re8sreqfme635manpu27pezshxfrj2w0gv,1,2,1,1
bc1qe2fjvmkml2qfqsl9pwc4wjlcj9sjf78uj4dyjh,16,15,11,16
bc1qe2np2wsfrwy7kys5qzpvh7gc0409pc7wwdtuc5,14,14,9,14
bc1qe30fyfej2n6n2p06ghmdxns9azcjc2khjztewh,9,11,7,9
bc1qe356hek6dyk2640k770ffe9tc9gd96rhc48ms2,1,1,1,1
bc1qe3k3l5wr3t4e8lkd93gph23dxmxs3s73z2amgk,1,1,1,1
bc1qe3lyrmpyuapd9evuz4qzjvdt6ats3cw8u23um0,24,26,11,24
bc1qe3qd2nf28mskvgjjg8nexqpjv5zr4xvmhyjer5,12,13,8,12
bc1qe3xv57ske3ghfl4d9ulyqhwutk6kcwdlvsvnyr,5,5,5,5
bc1qe48lw6wwe5zfuxlyhjc5w0rdl8jz6ml55hjv54,1,1,1,1
bc1qe4dvryp3xzu6ahadkxqe0563zsckqaf47yz0l0,1,1,1,1
bc1qe4lmyr6p20va5svz7zl2fcxq2k9rwhlye82qgr,1,2,1,1
bc1qe4uwkzckp3dvfghryxy9vlwcz50sj3h8w38hyn,1,1,1,1
bc1qe52tqaj05xg5477afm5lcjpvhp5pyj8uxc47vy,1,1,1,1
bc1qe599x5du3emynn7um96lq3a6ecfphghe4hpy32,14,14,9,14
bc1qe5dze25rf0zc3e2swnwkse4t8txkcz0uyqzd4n,11,10,9,11
bc1qe5k6yzzn85wddhg6eqxw55qp247vqxpytjkax9,6,5,5,6
bc1qe64z2v7386llg5ecg8xpgfkq0r4mqm7jjl9m0f,32,34,14,32
bc1qe6efsjmxnz9jpef7qhr7fmw05gpc708jcrdc43,1,1,1,1
bc1qe6u78fxvya9a9u06u4k20k9z3saqfjs5xf9809,1,1,1,1
bc1qe70h6wue9d6jda48kzwrn3d02juz8ww4pqvnce,1,2,1,1
bc1qe72qe2vp332xdn38w5cz08jf54z7kw8zpkctlz,1,2,1,1
bc1qe73a4fsys8ceqyvsla36v3rmlx7mc58gt8hrzy,102,104,14,102
bc1qe78gtt66739pum4d4zc7d6dn27ep55pngg8ars,8,8,6,8
bc1qe7dc0za3qecxzeqjfs6mzq9n54y9kpnza6vxke,1,1,1,1
bc1qe7je3se52xpn2uxq5r89dq79euhuh4dyz5qcrn,1,1,1,1
bc1qe7wrls6n4fz56q3dll505a79xmycgq282vu8zm,11,11,7,11
bc1qe8a7kthsyfyg2swjfcdemc8cdgjw34vxxgsrg7,1,1,1,1
bc1qe8hshtzxq7mxkspa4gquehg63s093rxjgsknvq,1,1,1,1
bc1qe8t3w9m278z9e9z0nzjq7pxquwc9uz4hrvqn0f,1,1,1,1
bc1qe9c0jel4d4u7jjp2wh83raxna0z6ygj272ltme,1,1,1,1
bc1qe9gqfu8yl2fjvrj54hzk42d5nf8g0azepsw32e,1,1,1,1
bc1qe9w94x77ptkeqqkzatjy9s7tnnv3c73zlyedf5,1,1,1,1
bc1qeaa5qwjy4mffrz79lj6a6s9u3palkfar8kav5w,1,1,1,1
bc1qeagx8vd900evwefmpwn0luzsr8hhj5umlqxnge,1,1,1,1
bc1qeaqqv2gaveyxtctvdcq02swscpffqe83weddh8,1,1,1,1
bc1qeavfc4ngxnmmvrdhrcllwujfhgh7spezflh7ut,1,2,1,1
bc1qeazvrl0quxj0lx9z3h8n8sc8l56yzkwj04y2a4,3,3,3,3
bc1qec2wcgrxwjfxslmwpfeg89pv8e4vhyvktm0lju,16,15,12,16
bc1qecmrjnea88y6y2luwjuaj6ujhga00xx56l5j8d,5,5,5,5
bc1qecy2rwx2k3cxt3pw25f34dfxxqznse6hrxkw0x,1,1,1,1
bc1qeczlhe0vq83x9ls7fsaxq2laxw7csqzjzp3u9e,1,1,1,1
bc1qed69p5hxuyn6mqw73rpcns9x7vplxzkxf0wrsh,1,1,1,1
bc1qed8e747qypgrcs5y8w07r8a4f5lnyqcqdj9cwg,1,1,1,1
bc1qedheajvumsg9nm7nzeeppjjts5qcyue97f9cuu,1,1,1,1
bc1qedmdl35j4gl4rzxap82uaqmvgn239hs9h2renw,14,14,9,14
bc1qedsd97tawl7p52ehe4nfcxp3qvcyrtycc06ncz,1,1,1,1
bc1qedxz6tp3ma6vzwycyse7zac6s33y8k9zx4s2ut,8,8,7,8
bc1qee0mqhzg9m3q8qdz82r0pfhgps42vahahw8tez,4,4,4,4
bc1qee6jwrcx3fmnx6uuzjkdyergf7vslv3celenuf,1,2,1,1
bc1qee7h8tnm3zf6rxentnpcnjqcq7czw7g3l257v5,1,1,1,1
bc1qeeezflfn48vk6qrysqeyrm4hqdedfm2w75p4jd,65,64,14,65
bc1qeej07rmz7mdn0z6k2r6kt7scyhlmquxtpyhzrm,1,1,1,1
bc1qefafw4ge3dc9807r57xm23lhnlzrms683c30ke,6,7,4,6
bc1qefk8udmxcktf04zl07lwhg8pcsepvdjtkreaff,2,2,2,2
bc1qefnz5c6fzkp4w0z7s6ge4suyhvr0lwcz7zzx9n,1,2,1,1
bc1qefpdwfwfwh4slasefddrgcu300egcyh42wuff2,1,1,1,1
bc1qeg088sl90854c0mdfxtd3u6srlh85m703fh7hn,44,43,14,44
bc1qegk238jgcqkmc4xc4p2727uz2hncwzymzzh2tc,1,1,1,1
bc1qegkde66auucah45egd0dvvha6hndef7xun6rvd,18,18,10,18
bc1qeh2jaqmf6je7nsflu6wmnfeskwzu97jkmh8fmd,2,2,2,2
bc1qehpuscu0ea4p8dqhese89g6v05qvfxk4deap9d,1,1,1,1
bc1qehqt4eza0fv3ka6sd8p5qnaptryaewsj7vmgga,1,1,1,1
bc1qehul8gkutfa004a74usgn6gsj3ls8nn25rtzyn,1,1,1,1
bc1qej3nalt5qjt0fstdnqz39agn8440ex545ajpct,1,1,1,1
bc1qej4n2qtx2glxe5rf6pkxl0cgexayc5zy42ctsx,1,1,1,1
bc1qej83a0ws6n2uz7zn3vhy4zzqv5ay9xgjt7dsy4,1,1,1,1
bc1qejmzejrxly3tuyvvpvmxfy078wkqjewxedfe8h,1,1,1,1
bc1qejq4atxc666vpwg96p50279hpcv2ah0t7v5gjy,14,14,8,14
bc1qekcpxgcctt6k2gswvpk6eek3ytrzdfyzekckrh,1,1,1,1
bc1qekf738g243w7xtwhy4yqxgy0ksc986qxuzyzya,1,1,1,1
bc1qekqxmlv9f68lqfsw7ehnhmt3xuu2gkmqkv8vjz,36,36,13,36
bc1qekxhmvwsu20rt32wdtp0dn5fymrf2tjxkyhq63,1,2,1,1
bc1qel440mkzml3sg6nguhvp4qx04j9n0yaea8as7h,1,1,1,1
bc1qel5hdegdr0qnyp4yjx948p3dmths7yauqmy0lq,1,1,1,1
bc1qel9du3508n60ys0h8c9jd3mu26vnn7k4xqhw3j,1,1,1,1
bc1qelj2ez9le7udr8xydzktfdwh2fdal4z3jpe0ts,46,49,13,46
bc1qellr0p2jgwqqdwn87855pvvrwqvh3dx0uwxfhp,8,8,7,8
bc1qelqse64cf2ht22q8df0hdzm4mnml6lpe35w733,10,10,9,10
bc1qelvwx2tay0q863v9chxruusprxqltw7x60ycae,1,1,1,1
bc1qem0j02425c9x99qfml9frq7tzgjhk9z2n4xz9z,2,2,2,2
bc1qem3f4wcc68d58tcgtk6ckwvjvqm3udn23awttu,1,2,1,1
bc1qem49llvyd9aj0805glmtk40lmhy9g5mm48cd8a,7,7,5,7
bc1qem5syvcu2z67ul80z73parma9zc0gygj7jh3vt,1,1,1,1
bc1qemhx3fctaf4600zrff3y9778hkvml087j2yx4g,8,8,6,8
bc1qemmqyqyapyn0chu8ukfa2rjpzws8sk59kpw0c5,1,1,1,1
bc1qempdtp4xj6paskkk03ur5as2d5ektl94kw5nx9,43,44,14,43
bc1qemxh52cw8agpe5rj4ddzyku7egjsx2tuh4gkpe,1,2,1,1
bc1qen7ty026534qvvlrt3pwlhdkvxvfs4gu46ux4r,6,6,3,6
bc1qencrlswasu4mczth28l6h84j9gu09yr99jstk4,1,1,1,1
bc1qenfd3kyxespnmn2k94kvf7avjwkanl76mr9982,1,1,1,1
bc1qengdetn4jcduy3alkppkayylsn3rrflss23nwu,6,6,4,6
bc1qenny37luj438wcqrv2pucjjy7kkg4wytk5g5pp,21,20,12,21
bc1qep7gkgvh2urtjcyew7gn4xjlnvmzxq589pdvky,1,1,1,1
bc1qepczjpttsq6kn7sue4zps94mesdzxc4kmgwluc,136,131,14,136
bc1qepndgg3fek5sfezt0amg08cj7zsrhufhenvzt8,1,1,1,1
bc1qeptghv5s75f2ufr0qzplrxyv2duhq6q0n0helx,1,1,1,1
bc1qeq4e3lqrnk6wq2qy9cwqpfq6fgxzvmhfj0wjmj,1,1,1,1
bc1qeq7e95gzwjwefjmya24rkupnd6h3k7zqxllkkd,1,2,1,1
bc1qeqetfqljs220c9afh7mv4chctjfegfjsm8fxru,1,1,1,1
bc1qeqwt55fj6j8jpxuew2s6hyhwhpez3uh0zj0cev,1,1,1,1
bc1qeqyd5ythl293ztur0vhz7z7rgtrh382m6jl6ur,1,1,1,1
bc1qeqzv0xc9wc73tmznnehekr9nf9arm087v7cvx0,1,1,1,1
bc1qer6hw48scfjjdwsyep99zyaug8nxsc5l5up342,1,2,1,1
bc1qerkzdk2ed36e9vxj5lq3s2r5tvnsr0nzuc74s9,1,1,1,1
bc1qerp6f0plnmxajxnxkg5uy4snprf9hhav4kky70,1,1,1,1
bc1qerwmar4r388a7umvxj6uzcra36yffwpln7ufsd,6,6,5,6
bc1qerxj4557p59v7wzc26kdtvdhk0zx9wlt39fu84,1,1,1,1
bc1qes07fqpk3a800awppve7xaykxmqe0ynt6fr34k,1,1,1,1
bc1qes6mmk6hszjt9rdu3uvmnh6ly292numny5k7g8,7,7,5,7
bc1qesc0wdg9spmlan89x80zvstqsxzdydy4mz5kv4,1,1,1,1
bc1qesdzp0l2lqmk4h83gfn7uffutvaqdj6fnzql3p,1,1,1,1
bc1qesyvvvaw9g5k2vkexa9aqd2x92qc8wm05galkc,48,50,14,48
bc1qet5043z76hgyuku5puzyty4ffxvwghh3pu7grc,1,1,1,1
bc1qetdfv3h9yrc2dnaesq2uwus2y39k5zgtvxh7w6,1,2,1,1
bc1qetfkkhc3e8pw7ufek2cc67xamunhy9ljws90ud,1,1,1,1
bc1qetk0sxh34h3y2509sqrwkewpv2fm7v5nqnuchu,40,43,14,40
bc1qeucxmq8m3503wjrdwcju3lh5trctyedlljv599,1,1,1,1
bc1qeugn3mrh7l2j7ljac0rd4ugpxrz603an9qsgzf,10,11,10,10
bc1qev98f8a4gf2d09t4cllgkqdkm8mta8s9v3tllv,129,125,14,129
bc1qew7dan32j0rt89ckzzn9cwcnprpw3q057dcwxw,1,1,1,1
bc1qews0g884lstaamdsfc5hfjd3eke4l0rlkw4cn8,1,1,1,1
bc1qex5aypvp5pw74ma9aal326jq7ghll3fnmenm67,1,1,1,1
bc1qex5hcuqyjjyg3kxps2n520m7tah6jkf4ss3up4,1,1,1,1
bc1qexetj2r8qtne0rndqdjdajz99j3959y6jm65m7,1,1,1,1
bc1qexkh4tuf9xr9l5ezgh25qyzq5y5zlga2pr73hp,1,1,1,1
bc1qexkhx7lt43wlnzvkvmx0un9prsqalkz5f4zeny,1,2,1,1
bc1qexwsrulkgzkwggv3rf7k5ecf94wz3ecp9rvcs9,1,1,1,1
bc1qeyp5r2r44mc97a6zwj3cuvz74ku0kf58gzk59q,1,1,1,1
bc1qeyu0pkktcvup54dsae69m62h8jpp2ekl7hp5jh,1,1,1,1
bc1qeyv99esf4kegcxj95wuz0f3plww0wudfqj0p7u,57,53,14,57
bc1qeywglvzdnm94ctmfjnc7zs6t2exa9kxeq25gca,10,10,7,10
bc1qezgn8xkpv3fhk6quu2zhyhszycj4wehnpjex00,1,1,1,1
bc1qezhmlxk9x6pfq7pk80hlnwlzvacctwkuuj90rr,1,2,1,1
bc1qezjh6pr3mx2nvt60m2zg0790u75v2drqzp6kr3,1,1,1,1
bc1qezmxz5uu6sc9402rueapj78wwctt9latxzxt48,1,1,1,1
bc1qezrjx5mtyeen80r3z54hu9w0kzws3u2m2fdft5,1,1,1,1
bc1qezrmpjunq9ymmq9rgcwv393g6rhaxykal42k5j,1,1,1,1
bc1qezvyr2gtm8jae3cssgaaf3jshxs4dnvze605r4,1,1,1,1
bc1qf07955q042r73yk4uwgvqxt5jd7hkrgw5yts9c,1,2,1,1
bc1qf08tgmlxj0x3jxek33stf5w935ar6htm2a58jp,1,1,1,1
bc1qf0dptxh276vg0z5hzyrx2enavxsnpq3v6nldys,1,1,1,1
bc1qf0mdujkrra5t27d8gqx4aaypz6lxk676q6uujf,1,1,1,1
bc1qf28cy72eck3nnmyawmmkgjhyggl4sjg462xu3p,1,1,1,1
bc1qf2d33j3annkenn49st8hag9sgcr7ywv93wguej,6,6,4,6
bc1qf2hz9negspam4vradjleaprufnnemecnwmqnd6,3,3,3,3
bc1qf2pj4zpk8x99t7fa9p96tgxn5776qn303xf049,1,2,1,1
bc1qf2tnjcm96597hme6teklrndvvtvsp8teyaeshu,15,15,9,15
bc1qf2zdkjwytt5gzc98hxfw0ws4x9740mz6n0reu3,1,1,1,1
bc1qf357v6pr8sggruszwedrh7m6mnxg9qt33vd8cf,1,1,1,1
bc1qf3cfwu9m9vd96xzrznx9euw5zagldktz4wczc4,1,1,1,1
bc1qf3dk8zrr74vmdjmycewh5kqm8lyavx5tgplxfv,1,1,1,1
bc1qf3jmtm4h68hlugw4k97ga3jatazks3cxuw5wer,2,2,2,2
bc1qf49kvapq749trqpef8r2amz3yjc7fmwusfrx2s,1,1,1,1
bc1qf4d8f96jk70yyqp0appm9saaq29tjtfdusykyv,1,1,1,1
bc1qf4gv4z3dj536qrdfew4l2ju0k9jpv6l6sfeuye,1,1,1,1
bc1qf4rt5e29u37mrnnrnf3xjf65cfmyersen0ppu2,5,5,4,5
bc1qf4stkavrecfjywtv4upuy0j2f5r8y6p25hzfxw,36,33,13,36
bc1qf4xfmx04z6gyrjzy57lpegyz7ktme6hrd69e28,2,2,2,2
bc1qf4xj8zspy0a4a9q7dstejmnlzkj9ws5rj6etzw,1,1,1,1
bc1qf5h3q2fdz8hzcrpym2e5nga42xxyevrx6w7cfy,1,1,1,1
bc1qf5tp8990nmfrhfchtcakug485zf39xhjdywhf9,1,2,1,1
bc1qf6aqy7s8xzefjxde370kdfsjgqdllatxctz0ll,1,1,1,1
bc1qf6cet2xgwexzmf5av07k8dsjs37k8wuyw0lg54,1,1,1,1
bc1qf6gzeanr54mxctjc50flw73rcf6ej96wfakvym,1,1,1,1
bc1qf6s0kgn87umnm2djapmhw8jkqdl4wcndfer6qt,1,1,1,1
bc1qf704w0nqc2rx6mv03r8sg9hevs4t6de26tdvha,18,18,10,18
bc1qf728ng5qn7qu9aq0ya0fh5kgml79fhlnd2tna8,1,2,1,1
bc1qf7xxyahlm8lxm2rj2h8j3ewzhtxmqdttpt6qx3,36,36,13,36
bc1qf9dswcelppvjyzr5c6uyhvckyu4la70vvq5xcn,1,1,1,1
bc1qfa0qmwnw4jty36peespkxxzt92hnv39t0p8ern,9,8,7,9
bc1qfa392rxd32v73h39sy82gxgfzw0nda33krwtcl,1,1,1,1
bc1qfa39vl66tgecmml6waatfv6eyetgvpderepey4,1,1,1,1
bc1qfa7fvtexvvwd8s2mnspe24dwudws9rca6vvxkc,1,1,1,1
bc1qfakwf240h3vznns0l59ryyn5ya4gqqqttj5sgz,1,2,1,1
bc1qfalglvq8mnehfx7jhe53vmjnwpe3xnhakkavy4,51,55,14,51
bc1qfap6cx5w6zlzugqgpwdxy2qme7mwu2pvuwjswc,15,16,10,15
bc1qfchu4yrgfcq53hel69wnepl70e859drvmaqpye,1,2,1,1
bc1qfcm2rxk7tr84mfe0z80elntc9ac3uhq8898lwp,8,8,7,8
bc1qfcmmnpt3t3esfzqw37ememfr9sqmj57n33gtd8,1,1,1,1
bc1qfczag3547hcm8ft5l0v8zwd7gqu2wthujmhdun,1,1,1,1
bc1qfekfm39cck6ydq7mxfv548sv3ef0n3zp27wqqm,1,1,1,1
bc1qfet8c4dzvnqhcjham4k7v9s6eucff2y52ld6qp,1,2,1,1
bc1qfg0e06vwyre7u9l9ezydt33h8zq58q3ecect32,1,1,1,1
bc1qfh20muzqaj2qr73sckdjz2yn9e8g3md54su305,46,45,14,46
bc1qfh2lzpm0vwzshqse9kwnwlv784wagyxl44nsrv,1,1,1,1
bc1qfh2xhyevhkfr0ma55a8ecsgtsrsqcuvp8jx0wd,1,1,1,1
bc1qfhsfps5tgqxmsxfdxfyw5le6q7ee3rdzfn4kfx,1,1,1,1
bc1qfhw0gkspn9mtl3tgxg895n3nkqfn6ypyc9qlx0,16,14,13,16
bc1qfj7e6madpvxl23rd7k9dl6s8nxclxj5yfq3mk0,83,84,14,83
bc1qfjmxkk2fj9y0s9jxg6gchw5t70d656p635e3ur,13,14,8,13
bc1qfkewtyajdhus04f6re3mzmuvwsnvnt5wcnegr4,4,4,3,4
bc1qfkm0fs84lk65a26qtrrz0ygcld02lnvfwgazaa,1,2,1,1
bc1qflcuzw2awr74jaz6af7y3kxdn8lwwntep7wuwy,2,2,2,2
bc1qflelmkes4uccssu9kk03us5zgsph0ul2q3e5ws,4,4,4,4
bc1qflzljy8n6e7dch8cp53n6w5k4897j7qzmzejme,1,1,1,1
bc1qfm0c2tzhdw9lj44290u95vg280dzrqm29j6huk,1,1,1,1
bc1qfmmww356h4q88ycl6u0rkqv80l2mla0thawqua,1,1,1,1
bc1qfnayk7z3gx8vue8ycru5zvx7a5d43zwgqtn6x4,1,1,1,1
bc1qfnq0htphy0ku8vm3ejxeds8qdwu0u86rednhp2,1,1,1,1
bc1qfp564q7vtxnms3vekxc7v05z4k704lwmpyxgw6,10,11,8,10
bc1qfpjpsyqaxyg300artmhuxjewk5p9dhdy9p85nh,5,5,4,5
bc1qfpqtw7r6pvyjya00c82wdv9s43uk94204ufkpc,17,18,10,17
bc1qfpxwhhealw873z080gz0vqec7qms0ph5kj57fz,1,1,1,1
bc1qfpz07ya6vcle0fqxmwtar08aga5umu27us03l0,15,14,11,15
bc1qfq2y2vlfqk4qddqrppc0jea08qq98s8eqp9cf0,10,11,7,10
bc1qfqfqt2l72w0rw3g72vcp7z24q8eh4rzacks4ms,1,2,1,1
bc1qfqlg95r4cqttf3lzw290vaprcnq63fwh5hzuvt,38,37,13,38
bc1qfqpum39sq8pm5e55vq4aq02f464esq0pd47x5x,1,2,1,1
bc1qfr0vxl3qv69ley9ql3mvhevqvkt8r2ve7hu4zz,1,1,1,1
bc1qfra7vkpk25keyazs9ysnlq0hnp5w6j3atpz9fx,1,1,1,1
bc1qfrfyzuq5fns2u634gfvs7vhnstza33whr6t8ql,1,1,1,1
bc1qfrmcume5jq5wt32863w4w2myaqhy0z4uwt8wcu,27,27,12,27
bc1qfruh4pexazmapy4xtzrddsnzam728ctyv0wy2c,4,4,3,4
bc1qfs08m832ju9aqx5att0mgx7j54ztqstp50m26t,1,1,1,1
bc1qfsdunczzkhldvqagecqjqnsahpxa5q46ek5ze5,4,4,4,4
bc1qfsrl69s3y0c54fcklnjenug3pt0sqsyqjw8m8h,1,1,1,1
bc1qfst8pc0a97pnwcsx964khhs2y0lvxd6ve4ltle,5,5,5,5
bc1qfsuyn7r6lke4zppt8uu6nuqn6p9e4eyfnm6g46,17,20,10,17
bc1qfu6d90ndgr3ql6sd2gapwjrexs2g7h3xtc8vrc,1,1,1,1
bc1qfuhndfg08935drnkfu9lde7fz8ymwhnatx92p0,1,1,1,1
bc1qful7r5n2mt0hhsv3st90q88547e3xhxdhh02d7,12,12,10,12
bc1qfunpz79ag4la2gpygfg8aytam33y579203ufz6,1,1,1,1
bc1qfv0scdf39gvgm3udnvr62qdrc7t89eutqhxeqj,1,1,1,1
bc1qfvck9823rqh735pc5204jgpuj5yj7kn4ele7ps,1,1,1,1
bc1qfw9udeuml84cvfu7a9jac96qmwsyfkrtr6wgkc,1,2,1,1
bc1qfwah0qt3uer0cuqgj0c5gnzkkwms9uh3p0e3f8,5,5,5,5
bc1qfwhhg5lpmvqfftw0kfulxhvk6nl26nl363h5za,10,10,5,10
bc1qfwywt4gfeaxtc0as52t5t6ssn30mm88ynwwzms,8,76,6,8
bc1qfx05hz2mt99ylu8dyulwyxz5fjrqdxcdj02rmg,1,2,1,1
bc1qfxaq3ur8t42wd79uhcxacuhzkxl00pyrkh9cv0,27,26,13,27
bc1qfxe9wa95plwfl8ncwk4jfnm6dutrd2vwfg7rns,13,13,8,13
bc1qfxelhf7hlvm6uj0nxjwettlutvhq0k8nlgtdcg,1,1,1,1
bc1qfxh26pdwvlrr2vusf06etkr6lv6r566xpzq5qk,1,1,1,1
bc1qfxh4kht3yu8me45dcz89x7qdgz0fkvveyj387f,9,9,7,9
bc1qfxpde7szzt4sflpdx8r03vpaxndz4nkpglkehx,27,25,12,27
bc1qfxrsnunsl726rk84rxd3g07rjdn0nqp4g2rj68,1,1,1,1
bc1qfxv8qrrfm4hae9ydrvl5tsmgnn8pytf3mugckr,1,1,1,1
bc1qfxwus0eq545klhnp3tq6mrnkfmqcyrc46a0wu3,4,4,4,4
bc1qfy6jdahj22cz75qatppp4a48v9vmdm4ddzdlfr,1,1,1,1
bc1qfym0aexgqxccp8qzg093fqqx49vg7u2n47f0r3,20,20,12,20
bc1qfypq4espcw7308llaee8244m0q9cqryt63xyyy,1,1,1,1
bc1qfyy5pwer0te2pzy48fztakn894eyahs4kcrvg8,1,1,1,1
bc1qfzk4zp0lfa0dh33ua3vkhde989afttvhwh2ykr,1,1,1,1
bc1qg00vfj5v5d6ays5nqud86g6f5gx8zqx8vveq4a,1,1,1,1
bc1qg020ls7ruwhmkpxx6x2ws46gu26c8redha78s7,1,1,1,1
bc1qg03ftp554vdyqet7uga6n6gqtanttnke4v9ach,1,1,1,1
bc1qg09fy0n2v47mwnucdzx9mp9z8tr3sh8mu85sf5,1,1,1,1
bc1qg26en0hq35huwxjfmmtfslumqvfr7yrrfs5m38,4,4,4,4
bc1qg2736ku7axcx5e55uvw8dq268dne36tgfmscfg,1,1,1,1
bc1qg2xhewjvl6fkg0x4j7nd2k5uk50whpmksyvp73,22,22,14,22
bc1qg3l724lkwayhmjx50dzupc66lredw9xym9x44w,28,27,12,28
bc1qg3ngzavz5rm3vufnp9037qjhjd6hcew79eds8w,1,1,1,1
bc1qg4d628tl8zzvsplnrf4zcrm3rszfxmj3trpfws,1,1,1,1
bc1qg4nr8n53kjfrsprftdual67nrwuutxa3uyuax6,1,1,1,1
bc1qg4phv44cvpsj4yys9qeyqg0c6mnn6pm9dm4yt6,1,1,1,1
bc1qg4ulh7dkxuxqsg392029lf3dt9uskfkhmnfjmv,1,2,1,1
bc1qg5hh3feru62hmnd4xdgs563p9jjsddphuc74uw,1,1,1,1
bc1qg5w00l7p5xcf59la3yucv3fhr70wq5k7f35l5v,9,9,7,9
bc1qg67xalsmktn3sy78ek6udjslcdszg2ka2qzk7c,1,1,1,1
bc1qg6mantrqke73nmwvn72535x5w3mxjxcsgyv42g,2,2,2,2
bc1qg7f4gxpgaxgppfzvfcaf4fu6x9m8wgal423ymw,1,1,1,1
bc1qg7jp2ck45tshr2008pxk3p59s0t7wl3zs3l9yv,11,11,9,11
bc1qg7xljs4mn96l74ycjmr20mvm9vf45aneehq2zn,1,1,1,1
bc1qg86melrrhpmz5lj4yy9829avym3auf4yt4ampe,5,5,5,5
bc1qg9464xkrvpjefq7zz2nawc994yn38fnega3g3w,1,1,1,1
bc1qg99aq2r7krdh3a550634aq69p7mrnv95lkmggx,1,2,1,1
bc1qg9juf0vufr35yeleuqev6wgmvq8ygfprj3gcsd,11,11,8,11
bc1qga8m3v8rgpt8c3qq47kgyq3j6yhh4lu83g22xx,1,1,1,1
bc1qgald8aaj27sv7723gak93pc5r4qhdxmnurhsa4,47,44,14,47
bc1qgam645u9mfluq85v8frw3xgjmyvfm0cty7z20t,1,1,1,1
bc1qgc8rqm8rgc7367upvjvxmwdn0hhunp4unl9lux,4,4,3,4
bc1qgcnjxpg3kjrkw5eh042307a4zu6h5awlskf4y2,17,17,11,17
bc1qgcx53pgnsjvs5a76ey0m44pz9hkeuvfdhvcq8j,22,23,13,22
bc1qgd7svfd22jwd8exhjx82xptzs2f606r00frcq8,1,1,1,1
bc1qge0n7pt4x62znksfcgu7dwxt4xgaeew3qsxuss,14,14,8,14
bc1qge8l0qqp5q4z83pvdjp4z8r4cw4mztx0yx66n6,7,7,6,7
bc1qgee350dwqv335qymf9v4warrnr7d2nf7efv75u,1,1,1,1
bc1qgfafl3rsrrzeccvaexx8he6rv2n0sak7hz8sfl,1,1,1,1
bc1qgfjcswpdnfqshe72kf5hcl27t7cqy4wndwf38v,11,11,8,11
bc1qgfjkyg3axmucl6ewduu8hgs4nh73qe3ktmnprq,1,1,1,1
bc1qgfkefsjwa6ffzm6ksh66lrvururyrhh7kwg4us,5,5,5,5
bc1qgfm3yyxgs9nnfuf5qnwnczfqguqku7pwrdc659,1,1,1,1
bc1qgfxygffft6q0mrtyu8ng6cw9xrdfl9yz539h5t,1,2,1,1
bc1qgg3c7da96754u8gpn4sp23ndgcue380ccl3meq,4,4,3,4
bc1qgge8mhapg4eklgdychz3u6rfzuumv8ve92fnd3,1,1,1,1
bc1qggmhvdqxx9fvugz6hqvkdrml0hgfjyqlwfzx5q,1,1,1,1
bc1qggqmwxycvfs4d4v830c2hsnnexdsh398mlps5u,1,1,1,1
bc1qggsghl7utaashu4r2xkt9xjnmzwcvwelntpja4,14,14,10,14
bc1qgh9jlke9fhgcpt99xz6y5dn6nx33vltwthrhyh,1,1,1,1
bc1qgk7s6svheajczfxhwuemk4mx26sym2m9p3x7gp,1,1,1,1
bc1qgked2aj286lk979ny3l6s39gea4agx20adtls9,1,1,1,1
bc1qgkkvecdv8g47ezdd3qluumje3kfgdy5hnvhsm7,1,1,1,1
bc1qgks0ypdtq3xrwlgyrfat4u5k8fmdarrlmddpt2,10,11,7,10
bc1qgl3dltxpl924zecaragywgsx7sq0g6fvncvc8g,1,1,1,1
bc1qgluldu8ckea4cztw4fes9u2n9r5euk9fkpyggz,1,1,1,1
bc1qgmrfn5s274aalla0eszmye6278cez5zaus82z2,1,1,1,1
bc1qgnv3jh5xtzul2w3dtd68f3edtj05v635msclmr,1,1,1,1
bc1qgnvf09s7ssnn75qxdknmqfkj9uldkp8ddstxdw,1,1,1,1
bc1qgpce4thsqayusfnf853swymr02l7vyszwyfe6m,1,1,1,1
bc1qgpcqlx0edrzhgtyns2mu0hvsg5m886x5n3f693,3,4,2,3
bc1qgpj26z7t50sclqu4zmycy08f8a9mteme73g20w,8,8,6,8
bc1qgplejf995sfahgszjmecyr87kahl0zjh9m84kl,1,2,1,1
bc1qgq2677vj5jr9wzt6tzeltjzqnx4jalga3v842a,16,17,11,16
bc1qgqec6d2yqfqlvxjxm68sc34rtn03lqcj46sw7f,1,2,1,1
bc1qgqlfprptmlaeh5d9y8n930ngku8du83r00mdq2,1,1,1,1
bc1qgqmh34rwztlrnq66z9uq6ddmrjgyy6w6j2a7nm,1,1,1,1
bc1qgred239n5a2kl78rweea3uxzjrf4l4t4nxhldy,1,1,1,1
bc1qgrm0hxxq793en8erqcpg8zmu07t2st5a8f0sfj,1,1,1,1
bc1qgrr25wz3e7npaxhww8y4ejw56ta4vxs00cjf8k,98,100,14,98
bc1qgs63ha7udsmqe4wjw85ezgn8n2ed5jazvdhfc3,1,1,1,1
bc1qgsen07c2ndry36qm6c8pc60unxfylzc4qmy3u9,6,6,6,6
bc1qgshyfheeyg9fmuncln76v9mwrk2lrsdcttk9ms,7,7,7,7
bc1qgsnsje4fclzlfff2n2p7kdh6vxmg2spt4sq8hj,1,1,1,1
bc1qgt5en7w68v98trcjx626f0gele9t5j0w2zda0s,1,1,1,1
bc1qgt8mpah3qfwvhwnv9q6hu0597n4scdk8p29nr9,11,11,7,11
bc1qgt8we90p9c8myqdy4w9fj4nd8lsrrx2ju87m4k,1,1,1,1
bc1qgu2tf7kzwlwyshwzdhc7azz5x3stcchyscwekk,134,129,14,134
bc1qgu7c5qua75aqw7n3wq5xrkyvpqn628ejsa32e5,1,1,1,1
bc1qguha9pxg8xut0l57qartlhrugd5s8reuek6ywq,1,1,1,1
bc1qgujjxdg4stfjzkl2qxffkzfdvcvxd3rdr0gzdj,1,1,1,1
bc1qguu8y4678fyf0g5efzm7rragpnc0q6gl2avgvj,1,1,1,1
bc1qgvc3nkxj0uq3vsfjx6fmv8la733ftfxtngx7v9,11,11,8,11
bc1qgvjsq5v20tzvkzs4ayltdeasjcaa7a757apq5z,1,1,1,1
bc1qgvs0zzuaxrgzr47nhf4n87m8quju92z5c4pj70,1,1,1,1
bc1qgvz9cu83cl5q9jp8nyer3zp3udmq9g57h0nags,1,2,1,1
bc1qgw5ezggwky9lnev60zksez7qsw4xlhv9u2myzs,9,9,8,9
bc1qgwe9fsh67vfax5cmgcdk9vwd8q5wvjnmayyn0s,1,1,1,1
bc1qgwfpwlszptw6uuh93k43nj3nfawlfmv2wdsdvl,11,11,9,11
bc1qgxl883646kxxqmyld560x6vx2ahkut6x6n6dly,2,2,2,2
bc1qgxrmmlg4tuvjs3k8zeulnfyqvq6d3jvlxps24u,68,68,14,68
bc1qgy2jmumsf8fkve2ra3s5ytcqfq0w9smh6kl86e,153,153,14,153
bc1qgy8wmyemp7qn95l2s964skdcyzkvnqhwjljtdz,30,29,13,30
bc1qgy8yuf3hs8kulw4yf3hlhr4vlvgqz9wzuu8czl,1,1,1,1
bc1qgyk0angvjh85l075edvruuzvyan98cvxcmfxk8,1,1,1,1
bc1qgynld56qql3nml654he6mukw3afg2u29fns5mx,1,2,1,1
bc1qgyraz3dypkhqd9ha5zc6qmuk838swky4epk83g,3,3,3,3
bc1qgyth9rkqgfv4dulq52eu6mc77cll9c0exynt0f,1,2,1,1
bc1qgyx8vyr8k2vxyx562czy2r596f8luh9myttsnn,1,1,1,1
bc1qgztzdkuvmvzfe5202mjd5naze0s6q0q379a6jz,1,1,1,1
bc1qgzwu88fuk0h5a9jt996ttze59zq3svesde3jsd,18,20,11,18
bc1qgzznl8x0gcah6f6xl63zhduu0hxhkre3v8a9dp,5,6,5,5
bc1qh0tzvyc86w6q0970cqanlm7tzzpkg9sxr7qa8m,9,9,7,9
bc1qh20fjmw3kfk5zlnuzvldwcnyuslce0w66jpqm6,1,1,1,1
bc1qh20zp8465rkghdlnfgqy9p856htmezrtv5qcvu,1,1,1,1
bc1qh22hsx3fya37yny6t94ujx5chm9fw66ktmx07q,1,1,1,1
bc1qh2720tmlfu8p6pdw26jtnuy4364l8c0du4d5aa,1,1,1,1
bc1qh2ky8g7gkamu5amt3j8204rcu74m0gwtxs63c3,1,1,1,1
bc1qh38hhphmd8c974urx0etscst2vr8da06t2q4k7,1,1,1,1
bc1qh3u5he95ssczude57xu77a6kqhrd6u4ey3kszf,1,2,1,1
bc1qh40tlujau4axue6m39zx4gzsn2wssnqnwseg8k,1,2,1,1
bc1qh4gg77pgmrnae7utkemnyydkqumjcu2uevd6pz,2,2,2,2
bc1qh4hqmgunmsussxqlaemh0h5xpx7hrdhfjsjjvq,1,1,1,1
bc1qh4p0w40yje2r5j7v286fd785v8e85lmpl2rf2q,1,1,1,1
bc1qh4qpuqaqa57gfh4a6p042e0xcq3rvj99829wkj,1,1,1,1
bc1qh50aw9tkfwgqwrxsnul464fkadqamln0qjzyvt,1,2,1,1
bc1qh568a2q7r0mld7vcwrxkt77vaj98n3lpkfxjjr,21,20,13,21
bc1qh5kyqupxt3aau872uny9dkydq2kzqa98rrsdpf,1,1,1,1
bc1qh5r46k4rfxmjvp2hyjd4yctq2ms6t02zfmeldx,1,1,1,1
bc1qh68h2tz8n5kthhytmur3853gtgx54kw8w9at8s,1,1,1,1
bc1qh6dhympv8fy9nsgv9n43r0g73x4smstfhhggly,17,19,10,17
bc1qh6pjfjemg5umr9vz749982xckthr8h4pn0x4pu,17,19,9,17
bc1qh6q2vwp3u0fltg3vl5xxmgkcuyhy83uua8cv85,31,29,14,31
bc1qh6reg49mkzqv4c4hr0se3mju8jpz8cmyehxdzc,1,1,1,1
bc1qh6v6zu9fn8d7dn9g5ywmcjvmndmkv9n53h68hz,17,18,9,17
bc1qh7kycnhcmxgfav3apa5zxasllltydfve86et73,1,1,1,1
bc1qh7yyfs0h548388vtss4mdh6lpfw35wxj9fgp2h,1,1,1,1
bc1qh89gf2f3yaykx6am5vd80ggw4dw95cfnz9hjpv,1,1,1,1
bc1qh8e6gykm73cdljlr0pd6e0mrgca8a4sp4wy645,5,5,5,5
bc1qh8ga4capvltxg5ku43dnwnpmhxxd2pch58jvm2,1,1,1,1
bc1qh8js9cp3zp74c2ppkn4nvu2jhtgdgt75ajz5p7,1,1,1,1
bc1qh90yzrcnfv5s4ftwrq95lmnyhmnmwl8nxax5xk,1,1,1,1
bc1qh93q9xrrenfta8lpkjq3nwwsl2m7dlw4c4gwps,1,1,1,1
bc1qh93wkx7gvchzsnh2crf04j7f2sz5h0zey8wpq3,3,3,3,3
bc1qh97mgpjm7tcxpu2f9dtf45pmrmnpshsnm89nsa,1,1,1,1
bc1qh98rxjczgvh04e2qx3r8g04mw9elcerfuxeta3,18,21,12,18
bc1qh99afjfch4n6p6f0gafw78upf2w7rzm53ur3au,17,17,10,17
bc1qh9at8cpkpkyk9tryxrdayg8nwstt3q9dacrenq,1,1,1,1
bc1qh9ka9h449nkh2ms05ggx7vgnfs72r2pfyatc5x,9,9,4,9
bc1qh9vyvkm8xuq2lj7vnnavu2tw87cy622k43v8d5,14,14,8,14
bc1qh9x0k2ze4mxqxswwuheafkp7xj698fkn4ad7k7,3,3,3,3
bc1qh9z3esrpng58exl4f5ch0mnlffn4mncjlnf07w,1,1,1,1
bc1qh9zs4lnlp8ylpnzlqqs4asuazykvqmek95sl5g,1,1,1,1
bc1qhaa7dj80ufdzaw5lxdcyuaslhdh2550554853x,34,30,13,34
bc1qhac3lanejmtupad0q7l2f3ypufeafjlfvzryft,1,1,1,1
bc1qhag0hh6xsypyffe3yk8l3a88vq743tca0wpwlw,1,1,1,1
bc1qhajy5a58pzyhnnahytshl073zrfqw2lrucy70f,5,5,5,5
bc1qhc78tkfz9vrcsm8fcl896vdh0zdy07dz5eg7hw,16,16,9,16
bc1qhdj0m26gdnte4yxz478g2sackt7x0dzpqzuv3l,1,1,1,1
bc1qhdpd59szerhwxdjw54tq624dd5y37sz6tcjjm3,1,1,1,1
bc1qhdtelea38e9fk7809ssfq7f89mq55jyj55ex7v,1,1,1,1
bc1qhe5308ptlc8ssudjlv8gyutu95kyjn2thw8vg0,17,16,11,17
bc1qhe7grx8pflaqpvz83lccwh662d5spjvpp4amu8,1,1,1,1
bc1qhednmqc2cuv9xts8m5mv44ajzgahldxvgw0k2e,1,2,1,1
bc1qhelm5jvm72kvk8tgyu2sctc7d9hh97evde5cye,1,2,1,1
bc1qhexqrlgmracky6jrmjzr4jjkxg27gs2y8mmj72,1,1,1,1
bc1qhfee0gq6mq67lmtntdqe0dquc5v82p22dd5zxs,1,2,1,1
bc1qhfeedgpknk4lymqgfr7jhvwrn53gljn7drevfe,1,1,1,1
bc1qhfs26zwtdmt6k3h7f8mxnh548rc9fndk6elhmv,1,1,1,1
bc1qhh0rtuax7e2ep9dxm25a0kvz7ak0r6rmze7yn9,1,2,1,1
bc1qhhwfh5s9rwrhvxr270w8069wwak95qkatyrddf,1,2,1,1
bc1qhhy5l2m94cf69kxm3uw720janknr0vj7a2qm96,1,1,1,1
bc1qhj3f8ktne65c9qwun6fyzc3dc427gq6ynkn3er,1,1,1,1
bc1qhkkzsl9g9xfa4r8t5lmpkjthdc0e3ynwlp0t08,1,1,1,1
bc1qhkp3uapm0rpdk4yjmn7z7ky274qf7kn827yra7,1,1,1,1
bc1qhl3rdsxm0uq3zmmwmsc00kgvrghem4k6pkghr2,1,1,1,1
bc1qhl9zpkag8rq2rklynx0zzsu0nu8uhx0uzm0nrs,1,1,1,1
bc1qhlakjuf9vduqxuq9d6d3yp09mc4fng4aje9sn6,1,1,1,1
bc1qhlcvd2mhqexcawta7aac8h7jjfa34w6xnwah0v,1,1,1,1
bc1qhldvv23wmrzy5gsmjrfn2g9aaa5l6gjdskxkk7,1,1,1,1
bc1qhlkej5ygrwn8ncwx0wgf7f3jnyj7095r9q8u39,1,1,1,1
bc1qhm4eftecjnvsrzcyc5lz2ltdvkglzk0tpgr3hd,1,1,1,1
bc1qhm7gzdmaaq8v45rafjr34ttevdjy8pqtgkn3e6,1,1,1,1
bc1qhmal8l5rqzjs72r8u9c50ckaqglpae3ulrmyp2,1,1,1,1
bc1qhmd0cp69p902dytvpwel2mjuwz96zv4pd3gzef,19,18,10,19
bc1qhmd6lzn3u7783zkuarghp9hhjsjz5a5ghcdls3,13,12,9,13
bc1qhmy458nn65ejgv6ctneqnjdm5auud729j490nw,19,18,10,19
bc1qhn9hzrfu728qn4zacpj0h6mz4zw0u3m0dpe7ud,5,5,5,5
bc1qhnhradfha96tr7726ghtdgze6fug4zlqygzqjz,7,7,5,7
bc1qhnu7rc0t40grf5n6967j6uuymd69w5j5gy84ut,35,41,12,35
bc1qhp8qq0qq4vafe72frvqayrym22dace28h3ykyr,5,5,5,5
bc1qhpr4ysymymsnvkezdaxnxxap7789rdt9eefhwe,1,1,1,1
bc1qhptnze5yy737y9are3kumev92srupnn908r8x3,3,3,3,3
bc1qhpzk762wg9qnlx2ttkeavqjpm7fyypeurpz8vj,1,1,1,1
bc1qhqm9j7vxpd2j978ne7ls9cthchtuzsuasw3rfx,7,7,6,7
bc1qhr8fsgpggrk4qncak9q66cnrqq6j3z3dvj4h0a,1,1,1,1
bc1qhrs5sl42uw7w9ny2nzs78m9jtptpf3hzjt63xu,1,2,1,1
bc1qhrxhhuw2tft0gez9akjfed2r9g3fdnvz6934e7,8,8,7,8
bc1qhs25df046a4c3kfxpzk3glapshm7h8czrs45ta,1,1,1,1
bc1qhs8hmprx3w0d32wev4u3q4nw3zurn2my96xlsq,1,1,1,1
bc1qhseqhf9adgy0dq4u2q22k4ledrdlzuyq6gv9kj,4,4,4,4
bc1qhsqurp9m8f40gh98cc0mj67e0m2vk6etdf34fe,1,1,1,1
bc1qht794fa8wyzafmy75j985nvslekhhur0xs2kux,1,1,1,1
bc1qhtpte0gqzd920lrg7sym64d4w8rl53mfxydpcl,1,1,1,1
bc1qhumh9hrfxes4g9n8h976069pknqwrvfkwh54hv,24,25,12,24
bc1qhund25c9n2xlljjcemykar2hademhtus7nsn8h,1,1,1,1
bc1qhv6xh4tqdux4jgeyq0ekadjp74haef52v02n4t,1,2,1,1
bc1qhvc2fq7wckhvatg0l6hkwzuegj9ee2a5fjvq95,1,1,1,1
bc1qhvde4unlzxja8tqwwgckm87cygce68c2aupmck,2,2,2,2
bc1qhvqu4pkpzx5gskqnwvnehq39a3kxrvmmsk2n7h,1,1,1,1
bc1qhvrs35rqtqgc0lzdnkr25euer0r3qd36aknyf0,10,10,7,10
bc1qhw2h2x2wfmv3rejc67a5gnqysndyr6gf720e26,8,8,5,8
bc1qhwmn04u5wetfvythz8jsx23l48vlke9wp0gt5p,1,1,1,1
bc1qhx2sdc5hh2lar6gg68hcspmptlm8pq2wkygpsh,27,26,13,27
bc1qhxhxnxhnrrne4mqsch335caahhmy20jpz95gtp,24,23,12,24
bc1qhxpmt5z3zlmaj7l4nnzntuz7glx4c4k8unye44,1,2,1,1
bc1qhxxz6czvjvnaly56ss98dez5k3fhx2mh8z3vuh,1,1,1,1
bc1qhyeaj4vds3qe0xgkacp0ezr74wf6j0nlq0mzk9,1,2,1,1
bc1qhyxpmaudy5zs0xmg9v3gy8e90k7ta8xryq3e8t,1,1,1,1
bc1qhyzlyz268daf57q6ywtwc8d5tzdgj73tkak2rq,1,1,1,1
bc1qhzryp5dccw4p9k53u4zdl3n0dqhkjvuu8pax7r,1,1,1,1
bc1qj0dvax3spn8pgfs7yzeskp7jwmkdkayfn834tc,1,1,1,1
bc1qj238j8jq9dhev8j265fq82pxunzfrnnmeehnyf,1,1,1,1
bc1qj24d42kw8z89mnrhcxnwy80t3992lwt8d5ne95,1,1,1,1
bc1qj2ddfqu9r8tlu9mmkqnl8dkf20wdn038usjrp2,1,2,1,1
bc1qj2fu3a3hgmx3uhmtgw6p59my30ekz86dyzkke3,1,1,1,1
bc1qj2kr9fg8hvhva527yaee8c2jgvdp8r7z8uajne,1,1,1,1
bc1qj2vf8rnv6mzfhla7lqgha2nj5mqcnj8k4446cj,1,1,1,1
bc1qj33hh8nd3jf9yxa4ssj47j29ntnc08hy28863l,20,19,12,20
bc1qj35u8cm7pkq050dkswzd6j8nfd45tmdepl80ad,1,1,1,1
bc1qj3e8e0qefaahqpmkrpf9ydw7yhx4ccxunmfum9,1,1,1,1
bc1qj4cr4pq0kjnu3ngpddllq23wfn4y4l53zf3n4w,1,2,1,1
bc1qj4kaupqm20s53263zl6p5dr9grw0p80l9cfw0k,26,26,12,26
bc1qj4ywg07pgupjtntlyqxjzyyv7qy3ddc468flhx,1,1,1,1
bc1qj4zaexuf3n85qfx6sxlv8s768atphp04w3dce4,1,2,1,1
bc1qj6en5kq3feudukevn9z4cgjd9n42pps0nm8rhs,10,11,8,10
bc1qj6j08x0rpy0u7kvdvzx8usk7qx0yektd3cwnkt,1,1,1,1
bc1qj6kqyql0gfyrjxlq5pn5jxyjfhws88rg3k4742,1,1,1,1
bc1qj6t688zu6m0dryc9ynnm8jhc9lftxcyqx0mmja,1,1,1,1
bc1qj72apw6d0ynw9m6t7hcm5k2dkswsapj225q5nr,1,1,1,1
bc1qj7393vcyshysetucsca6cn4c5u5yzvyse9w8hx,1,2,1,1
bc1qj7g7uq9psdfm8j0n8r06ay8lp0fjmqk06t9hyp,5,5,3,5
bc1qj7j54qks2eu3d7e96vnqfzd4ek07nkrjfrs8qk,1,2,1,1
bc1qj7j82hqpv8dvdw47apfgkl0trz5k5hs3wjvvx4,1,1,1,1
bc1qj7xyk5tty849u9qupma7mv8dxen50vvej2k5qw,21,20,11,21
bc1qj7z4qzjfyktppsryxvmt6eld990uaxzslna34e,1,1,1,1
bc1qj7zgmvmrc2z8egz79m0489s2gtj6fn067qy6lt,2,2,2,2
bc1qj8heu29x30rt58hdqqf3kl2fkfum25eq59enye,1,1,1,1
bc1qj8ls8a2p29gue0a57ne94wqvuravaxyvn648ya,1,1,1,1
bc1qj8mr0g3lc2mkmuegyvdk7paqh2nzjf0xcexmtv,1,2,1,1
bc1qj8y7kwd3mqahkghrh72yy8h4r2fhyz0p3gj370,1,2,1,1
bc1qjaaqkfe07nej8c9e25jh30eqe0l8dukhtz63v6,1,1,1,1
bc1qjaem7msp6d0rwdjuvswvjgx28dkmghdjx6n3v5,1,1,1,1
bc1qjagdvn7neutxpe9xm8jr7hmn8y0rn3dc924lne,1,1,1,1
bc1qjatvywluvq6wfz93xqwa9dea9pkau373qns65v,1,1,1,1
bc1qjauxj4qjjm73w6e3p5p4gf2ucg3l47hd8yne8z,1,1,1,1
bc1qjaweclm48ctmv0sskhtkwxpf5zyz985pnlt6lj,1,1,1,1
bc1qjc20x9mchhcwmwqrjvv5z9kejqah4ej9scud4f,25,28,12,25
bc1qjc2mu588lms4w36k5ykmn8eum0qrdktr8evz95,10,9,7,10
bc1qjc34ezdnscg87f3nt0dm2t02jcv8h56m2sn6tx,1,1,1,1
bc1qjcy4036lc6g6t05cqhwqgcynpghluqdcer4re0,33,37,12,33
bc1qjd30u0usuzldn6pm2u209zwgunxmt547kus7pe,1,2,1,1
bc1qjddce5sdj2u7e79fer2xvetjya6fjxnlsd8vzt,1,1,1,1
bc1qjdr0lrflhnywqdkyp4afellcls7yzlt997krh0,1,2,1,1
bc1qjdts4rlvr32exr4cefyzmjfs6w7ztw3kdmspt2,1,1,1,1
bc1qje95y28mleq6z9pcm5u2ngh6hgd4sznj4pwevv,9,9,7,9
bc1qje9czkrh00wtt2ajtn7n88r25vty3wk3gqs0a8,1,2,1,1
bc1qjez6nz77mluunrj9whg0nweem3qlh8uqcrl625,1,1,1,1
bc1qjf50r3gld97y2chlat5h7l73ezdwvu0ednmc2h,44,42,14,44
bc1qjfqgdta9p2agqq6t2dn9dt2c2pge3lrjuqwucm,1,1,1,1
bc1qjfr5ck6uaynvdmpzzxz9j6xrdflxdz3e8c0867,6,6,4,6
bc1qjgqqcql3vfhc5akc3prgd662hrtt58v52sddck,1,1,1,1
bc1qjgscacq26w9cttrpm4xkeyshvavze3vve65tr4,1,1,1,1
bc1qjgzsxld5wjvq7yn6mqp0483rddwx0vczk7fruv,48,45,14,48
bc1qjhgf645h09yy4ys7l9sd2d5radvlwuqz9hg72z,1,1,1,1
bc1qjhvyzwj9wxc3ah2hkd3y202ac3w5rwz5e3yd5d,31,32,13,31
bc1qjhwrq2p264dpg8ql35rxsl95059rqkd5a84mcp,1,1,1,1
bc1qjj2wlajsr6lt7m00clmnpznrzv35gxk9k8llfx,1,1,1,1
bc1qjjhm62hc0e84tlsrfpuaj5wtn5z0un9xcnd7vs,1,1,1,1
bc1qjk9224dap8r0ku3w98zpntsez8fksatewx4ryq,16,16,11,16
bc1qjka0k6xslwkxsthvxy6l4dcgjj6shf4vlpfa2g,1,1,1,1
bc1qjkevn99levm8v5y49jhnuglm2f72kgdsxxq4vm,1,1,1,1
bc1qjkhmf06t2t9c0lfwasasqaj2yuknmsanvc7x0c,20,19,12,20
bc1qjktncqe5ky6e4p7psyjw2ns3qqqq7mfn5rqscs,1,1,1,1
bc1qjkym7xjh6wep8qzn50kc4r4qyhsg5jwq08z7y7,1,1,1,1
bc1qjl2k78ug2uqgwssmsg9wkk5d2z3tvzeyf759ap,1,1,1,1
bc1qjl67r93cg6v0pck7lk5c3tp5wp3r7kw2x003rw,4,4,4,4
bc1qjlmsh9hjwpn6v4cvqjz9jca6f3pqrjcdfhe86w,1,2,1,1
bc1qjlpsdq23mafdt26yvkk3ts9c6wsdzpwsevsjkr,1,1,1,1
bc1qjmaqfytegaltj0tqzt4eyxc59m7pcqkx8yhpyk,1,1,1,1
bc1qjnpx2yu4mdnvey34hz92ps092mmmaukcjevc0d,30,31,13,30
bc1qjnraefynwzjydn8pdl5f7gzm5cn2gjq4frtw4w,17,17,9,17
bc1qjns4dwecch85sqws95p7l5kjzph4h7gk93c8tj,1,1,1,1
bc1qjp3ukzzzn4nzgg7pezcnn04mkzweddejlg2nh5,22,23,13,22
bc1qjp9lahpccsqd0557hz9yg7glqmj7apmnwdjgws,1,1,1,1
bc1qjpalmrpdfh9rcak47jg79afupkrljw6rdel8vs,1,1,1,1
bc1qjpsy46dtp8vn9392km82lk8wakrprv82q9hw9g,1,2,1,1
bc1qjpzcnx6lc7kv4lf8q47swc4m3kz3ukgcx5cly7,1,1,1,1
bc1qjqdcjhl9m7xy3e8l2ypetr0rl8lz0ullqrhh0k,1,1,1,1
bc1qjqf8n0wlzsd25z5wflltk6rhvfya6faxy33cp7,1,1,1,1
bc1qjqwpndls92mqc558q6xaqldd90gnz27hjtkzye,1,1,1,1
bc1qjr5mjacx2a8fzaef3zk22sga5m8u0ufr97py8u,9,8,8,9
bc1qjr7eyxp8hss3885dq2c8hf8s77g8zpc660yjy0,1,2,1,1
bc1qjrtnce20hk4tpyq8hnnnnlfqu3rhxaqvg2xua4,13,13,7,13
bc1qjrxtuyrftgcyl3xnnrr56gstsduy7hkcnv3mjl,1,1,1,1
bc1qjrygahelkj4dwlv790vg9admmq2r5l77p8njp8,1,1,1,1
bc1qjsf489z5s45ygjxhgm0nsqym9urcs8nn5d0lkt,11,11,7,11
bc1qjt0rpfr9nhk2frpp27puzeh5vl9d0we0uw99xn,1,1,1,1
bc1qjt3g5sehdv0479umhv33p3uaf7ufpglaynqpjc,13,13,9,13
bc1qjtctw0u8z2qfvkmqz0aygh2h32ym9f97hepsd0,1,1,1,1
bc1qjtgml506va92cv62hkrf249r5y5x4dq422kvrk,1,1,1,1
bc1qjtlnpc225qu2k5wtqhghy5hr8v42sa99u7kqh8,18,19,12,18
bc1qjtv62gz0vnajts6dxpnwu6epz5f3crf9lujyas,4,4,4,4
bc1qju3dymeqx8zqnmepudf6nnuv7kh397mrpvlx6j,7,7,7,7
bc1qju74c6dl90u7qp40tytfwc4uhvlc3j4825cf2f,10,10,7,10
bc1qju7hwczgrsrxg5vgkcdjzru5f9rgkzn3uvs2qf,1,1,1,1
bc1qjuf7x6wk5xgn2cetyhnf2c3raznyczw8c37mtm,1,1,1,1
bc1qjuffq42xa7ztr4qrwhx564q94fhqdz0vx8jf7j,1,1,1,1
bc1qjul8p02nq69w8a8flj36770afcvgy3643qjnlf,5,5,3,5
bc1qjurqhtp2yunjxhdemnqtwkqzj7plq0pcz3ay0q,1,1,1,1
bc1qjuvyasd0ap7zdnftngf2tg72ur0605x6eae6y4,2,2,2,2
bc1qjuw7slj0whs5hanhvun9tscdjthnhldarfu9h9,1,1,1,1
bc1qjv2jfsxa38hny994wgdmhqz2g7deu4k965xygv,1,1,1,1
bc1qjw4tu322dr4ks2fye0y6ry9vzxgt6gjq6ypmat,1,1,1,1
bc1qjw58qrcql6refcfx06dkfcsxtzdj74v0m5rlqe,1,1,1,1
bc1qjwmnun9rh9lwkyx0h2q3nme5rljdezthzl07zy,1,1,1,1
bc1qjwn8t9ydl63qsae76g69ld05472xh5nwukap2j,1,1,1,1
bc1qjx478363gez9whc9696wsxx954pftl8v320kqa,1,1,1,1
bc1qjxcx3w8ly728nyfmsf5fz4punq4f3rfkxke9ln,1,1,1,1
bc1qjxy79cr0vwrhjj9n06mrtpv9w7r2yz06l6laaa,6,6,5,6
bc1qjy0ner87spz46sv4rgd4r0lyzky697g3zxzlwk,7,7,7,7
bc1qjydf8qxthk335uv52cszuxn9vxzsmhflnrskms,48,49,14,48
bc1qjygphkjrg36aymzz8klnx4yzpt05vuyjw8pm3z,1,1,1,1
bc1qjywg7rmm5xsm6rxlqk06azx4h2tcnygsch4fhl,6,6,5,6
bc1qjz654drys2rpkdd9exzwk4mdze8c4pj32m2n73,1,1,1,1
bc1qjz6fyj6xwdksuv07r255kevj8s8kaa8rusgfvm,11,10,9,11
bc1qk00pmq8vhxnrql2xj9gl7e0h4nr5r9g8wr42jt,1,1,1,1
bc1qk0uc48e7n9vm4n4gr9jlgkz0r5t2jqpxgyws6x,1,2,1,1
bc1qk25p99u7u5pnazqetg5zyul4yajztvw6pn3lpa,15,16,10,15
bc1qk29z4y6j92x7vfrdcya340tmmumc7rltmuur89,1,1,1,1
bc1qk2l5qadm90tznre022vctxa9x9dp7w6c9ea8um,2,2,2,2
bc1qk2nhlz8wx8yuk8l0dhv6fjt8494mnnwl7yayw5,4,4,3,4
bc1qk2pr49upsgydkkxcwq56xrja9aqqv9p29a9qzs,1,2,1,1
bc1qk3k67zqlc289eg2x8xky5yav2nw29f4zrywx78,1,1,1,1
bc1qk49wvrvxtdtsg66hvdq5dk97qjy8ktw3s8zrwq,1,1,1,1
bc1qk4hel5dz07zgy9jz2xdx6ymzxwn46zlu9qj893,1,1,1,1
bc1qk6656vkcs5nka46knt38rdvytukp4uqkmd427w,1,1,1,1
bc1qk6jkmnlm6k5llq586hrea634yxhq5g46aqn2ms,30,29,13,30
bc1qk6p47d7jrpu2cxxzkz6rqucjpft0cltzr9ezvd,1,1,1,1
bc1qk6wrc6707n9ezf8ut2dvgzm9mvfs5y9ce53aq6,11,11,9,11
bc1qk6xlygkn7zv6qxvkl5wln72eqkqjzcrx223g6a,1,1,1,1
bc1qk6xqdgh25pzfprp4ss73dpepvuc75c2a7dwf3w,1,1,1,1
bc1qk7ack4tn9xtc6dyjmamfplypfh76l6v4j3mn08,1,1,1,1
bc1qk7pw55qx6s35m5u9usjtz5srh9h5673qtr8el5,5,5,5,5
bc1qk7u7xm87xchmkeea6jzc0vj3pphf2jgchvavtg,10,10,7,10
bc1qk7yj9u3tuzxnclj8u404vg2xyjlehpaxq3t6ze,1,1,1,1
bc1qk837qr508fzvvdep09na2erg5zn0p64j2tg4wt,1,2,1,1
bc1qk8hcr6sr2gwlzps9ntmpa4u4lvtpe4mzstafty,1,1,1,1
bc1qk8y79mrwed6506gxs5hrclqrpngnstrjcc3mml,2,2,2,2
bc1qk92zpprq26yqal3xmklsgknra4tz38xa0vfkj5,1,1,1,1
bc1qk9j93wx8yhzv4v4sn3vgsqnjkeeq7fewwd7waa,1,1,1,1
bc1qk9rk3t4m27dm3vv8m9fqf67jf774x5weugrukz,9,9,6,9
bc1qka4hpprsn3ykmc0zhu2lhmftp28u5tdp5vap8w,43,45,14,43
bc1qkap9ljd5u5fg4kh6p3mqqx48gdcf3tjj7zqgk8,10,11,7,10
bc1qkaq66jfjq9tlvwx663gssl8z2vmp9z6jks04kp,1,1,1,1
bc1qkc8mkk9stp8j3j2jt79m3u8pys6n4ct6yrqla2,1,1,1,1
bc1qkch8hcazx9aj30ef2zcy0x7hjkag4mqa93u6mp,1,2,1,1
bc1qkcrzj8vx6elakf7qu8fuaxumd5q6jta2pjdxl6,17,17,11,17
bc1qkcttna8rvyj0axrj5tcrezpa5raa4f2yaq66lu,3,3,3,3
bc1qkcvf4fsk60xeptpqwdnmujaeqj9xlfvff2d30a,1,2,1,1
bc1qkd5hgnu3pqaekvvwfraxarvxkzzw5quulp49y8,1,2,1,1
bc1qkd6xfz7sw275222qx5ggmsmp4k2e6n5mn2myc5,1,1,1,1
bc1qke67q4v0z49vcreetnh69yzvqukcdpsrj3xcye,21,22,12,21
bc1qkek9u98nmzrhzqts3tulkarwpfvp8xf4qyezl3,11,11,8,11
bc1qkexgecuwphhldaxv7jz2gdjcynnectlmddqj8y,5,5,5,5
bc1qkg0a9ncd5mnkrmgv26yerskleqx9cnx6929fsl,1,1,1,1
bc1qkg63nl24rucnqyz5enq84spw7ryr0jnp8gkk8a,1,1,1,1
bc1qkhvfl4jjewp6dtquv63ktpr7wf43qgq89u78pc,1,2,1,1
bc1qkj9el7zeqkggqtsjpuhv0purxcsyzmup3nv2a5,1,2,1,1
bc1qkjqm3camhylf7l5w28gdc54mjsxsvqpyhqdtsq,6,6,5,6
bc1qkkkewfamx77gtxyst3u403j6jqfhulx999htvk,1,2,1,1
bc1qkkm4d07770pvxcl7x26xhj7fqxfsrghj45pr4j,4,4,2,4
bc1qkky2vm6cztwf0hxy042t5sjhupd97exr9d237r,17,18,11,17
bc1qklmpyjsdk92lu0hn667hrgcs6ctescw6ph2hg8,1,1,1,1
bc1qklrg95spk2lf50yeuk09ev9gyhk8lzfraldhnv,1,2,1,1
bc1qkluwq6fnnmhjwl4jhek04y97kq4p8jqkzmpahq,1,2,1,1
bc1qkm3aj3qh6p4n8qgswlcq6p70smyy8z4vdepjmp,1,1,1,1
bc1qkm4u2vm86rymyx0m3r64zhynzjll0kz08najyc,1,1,1,1
bc1qkmpsfsep0j2l043dz3k5z4x5c006csfk3y5fpx,1,1,1,1
bc1qkmvseruug2vxc4j8w8hp8cjat0f3053shc88e4,1,1,1,1
bc1qknjsem4f32a43z7uhlq3esnp6xmutn4easuxda,1,1,1,1
bc1qknjx9eppgvhpeuv2ze7aq903w0u6zs3tr96av0,1,2,1,1
bc1qknkuy8k86xgxedeh9gleyfwkua0emjqv82um6x,1,1,1,1
bc1qkp05hhxrr6epkm77txvmpz3dzpm0wlg0m8qlu2,2,2,2,2
bc1qkp54t4m27tccfdf5u2l0n627r3atv0ssm6exzk,3,3,3,3
bc1qkppveuqeztd43c655uksje7r3ve5rs7cmqs58u,1,2,1,1
bc1qkpsdar6p04hkwms5suhu7sgkj2rndc275esl5r,28,30,13,28
bc1qkq33kf2r3vqg6ul8u9efkxj0meleuym7cjs2tl,1,1,1,1
bc1qkq7nlytv5632tu3j452ahgd0gjc6rfq4xm8sem,1,2,1,1
bc1qkqeslfd2h6kuetx0uey7gyj8yg80pcm8p6t5qy,1,1,1,1
bc1qkqkqqr59nn6fzn7j5ssc6n75mqmvz29mhmpnqa,1,1,1,1
bc1qkql6ph0ujzw0tt36yvlyph9yp769srp9u9vjv5,1,2,1,1
bc1qkqlrkplnpmnms9qwc6np3xzm99axrv2r0xa62c,1,2,1,1
bc1qkqxce6trcdwm8te07z74gkmpry63puumscky4j,1,1,1,1
bc1qkqyldc5sgetjxastrtfwwn4xyqzz6zk0q6s0qf,6,6,5,6
bc1qkqz7a9zmrnnvumwwqf3vjkqzlrc6my5fmwnz4n,1,1,1,1
bc1qkr0ume3ynnv6urdfe5esqfxfa2qem2ps0veqe4,1,1,1,1
bc1qkr6sv2fth7pzrlf56qk8wfgc5r6euqjelxj26p,1,1,1,1
bc1qkrj50wgnly4fyvm5w8s3z8td6lghseexnkgj40,1,1,1,1
bc1qkrvlshfxvjy7s25sxaynympmxqft26577096a5,1,2,1,1
bc1qks6plpdkpj7qskrautpqx2d7n9xxav3j7vg0qk,1,1,1,1
bc1qkslu4axrnzqpw9lj2pgsc3upvfv4ttnp8xu77p,1,1,1,1
bc1qkssaz30vs65cagcrtxdypmm6nr57nwplqdut40,93,107,14,93
bc1qktdz4vqmlwqwrwjpxm7aefy8p4qlxazkljnk3p,4,4,3,4
bc1qktrp3p2m82zrv5uzhj56eejrl0euzpw5l0tsew,1,1,1,1
bc1qkuvk6pj9faygvpeaw20jpteha8w6aa4ve0aw89,1,1,1,1
bc1qkv5wcx9ll99pf3f3jtye2r6k0xleh7wr46j2gx,1,1,1,1
bc1qkvtjk5lu9cjaf246ey924w55j3e3uhu62tpg0s,14,14,9,14
bc1qkw0dhp8et6g5yzn3c8l0zhy4xdwgpeuvrfjq7n,5,5,5,5
bc1qkw3ynsksvvxdhxq9dt2wqym86lxurvadk9t097,1,1,1,1
bc1qkw6xgueuet2klnl3hzru8aww94lxmz3tc9ssu9,20,19,11,20
bc1qkwedcngmwu7rgslnzccvqlkvjtgcqp07cgansx,1,1,1,1
bc1qkwnsy784l5kl8emwtg360pm86gyhm05gqqamy5,3,3,2,3
bc1qkws6uhl0z386wfgsug749pw7cxkdndyangt4ad,1,1,1,1
bc1qkx6ausslul0pqfw0twcsynlr5zmvjesxmufp5d,1,1,1,1
bc1qkx6d3t24x0vc88lg9ljz8mwxqht9j0mtywlmyh,1,1,1,1
bc1qkxv82gmw72j0hd4la83ga83vk4vsd5s49klja8,1,2,1,1
bc1qkxwqppgtu07cz4znlkmamd0u3ysak7kskh2zah,1,1,1,1
bc1qky0g7pzr3e6mxn4py8rula8szps0y3q50y5tzs,33,32,13,33
bc1qkycsruarnx9dhv706h2725eua7r4hnz79tcx5j,8,9,4,8
bc1qkyls5gawkv6n2wkapqj92xg4x86yt5kpje8zra,17,18,9,17
bc1qkyx07r06cmf36wva95t9a6nz3sjy2ejl0u5pn0,1,1,1,1
bc1qkzjnqt8k2aaq2352khdnx58v97dee3llu45wkz,1,1,1,1
bc1qkzrxsyrswz9znnclu0vftcscg0lm4qwx9f6p73,1,1,1,1
bc1ql0d7a6u9q03drtfrkzfzn49rx6t2jtahz9n5hc,10,10,7,10
bc1ql0mm77gy5clrtkyumqh4tu8t699d2mvnw7z4cj,1,1,1,1
bc1ql0y677m28zhxeur7zlg8m04fqej7amvnq9styf,1,1,1,1
bc1ql2ates7rtkstlek69w9thruh4md95mxfdfgueg,1,1,1,1
bc1ql2e6sk35pj5dm6njz6499sxagnglkqcm84atnf,1,2,1,1
bc1ql2nrnuvrkayfacuqmqu4d9349x3h98wvhcjaze,1,1,1,1
bc1ql3d96ns3u5at0vujygwz85phmxwzhvzlnn2qsl,1,1,1,1
bc1ql3fwnsgf6xe25ydhhzd02jw7es6yu5j24y8j7a,1,1,1,1
bc1ql448ntksjcm4jg97kmg742qq86yud3naj5tw58,31,29,13,31
bc1ql5043rwce09auu9lu58lpxe6zq9nda4hrwa47h,149,151,14,149
bc1ql5a33ae5uux5kdndeurdtsl7nct2cxyg2g5f7e,1,1,1,1
bc1ql5zxy9pqr495kvfdnyh5u74tjnx2f268627308,20,20,13,20
bc1ql6ect2xjkqjg5kpdnnca8c39rzzlwutpt5758d,1,1,1,1
bc1ql6plklj6qh7u8pp3uesjfmh4mnvswzkgsgqr94,1,2,1,1
bc1ql70vn8se72c88u08x6pkkxy0laxkxu39ncwa47,1,1,1,1
bc1ql74pclrsmvjys73tmat485khyprvgd5ktpqzct,1,1,1,1
bc1ql792l3fvcw3grkmtm6pj8hj5t2ykwdj3mgarh6,1,1,1,1
bc1ql7c9422hwdw2raknzfqgaszzuw8du5qfc7wzt5,1,1,1,1
bc1ql7r0wywmsp0m5uymlfwypyz9kk3qhlsjlpw9lx,11,11,9,11
bc1ql7y8z7c5a65l5wthqsn808atygkxy926633g9n,1,1,1,1
bc1ql83ggezcl78x3w8u7ue43lr3kqcrlkjja689at,1,2,1,1
bc1ql8dgxnpgnaq29j98gan5glydm7hlcjmvy09zln,30,29,13,30
bc1ql8escukmgtna6z7g47ukyv9536vmlmfxdmqmfj,23,24,10,23
bc1ql8gv2tpfdv0h6cgv43c4uvkd9uq5ke9cj8zsvh,1,1,1,1
bc1ql8tden0983z46qa478nkgyqajd5js58ds8xm4z,1,1,1,1
bc1ql8v4wnuvfsfrkarwmhht57plt72qsmyyuf9w7r,32,29,13,32
bc1ql8ymrhs2eydsgprcusehsh9784xvdtje3er245,1,1,1,1
bc1ql9cgyjqn7lk72mm4xkthk4jzkgfpl9tf9x36xh,1,1,1,1
bc1ql9k0zkj6xzqkw0wl9wgdd7km8lc0vv4j42szql,1,1,1,1
bc1ql9zwmx4nmn0a9jrwyphgdjnt5qwjnuzj48dq9e,1,2,1,1
bc1qlafjfz5n837dljcr4fdwrtlen2pe4m7keeyjjv,14,13,10,14
bc1qlc3g77tgwd0d0hy3t84qgy5r4nq964w7wglgx2,1,2,1,1
bc1qlc5f7rrrce4ssw2cclmskk0q2gu8t3jrc462xd,1,2,1,1
bc1qlc5h5cf65szwjpx3h8asfru0uj26m4kgrrfrqc,1,1,1,1
bc1qlcp4ehhzle2hqc4g2es0lc2xf4xhkrs5e0jfs4,1,1,1,1
bc1qldakafwxmygf905xxy0drxp74vhztse3jx2dgg,43,40,14,43
bc1qldcglhp270mnq0wk2yee4fkxtsuf2gfgaz98yc,1,1,1,1
bc1qldcjlpsnzckjkf4vhaplchqsetq75mftu826pg,20,20,9,20
bc1qldj80c4tvqm9407pxgs2js62md2hxjnyyf8q0y,18,16,12,18
bc1qldytx6870elkh0pgcncer5u423vy6jcrs5urxw,1,2,1,1
bc1qlefnq8prpnsq5xa2xcrm3ru5fjzz8vnefnqnq3,1,1,1,1
bc1qlellwrpm5y3678lkump2jv7kuww4agjc6h72dj,8,8,4,8
bc1qlelwdtc47hkjfjmstc7zmc54cz29vv57sl8ph3,1,1,1,1
bc1qlemmzx8gmpzvrdhce9pcfay5dxtds4krmtmxll,6,6,5,6
bc1qlemrnms8uh74h8tmc9fq4svamrajz8lahrhsm4,7,6,4,7
bc1qlev00y3m5986mhkv5kpn2kufuzwvhf98r0fjq4,6,6,6,6
bc1qlf3sdmrcrav9qkxkpayry6hv4hyhvfr2wh03f3,46,52,14,46
bc1qlfxxg2dynsew6mzt5h34u4t6klzrk6gjjvfz99,11,11,8,11
bc1qlg09h9tmfsre88vvy36256xdqdq85ze7zkqxvu,1,1,1,1
bc1qlg6jzruew8623r2ujlr8xvygh2rmt27w26rm6y,1,1,1,1
bc1qlg9asy7a9jlxg20uyvs0nyen6j8pfuycd7v208,1,1,1,1
bc1qlgfq762v88k2gwffttfjq375fvknzq39z3u8wh,40,39,13,40
bc1qlgvcl6l6ul29pwjz3wj2al883hzudmx0nzusk9,28,30,14,28
bc1qlgw8azyg5w3lxd6fwwf8jmwjxgsyflr4q8wc43,1,1,1,1
bc1qlgxuq2678cyjjxk8nakm86zdj5fep6t2a5eyn9,14,14,9,14
bc1qlha80lqhsruz5yzetm7y5j9a2wx7dpyez6hf6h,1,1,1,1
bc1qlhghwcs8jz4h8c5wkavaaldqecshev74tpcg0u,1,1,1,1
bc1qlhx7aanmjguy9ker4027qeydmf7z7z77xz65j8,1,1,1,1
bc1qlhzqlazrv8ufxywhqjvd08h66sp8r9nep9vd5t,6,6,5,6
bc1qlj39u958pgx0ythyf09yqq4yfa4x8rgv9t99qm,42,37,14,42
bc1qlj758f4me2m3nux2gfvyz8p5ql52tp35lut7am,1,1,1,1
bc1qljcde28seazdy5eumm7xpf50mcpk8juyxf445n,1,2,1,1
bc1qljkkvym38d8ycs5u88asx8s4ygy69wwkdxjl29,1,1,1,1
bc1qljmwxk0spfe8r845fcd2d9zu477j6fzhjgp996,2,2,1,2
bc1qlk6zc77smx6s77kzng9zwpm8qca7jl8f5x67wc,1,1,1,1
bc1qlkdn6ws67j3s0asmv3udj5nuynmk4yc7yv2drn,1,1,1,1
bc1qlkm0qc6jduw05csh42z9vlx7nm6lqjrdp2qjcm,1,1,1,1
bc1qll0q922pycdxhtpqf0xhfdyv0edyjqt92lzt08,7,7,6,7
bc1qll4p9dfhg6un3gtt9mcrktvx3uyjtpw5aluw8t,22,24,10,22
bc1qlm7nva5q236t3g568uqk5rpu5246hslg08h5xg,1,1,1,1
bc1qlme2dxd3leqjwa5zyn7dqewlstxpzukvkrjmvv,1,1,1,1
bc1qlme7nrllgyzu4tjrp0dzhyplfjagk3tmkjymdt,9,9,6,9
bc1qlmmxsegzhegq97h0qu66xm47fjqn0nls825wyv,16,14,9,16
bc1qlmvv363jeytn5eavsh0nzj7cwq3cglqncqss5q,1,1,1,1
bc1qln2q5tg4avrlv2x6ehexzurey8l9dsqfkzp63t,6,6,5,6
bc1qlnkjvtlnkaf3ewuz7puzkz0793ly0fs9lh4t7m,1,1,1,1
bc1qlphcuq7zalf4jpnccwc4z9waf2khexem7kxxul,1,2,1,1
bc1qlpwv8d69yv0tmz7tykt77vqjmt5y5t8un65d5w,15,17,10,15
bc1qlqjz70zx78a0fqrkuqf4gdmc0wlncqamldt5xq,1,1,1,1
bc1qlqpywhwue9ctf3zcwm36hl0m5jq3r0xeryvzmy,1,1,1,1
bc1qlqyvhvmcmyy00j348r52ss3nnjn8phnfduh859,1,1,1,1
bc1qlqzdjv9egrj7zy34357yf5wh7qq38xngv308w5,1,1,1,1
bc1qlr022jy0cznvu3khuem0np9gl432luhnut2ar9,6,6,6,6
bc1qlr7ky0juj9fmxgw9ca2j9kryf34n30mmn86e8s,1,2,1,1
bc1qlrdm9n7tf7xdgph9rpk6jpuv8v8veax23urxpt,1,2,1,1
bc1qlrfdxaszgyzcqlcwj3dd36qtcd0he3yetlz24f,5,5,5,5
bc1qlrvt7cnz0nnz8366c58tlk2zs6c2syr2lxp34s,1,1,1,1
bc1qlshpuqmnq6lh6p2zqx2z2tyhn0z3szwt2kv0dt,6,5,5,6
bc1qlsv3lagapkdjmavksx7et6zy6j6duxl7cha8uk,1,1,1,1
bc1qlsxzksemw7nf0mmx4gpra0whnfr8qf5wlvugmc,1,1,1,1
bc1qlsym377cvxzw208ae7r2hncx6sj3c6jhtsn9wt,27,28,13,27
bc1qlt8udtvrtvs6ux29j9c83y4p07lxqr3qzxdqc3,13,13,9,13
bc1qltt4dxzww7rqnfdszduq3vvwv8d3he9ghlq3aw,16,17,9,16
bc1qlu8gx33f82sh8mestqmlklsl7396tz6fr7cvc3,1,1,1,1
bc1qlue8mql9x7ff0w580dhd9h0km2agnkp3psx3ul,13,16,10,13
bc1qlv3zmsyejam7f3fpm6l40n6z9degcua7650d9c,1,1,1,1
bc1qlvaazcq4n9m7sc0zrp3w0m8x0u9x959hs4fnfp,24,23,11,24
bc1qlvevf0pzs06suhn663m73xewl9gzewxa4k2u7e,24,25,13,24
bc1qlvkxc2f4fu5erq2g0zgwjzhcauxth9hzsx2q4y,18,18,10,18
bc1qlvq2vd6kdwdy9zm8xcckgl29dn3h0hgdf5jwda,1,1,1,1
bc1qlwlgsmq8v7e3wzg9w6q3pvxpvt0cky2fqpvm34,1,1,1,1
bc1qlx0f672u00f6guumujm48jcuajfj3vyv6lkl2e,5,5,5,5
bc1qlx9sjvdhctpghl8qgsyarzsmc04q7vc7arls08,1,1,1,1
bc1qlxa52j2y3hk9ytas7sug8lzhje6guh5h96uszr,31,30,13,31
bc1qlxh0ufxa7sqn7uhdy8hj5y6nd0g0caqzasx6gl,7,7,6,7
bc1qlxldsue0fsqh264uts84eaaj783ldnk5ah020g,1,1,1,1
bc1qlxmy5nex7z8634aj4zvw8nftdlxwuvhyl469hu,1,1,1,1
bc1qlxttflcs0wat2phjff8ctc5scvvqvvjjnupnl4,2,2,2,2
bc1qly3gv3ftecdcxl7t0fcglw7pmsu46yakr0k2c0,1,2,1,1
bc1qly9r5upvcdrmeapqk3eee0g0darplx5qply3r6,13,14,9,13
bc1qlylfva0k7te5yzu62t57wlag8grxdpnjz8u0jn,1,2,1,1
bc1qlyxvtmg03x0tk4l0w6h6n5cv6rqf84g5csn9sv,1,1,1,1
bc1qlyzhe250gkn4kycvul4w25mmpczpaulgzqlfpa,1,1,1,1
bc1qlz6lcyz039cxef60yyn56kupwkfzt7qa9fultg,1,1,1,1
bc1qlzt66epphhwwjgg3aanke2v8546udh3chqtcyv,1,2,1,1
bc1qlzw0kyjts36e0zzzskdp36l25xnqc8urudylq8,24,23,11,24
bc1qm0pjr4ynlues2s4zmwvdap5eajv7tqgkyke0kt,1,1,1,1
bc1qm26vfaegms0dmnfvle5xqfduwr2mg0j97lpum6,1,1,1,1
bc1qm2pd65jpwje4l8ghsdxgn2fkznmykzpk23udga,1,2,1,1
bc1qm2tcrdyc3gceww8cxjrfvxqy79u8j5asz48hpy,2,2,2,2
bc1qm2tygjjc2xevcglqdmjuwf2dggs2mvude924sx,2,2,2,2
bc1qm32gaxe34n64gzduapg80naljagjj8eev674re,1,1,1,1
bc1qm3r5xgxq6kecrjdqkqu6zxe5hdanyqd0ww7fwu,1,1,1,1
bc1qm3xzxy35l6cy0ywznlg6ly07qga726vjntvusx,1,2,1,1
bc1qm43lycpq79udzxg0w7wzezjpvz0u9ln5482new,1,1,1,1
bc1qm4d5tyx9pjjwkkw75t4kr43xqt0300fna9tfts,1,1,1,1
bc1qm4ml26cgnw3xaynzchcxn6f8ywcah7392t7mlq,3,3,3,3
bc1qm50yyhhehtdkpkd9tvr4maxgwt89r6v9jhfuym,1,1,1,1
bc1qm5ag8h6ypa36xm06nggcugw9c68wem446cp97u,1,1,1,1
bc1qm5ljw54jfrx0trc46vxcxnxpaahxfwkxwwvjz8,1,1,1,1
bc1qm645cakwxm693ayctc807rus6ddtqx54jt3uww,1,1,1,1
bc1qm64r5wn3sj7mvhsgq5kd0f5x2vsn55gwplecvf,1,1,1,1
bc1qm6lqnzrrqzhx68kyamf3vrkpyvayuewy4ttyeu,1,1,1,1
bc1qm6pmc6fnst2nfkx0yc2jk9y75ffjgarg5nm85p,1,2,1,1
bc1qm6urwz7rdf7y3q6mpmefjrrfmhm50gszzc2jv6,1,1,1,1
bc1qm6vjfce2caqwm87lyhphmthayacp0gp9gmkatc,83,79,14,83
bc1qm7qdru76q22048nd4yhg4845eh6lutzc077u6r,1,1,1,1
bc1qm7uks2qua5mjstrc6wv932m357j4ydcrae9yuv,1,1,1,1
bc1qm8kmzl0tljw4ckxaetjz6jcc0smp3unfyuqf4x,30,28,14,30
bc1qm8uvaqs63lt47jns043nu8tlq57l2tymnxu4tv,9,9,7,9
bc1qm8xk2ktm6v7fq65kxe56cua9nnfcv6x93srd4g,1,1,1,1
bc1qm9cwrz752nw8z5z73a6vr6wyh50jw6z6fh35ln,1,1,1,1
bc1qm9fwdgyv3k2gzszrd7y7lhkcfusqcexyt6gzwr,45,47,14,45
bc1qm9tvkkjwnp4jdp9ll9aw9jcwdj2pa203dccksf,1,2,1,1
bc1qma7xtdr7qs3z3z0dazhuul8jpdf2dxmmsw079v,1,1,1,1
bc1qmadg7e0afqn5xdtcfgf6chj5m9ty0gdg8uhx0h,1,1,1,1
bc1qmae84s7t4rv4a7jzfsgw7dqvcj9avz3vctx082,1,1,1,1
bc1qmajhdff92gn9a3p4cy5gjemsjzehy0vht2wavk,1,1,1,1
bc1qmapmefhga7r5hryhd9xggqxmez9awd8657vequ,1,1,1,1
bc1qmaq9z3kf3xkjsnlnz6f9nejx9ghk9jne2zcdve,1,2,1,1
bc1qmc66uha64z2t3kjh4m0t2qlzuhe6hjvtjcwhke,1,1,1,1
bc1qmchqly3ukgnpdaf78zy2cvftwj2w4jx6cklar8,1,1,1,1
bc1qmd2lmjhhkx6e0ewxgsm7tar5q7tf7shwd48zrc,1,1,1,1
bc1qmd96eyszal644xfmdcv6g97wxt2nwazqgt4q7g,1,1,1,1
bc1qmdsl0ype0lqu2yhzggeye0nz4jcj5p87k2nrqy,2,2,2,2
bc1qmdyzplaacpv95g87h62rmmdvc9rv60pxmwlvrg,1,1,1,1
bc1qme724zqm582ec6jvyfyjykf7a3ht2wtevz60ng,1,1,1,1
bc1qmeaaez7dy2ml7w9tgucpa476k0dnv89c4nvp4t,2,2,2,2
bc1qmeh5g8yz4vagr3t4llxny02wzjgh54ecwfxll8,1,1,1,1
bc1qmephrcghx7vkch4ww7wxgd0fukma42qpm2drj7,1,1,1,1
bc1qmey3qp9m53ks0j44wmfq68jjwszqy33aqs6c8a,1,1,1,1
bc1qmg0hsecgt64jrxe4kwrqm2t8tfjtum77neg5yc,20,22,11,20
bc1qmggmk0glfnth73wsscffrqh0epzh9fwsqse7cn,1,1,1,1
bc1qmghh74rxknh2fpc5x2rwux80vatum8pcmudvns,1,1,1,1
bc1qmgpdara2x96r2psx90huf89upjpyesng28ukwu,68,70,14,68
bc1qmgshehzervhjycu38gxeh4hfvezzzg47afg552,60,59,14,60
bc1qmhnrexncnlcqhuenmpdcv2jgmetflxf9aw6c4m,8,8,6,8
bc1qmhq864nswnqpvuhs0wjucz538g2c3tzkus209h,1,1,1,1
bc1qmhzt27an63t4j5ac0jju2zrxvlc0h2y0lgstzj,11,11,7,11
bc1qmj5n7dp379p0zdw78ey4q2aeurmsjqdp57um9j,9,9,8,9
bc1qmj6z6m8fnyj37fluy8gc33q4p5jngfr2cs6y6h,1,1,1,1
bc1qmjjyaam697mut6gpn2lh9r9nyrpfktdrckx876,4,4,4,4
bc1qmjrfvfkeprxjnnc4syyt3tf6rm90t8725fy6mu,8,8,7,8
bc1qmk3uug22g2mjv0x2p79x4nydy7t972k59jtsk2,1,1,1,1
bc1qmkcqvyf55qfafl586squguxzdv62cdkdvqhhpn,6,6,5,6
bc1qmke9vru0u9jj53nvpqaj4ul7j8j6kxdxe0vthw,9,9,8,9
bc1qmkf7jq2vwk205shm0dnerujye8555mxvmrn758,8,8,7,8
bc1qmkk6kr000n9yn842p5zam63p7p5cc5xlxd4l42,11,10,9,11
bc1qmknt4twxr3tgztc64j634hqfl37y4zddglp70x,1,1,1,1
bc1qmkvn23yp2af89sedzcg9837jkx5qc0w3g8lzdt,1,1,1,1
bc1qmlasp6efxnq7rje7qmnnkvhpd30mmp32qc39st,1,1,1,1
bc1qmmc7nq0dqsh3sypcxmesaqpjj4px4xl6nf62qg,28,28,14,28
bc1qmmg9vfhr6t65cjdnucrtdp2hutjeadedyev0pj,53,55,12,53
bc1qmmud93cam6r3ww2hknzutfvgx7hav2e74f6d8c,1,1,1,1
bc1qmnlwa85lwjk2577t4jrz896mlkkyyhv9wexxwe,1,1,1,1
bc1qmnqje3mm48m3t5ypy4xx2kzu7ctljqlj20l3ua,1,1,1,1
bc1qmp2vuscwyr0afzc423am7guyrakkwqyq6t5pr3,1,1,1,1
bc1qmp5wd6gtxqdywqzktjun6tqkucap869cqe43l0,1,2,1,1
bc1qmpn8mcqhcex9tg9p75mnwh0pl5wvcv8sg6xe87,2,2,2,2
bc1qmpyn3l8halys34he9szaan9jxfcsp50hgwtgae,19,21,10,19
bc1qmqetj5xwvmmq4a5feen7y99dgqafv89se4hr6d,18,19,12,18
bc1qmqlxgmktphvuudhyd86rcrzz49f8qxrc6zz5le,1,1,1,1
bc1qmqm2w8307jnwl0qkwk6gl60qzlcwt5ga0ucls9,40,38,14,40
bc1qmqus92k7qucsmmg8fl4jvmpv07mkk0x6dulnh9,1,1,1,1
bc1qmqwpvyrxyrf6phj88ljfqyl8nc8sachr9azvcg,1,2,1,1
bc1qmre40e00jffdr9skp7l6rtne9j3skjqtujpuyp,1,1,1,1
bc1qmrvykg6h0j724npjssxyaqkrmn0zxl4tu6du3u,1,1,1,1
bc1qms0rd79jmat7934naf72cemc75ffytjm6ss7hp,1,1,1,1
bc1qms5gdrr7hunvf0g65n6mxpdu6edf9s3ejqamq0,1,1,1,1
bc1qmsf5hf7m86h6lwhrgcntdl2nh44mktfqha67vf,1,1,1,1
bc1qmsfdkue4uanj2mqvtuhr3dhnqql7lyfrs6dss3,1,2,1,1
bc1qmsvpuk5lpkx6tu2gq45dgf8829d4cgkrsh4qfc,1,1,1,1
bc1qmt42f452hkmlwppahanhe6eemujydq3hk2rkuy,1,1,1,1
bc1qmthzdxatw5ydldqzcd8jq04tcwhezff0smnd36,33,33,14,33
bc1qmugw4jzt5ppl77u6gzt5g0l4jy9qs9v320lyng,1,1,1,1
bc1qmuptjyy6wnaua6f73cudqaf8ltyg7presejtl0,49,47,14,49
bc1qmvz4akacerart4pacmmzckphfm9r66hkdgcsl3,9,9,6,9
bc1qmw76kpxelm7xl7egd60mkp9e2aet2tmmmuqvue,4,3,4,4
bc1qmwdj2faykp8el8etkpvemvhww5u5nw5nydf9dt,1,1,1,1
bc1qmwekq4psyl0lff0sg6lazvtd8g9uywknu5g8y2,27,27,12,27
bc1qmwhhns3vw5tuvfk46qgc8ujexnhzpu9kakvn0u,1,2,1,1
bc1qmwlzp5lsghxkn88qne060rygmd2xrzk2us8qul,1,1,1,1
bc1qmwqz46p9hurw6nj5mz436gp9cv96xjdwkk9mry,1,1,1,1
bc1qmwvxxdv5q79c93u3zlrrq3dxmuc0gpnzhlpds9,1,1,1,1
bc1qmy96cuwtf8auk3ynsl7tp34wwucaxmgaef306r,14,14,7,14
bc1qmycl9c7tlrffj9z262xpdqdtp9nw80sy409y2w,38,36,14,38
bc1qmyj7g8346ddrx97jm5skgllltwjvq8pa8d66z4,14,13,10,14
bc1qmypxaghsaj4mfm7hfeml242x6qel4jzq9r4nqt,1,1,1,1
bc1qmyuq4q22yxeyjxwn37crsdlujpggej0vpfmkpc,10,10,6,10
bc1qmzcv2sz37ucdt7zt2t3umttrwsd7avc3wwzpnn,1,1,1,1
bc1qmzgaklj5s3gz5jjj4w98p8ckkdjj4ee22hf8ll,7,7,4,7
bc1qmzmgf87n64qq47uhpyan24v4t44qd8z4kfmrxf,1,1,1,1
bc1qmzsy88r8m6kxyjmf4q2ev5klj0858mc8e2e248,1,1,1,1
bc1qmzvzxw54awfhff60t2x47wwk2fuwnfaflxjyw7,1,1,1,1
bc1qn08kpyeealk487gw623q6nakqp06hm5xz9geyw,1,1,1,1
bc1qn08smcq42wh2ddwk45nr90tskq92rsh8k2ntvm,1,1,1,1
bc1qn0cfhe8400q49lc2jq3mc9pyzmykyc9vfm5vmc,1,1,1,1
bc1qn0flac0v07uk9nx5xhtpq93glkzrnky5jflplx,1,1,1,1
bc1qn0j20q9ewkpsz5ju9vtela8d3yzwe9wuq8q9wy,1,1,1,1
bc1qn3gr9qdjfqcatylp3m67p8lcf89m7xf0zsc4we,51,47,14,51
bc1qn3lsfgqfc96g8nf5rm9g9dq5lln2hqlfe3c2vs,1,1,1,1
bc1qn45crhmqqhh7w7tydetdcu020sw5jthlek2em8,1,1,1,1
bc1qn48l8dd8lfvg2wta5n9d7rh5jjp4nl5kvtj8v6,5,5,5,5
bc1qn4c6ek9pvkd7tgawtq24dtn3pl6mka7e5ndk2x,8,7,7,8
bc1qn4ltpgrd528rnx8s690w0ydmvjgd5g3vl8z3xa,6,6,6,6
bc1qn4y9jkuazu9kt0euc7vtpu3cyyallcfmlfg5vl,35,32,13,35
bc1qn4zjut0e6jegutm4x8jgznw35zsefxlcsvjvjx,6,6,4,6
bc1qn4zrs36jn9alwvk49cl5ag0dw3vdktmvuzj2qx,1,1,1,1
bc1qn53c8vm7xnvnpq88pyasx3yx7pcwfeapm3wqg3,1,1,1,1
bc1qn57wsk8jueyrj87jpztf5x38zsqjcgpf8q6vlx,1,1,1,1
bc1qn5jt44ey3yunducpxvtk78ckwhfs6vmrst5psq,5,5,5,5
bc1qn69lkrzwxe6xqhnunryksjl6kg8u5ghffmjl64,1,1,1,1
bc1qn7adateu3lcru7uvuwqas2rm9keudnpayzav2v,1,1,1,1
bc1qn7mvkutd627wwrq0n5jnej0tyz5jc6xlavr7qy,38,41,14,38
bc1qn8f46dtuefsfnz5z74n5lf4pedlugy278gtgyw,1,2,1,1
bc1qn8gdsh8xzua7xm9khtxqn9qethul933zvcw8qh,1,1,1,1
bc1qn8hf0uulrpq43kr6d47e0d8tv5nvdmzefqdl6r,5,5,4,5
bc1qn8y8772rv403z9hden95jax55vxdthd67x0mu5,1,1,1,1
bc1qn92gwtznmxzp3l79pnam5dhkj53pxkv0m70dul,1,2,1,1
bc1qn9krkuqfdf73s66ej2wy76qr872tpn6mulf422,1,1,1,1
bc1qn9lyr7uvq2dr8zcedhp7dpvf4uyra0f25yy6fu,1,2,1,1
bc1qn9nver7msuwc7aeq5ywe6acejeea4da2h65g53,1,1,1,1
bc1qn9qhgyah458alaj9gljctyxf39egm3t2f74yur,80,83,14,80
bc1qn9rcq906sl2dakp27e9attk7a5sh37gcfz5f9a,15,14,9,15
bc1qn9sawwk6p8uneu6e0vufeqt49nt7m0ly95kzew,1,1,1,1
bc1qnatcmxgu5kakma66app69gn0hgjregeqaar9r3,4,4,4,4
bc1qnc9rce2c723ssp0h9m569wn3rw0x0p8ev376yg,4,4,4,4
bc1qnc9rz7fhy4hv92m92x4u3kzd3jjx69s03pxa8q,1,1,1,1
bc1qncjgxj00ulug80y7jrkelz58dk47fvn6md2xee,1,2,1,1
bc1qncyczn7cyrfmhsj9zsvlaz26az4qd5620ut3e3,34,36,14,34
bc1qnd6lsq0g9uu3987mu4hpz3vl4vx4ukgt5r0ezv,9,9,8,9
bc1qndlr7ad0r37e4m0f5w69vnwnxe72duttfwjjzu,1,2,1,1
bc1qndmaezhwc6ydkzwxzmpr9nzzqyed4uammgdgk4,1,1,1,1
bc1qndu4jn2fxzdvkwpnc5mx8ufekytdcv5k5vdx0e,1,1,1,1
bc1qndwzj26akkzlsqhtmfrk2fvmke6t0hs7zgy2rr,1,2,1,1
bc1qne4ggnv9j9lr4z6mmtxhzfxdhacqgl7cw429d4,1,1,1,1
bc1qnevs3c4n3j2q6wjkqme3dfwwkn9eu82vw5kjgd,1,1,1,1
bc1qnf25ny2dp3a0scqveu65nk0nfppta8nem47588,1,1,1,1
bc1qnf3t3hdlwvzqhcwuyhhzmkdjywmw0czp290fjh,1,1,1,1
bc1qnf96nsl5xndlx6x3dv89s7mlu22s4xq6pmetk5,1,2,1,1
bc1qnfr4slcs8egngxa9wk4xd9lrvgnmy45atteype,1,2,1,1
bc1qnga47pf8gmrqj9e4ahnrk683yqxxjpmaqryvy0,1,1,1,1
bc1qngk4ern3gy5kzr2sec7pvyjjflrfrpnrfezpsv,1,1,1,1
bc1qngwt2w28pe2dmykdq46x4lhp0hahywmjxsqvkl,1,1,1,1
bc1qngxqygtawu0dwvgc0zyvks548hmt257t7ffuv3,1,1,1,1
bc1qnhp9fwmlsr0vhpg6cy5ljmqhtlshxw98lkc5yp,1,1,1,1
bc1qnj6ne6txj7ard7ul99yney995r43uu35yewk9u,1,1,1,1
bc1qnj9lnaqjel88u2j5c0svmhrsx6feat3qc2lr90,4,4,3,4
bc1qnjc5guy7q52dm6dgak9lqskfct39fpul66z6st,1,2,1,1
bc1qnjkx3lhsyqff5fcu7y8m3f95gtck5lm764g0c6,3,3,3,3
bc1qnjpr5dvnjw5sjqtkcmq9srd4jhmxp4fmr5wx7w,1,1,1,1
bc1qnjvvxmza96scndp05cu70sqw9n5avh272tch88,1,1,1,1
bc1qnksd7lnk4elzkw9qc3pv2290kkr53hkx8gcnsw,1,1,1,1
bc1qnl048392g479ekcqys88fytxajzy8dpgtdak5u,1,2,1,1
bc1qnlelwyvau86cjx6cxfdljrl730wt5mtdj8uqys,75,75,14,75
bc1qnlr6nggg5ux6jrp3h2s83w3hmn6ed79z9gzcd0,1,1,1,1
bc1qnmar7shtaa05qj3qf4meq6wmap5zw8f6w9hrgf,1,1,1,1
bc1qnmphlgtadv4kvvv4mu5cwvdf9wmzd030nvua8l,1,1,1,1
bc1qnnxezn6943rgyxqx7z7hexs20942txp7dg206q,7,8,5,7
bc1qnpkrss9umt4frrreswn7acye2p7ch7gthskeap,1,1,1,1
bc1qnpljwz6t6a4f5qlpjyfmehdz0ug446m0829amr,1,1,1,1
bc1qnppdrwvmawfh87xamnz88n9xh5tntvdj65n80r,1,1,1,1
bc1qnps2r85rvg3llhnsppdda70y8ndqcphny7ak5r,1,1,1,1
bc1qnqg38up9jcglqxga907a9zfvu2w3gkjm6alj8y,1,1,1,1
bc1qnqgs3t7z2yya2lty7cknqakjzf7anc9qgjmu03,1,1,1,1
bc1qnqp4cnn58epdalgfcv96q34xxhzjgprlrmg332,1,1,1,1
bc1qnr4q7a746kjj2znsr72rjpjl9gy3sg33sq8tfu,5,5,4,5
bc1qnrcjt3g56wv3vtjsus9lkhku2zcfdmkjd439ds,12,13,9,12
bc1qnrln0a7tj6uypas3q2ye59kt8dj7yuj95573pz,1,1,1,1
bc1qns4n75uyxw8h6ld8zgn2cj5mw3mjhdxqqvkk7g,15,15,11,15
bc1qns890sm7wpdjwk05tp09rk9z2pxnujmhgmnlfx,1,1,1,1
bc1qns9s99qzrvthmj0470pneju7csevqz658449rk,1,1,1,1
bc1qnt6jllp7pdj4ctykk4glsf8exklkn8qs5srm5n,3,3,2,3
bc1qnu6ecmdkqsdd2zpra6uejq3lsvcdel3jnzrmde,1,1,1,1
bc1qnu6k98my463qjxnlkvyvaz5ngn59rtcyypv5c5,2,2,2,2
bc1qnuqrcav3a8hem4f7kgg546a68mawp58rkqxgty,1,1,1,1
bc1qnvpuewfuc9mzk9x7q23t0m0usda0zydysvjyvk,8,9,6,8
bc1qnvscccg8vct94w3sqcqyj68gq43jsuhwvmrp7j,14,13,10,14
bc1qnvu7lakams68gpvfvfsqa678h98epufnw8495g,1,1,1,1
bc1qnvvgfmy7leulhexdvfzymywap062fyxj6yukjm,1,1,1,1
bc1qnwy9pcysqu0n04amd3zrpe89jr505r3959726h,1,2,1,1
bc1qnx5kdhfqw57dp8nul0vwhgcm53q9y5t0tynaqc,1,1,1,1
bc1qnxsvpgkhytl8ym7sg0yt562dhg3d22qwgcp579,1,1,1,1
bc1qnydxxwcvv0t6xkamx2te42uk55h6m50dcshuue,6,6,5,6
bc1qnyprsqa9a7v5hjccklh06wgvy5adcaway7ccup,1,1,1,1
bc1qnyqqcy7ajn4hsym7x9jgqx2us373ka4cs9puyf,1,1,1,1
bc1qnyx95lzvnaher96j2ctn45j62qt8w4sc2f0jql,53,52,14,53
bc1qnz4k4uu05lm6e47mznas5d6v9xnhl9jqclwfde,1,1,1,1
bc1qnz6wl24ce9xpv799809a77y0k0f24f903zt0ta,1,1,1,1
bc1qnzjlhqcsg79lz5w0dj5dwxwn5sh66vh338wyf3,1,2,1,1
bc1qnzklnmq4pr98x8krn49s0lr3gx9h0trsz6y00e,1,1,1,1
bc1qnzm9yyzrh98p3228kg4s668kcjkugxlkns0fl0,1,2,1,1
bc1qnzxkmqccq7c9pm5jyrgnc3xcgdjknwgmmm5nkt,1,1,1,1
bc1qp062jm0qf08s6c570hnj4va9cmhsg5zq7azwkh,1,1,1,1
bc1qp0mw5ch507sq83z00hz5gj7gzga9yz30vvjegn,1,2,1,1
bc1qp0nn4g3dwtma47zvsq69c8afkr2jnh6aj2jyyu,1,1,1,1
bc1qp0pjgvh9uy7782slute55qqmwjyfj8h8t2q7yl,1,1,1,1
bc1qp20qhyjae5enjzlrg8z7sykztmdqrun7zdu5lg,1,1,1,1
bc1qp2e579xwqcyxm7lmuv6ke4k58a8whcgs2xwf2y,1,1,1,1
bc1qp2mkmxgrcjc367csakc24rskryn0fkaq2m8qfk,5,5,3,5
bc1qp30wgx9mzp9dwpv6wu3q2m43fd4x9cxkksza8c,25,26,10,25
bc1qp3c4wkgwfa67grl642med7lh46luxlnw529h5z,1,2,1,1
bc1qp3fxj9zktac87rg7q3hg0ke2g4m6r56uu3n2gl,2,2,2,2
bc1qp45hvnqcahsm6gvyp9ntxmxrfe7rcjjz97tnf2,1,1,1,1
bc1qp4nvjsrde2ljyylhj0unng3u7cxljmdlkkvhn8,1,1,1,1
bc1qp4xteu2w78pvr657ddu805q4f3uesw90q6cqa4,1,1,1,1
bc1qp55ufd4ljh7fzpfj8pj9hran08ecq8m894hcm9,40,41,12,40
bc1qp5d0vr2kkphszjn8skv929jt3jpzfcy4qw7n0k,1,1,1,1
bc1qp5l7945krc277r2kxfp3c0a286teepdfv5nyqt,5,5,5,5
bc1qp5sgq9tqmv94c53pkjv47lcjt4aw2paqhjnjaz,1,1,1,1
bc1qp5vst8gvwxtm2wrau4u9a3jm20zktwyuy0glxk,1,2,1,1
bc1qp685ne0944dht6987h9hr5xplmas0d09vhrdtf,1,1,1,1
bc1qp6rpnxgxv8xgtnz6lhk7ec55svjv8gaf9pm4at,1,2,1,1
bc1qp7mf2r559yjqp9g55q63vdd8jxxsmpz45n8xex,1,1,1,1
bc1qp7mt8gy0wclvuhsj5pjqjz9wpkuh8fklgzf32u,1,1,1,1
bc1qp89wmkeaxszdy4vlfwslku2k7pdtxnwycagpud,1,1,1,1
bc1qp8j6duf5frm4fjxncu7d44emsfuv2vvkes7ctl,1,1,1,1
bc1qp8m6dwmgxpp9rcjwgr5f9yns6myfpem0rs9j2e,1,2,1,1
bc1qp9cpgakt0wnv0csr39fpx8a8xfjst9ylhdexlp,4,4,4,4
bc1qp9jzf7kk37rs70dz7dvkf2ynr34j5ucc78hytf,1,1,1,1
bc1qp9kxcn0qkg4mtumasal55r0p479924llgsq67t,1,1,1,1
bc1qp9kzfc94hsfau93yrnkg76jmpps5fcp4xhjc3x,13,13,9,13
bc1qp9sn76zm437yqn2ex59cn4wf450arex8kyh8kr,1,1,1,1
bc1qp9uf58gcer6m89p3q0pt7e7d6p6wddkzeeelmq,34,96,12,34
bc1qp9utn4a4kvscc0ey75ceal2hc3emkqlvrhwauq,1,2,1,1
bc1qpa2asq59s08cj9y9vmh6nr2hjtmzz6gt2vsdha,6,6,4,6
bc1qpahwwhcumqpst7z064jnvdqhd6wsu9clzsurkn,14,14,9,14
bc1qpam407adpsvz2vkc7n9hffacmuwgp84cekufth,1,1,1,1
bc1qpap8ph5xezyx7juwf80nuks5x0ggx4ulmcgw49,1,1,1,1
bc1qpavmk948jt46xfyxttyye7yv2fv7klgsel0m32,1,1,1,1
bc1qpc88syzcj54tqpsyg3sk8cxn640aqfd70tw20c,6,6,6,6
bc1qpcu68yctf3ja7hxrqz8v50pn37n6c4hnvlwykf,1,1,1,1
bc1qpd26ftwelrphwsvz0r9jv2d9r5rqyet3mgvcpm,1,1,1,1
bc1qpd9lg6mhffne4s2lgjqzzfper9ncp59p43dfl8,8,9,7,8
bc1qpd9wkky2l5f0y3f2hd0af4dx288qwzw90t8sw0,1,1,1,1
bc1qpdjmjc9fj0x7qu06ljzvu0w38r0pc99xqyy85t,1,1,1,1
bc1qpe67zx5ys5fpxem0dfggg3zz5wgttrhcgpxzy8,46,50,12,46
bc1qpekft2wv6d8pc2zqlvpgstcmgsuh07jp5l93ne,5,5,4,5
bc1qpeqzmttpgqugs6mrmd48s4vndkr4rk5ytmk5tw,1,1,1,1
bc1qpet6kr6x2ms8680qwt6jdx03th5thd67xfl7m4,1,2,1,1
bc1qpevt5ueqem7ewv6985quh5w5vk0vktgr0c3824,1,2,1,1
bc1qpewt7mpnm3wjdrj0lshmmqule39v5s9yux3lup,1,2,1,1
bc1qpf7kz8646323lw7f5ufk9m7antslyfpr55nxle,1,1,1,1
bc1qpf7rm8h27wl3r2ru9mmp6wggjx45s2qwjz0r8p,6,5,6,6
bc1qpgk63npsnum6x47jp4gjwp0vpq9uhx2gpyqmj0,1,1,1,1
bc1qpgn9sgdcaq3sm4l9yaktqp0q5uu0mh0h7r3vxa,1,1,1,1
bc1qpgrz6jhgu5hpku5zq73g7y9fxkc7tzcq6zn3wv,1,1,1,1
bc1qpgx0phpc0slvjy3eqfsunqandnnj8ahcmc9et9,46,42,12,46
bc1qph4q2mq6hl5mzc3wp06j9hmktt22vjvm2v0cud,1,1,1,1
bc1qpkfzl03qdf6hadyc3m4q5wef6dna75a5tqpxqr,1,1,1,1
bc1qpknneklps503lg4ye4acuhapratdlwcntgaa94,1,2,1,1
bc1qpksl0radl6jt2yaymm2zp3a2jsg8jpl4lzzkez,1,1,1,1
bc1qpkxpacs3r48vrlq9v0e7en5tnpjkfe32rhakp7,1,1,1,1
bc1qpl00yqxveg3qv94fcse7js56vtf4phncajqh4s,37,34,13,37
bc1qpl4czts6c26s88smqhqxe9yye276k4pktt27n5,1,1,1,1
bc1qplja68sv93hv2kxkdqc6hnh43eky07vuz9lu02,1,1,1,1
bc1qpljs6eczv4w7kn2tjx7gst49wkwn64hsja87ry,10,12,9,10
bc1qplw6rlfgm4uhq22gu24vqfeg7fmhf888gt5syy,1,1,1,1
bc1qpm6mvn86crh5luvzsk4jv6twv9dyfyz88zdl7v,20,20,13,20
bc1qpmz309xnfy82qcfsjy5py66j94phl4c9ywswy4,7,7,5,7
bc1qpnalycsuq7hjcz9tmvaw5w347z6zn3kfkvh7g5,1,2,1,1
bc1qpp0j0kq24q6pewy5nvyychy7pej22anve3zfds,1,2,1,1
bc1qpp2hy9f7zta6p6dnefwljqsx9u6v220k98xu3k,1,1,1,1
bc1qpp2stpyguacpceghh77jn8xgnjt97tlsfysrj7,7,7,7,7
bc1qppa3tnlwxh6uwttqmftzrf00canzrwuq53cckq,1,1,1,1
bc1qppape89dwjwdn7nmc2f40knw4zgzge6qdun3xa,1,1,1,1
bc1qppj8dtyysu8mkeqn4chdnm7zlzl5kps7cxmklp,4,4,4,4
bc1qpq365y84mexxct2sassjw3x62tepfv0wzdwxgn,1,1,1,1
bc1qpq7c0q65jrjarszcyaqp634j2h4gwzgh8u3066,1,2,1,1
bc1qpq8mhg7wklvx7p08navd0jd6wl7f3ttdj0f7d4,1,1,1,1
bc1qpqtkzy9nusutrkh5g07vpslk7j5cjjgcwvd0n6,30,31,12,30
bc1qpr2qevj4xk8ee346t8t47f58alglr9zwtjzehc,1,1,1,1
bc1qpr37r7prdl2evy8yu0f82lwpkf82clsw5a4dhp,1,2,1,1
bc1qpr4ngd362fsfw0sdacj8hplxp2ckptqvfst057,1,1,1,1
bc1qpr5n0tdjq8wwd24jeg3sd0ckkw9gz033et5c0m,1,1,1,1
bc1qprsqm9x2hpnnwre5a7g9xguxexqxa6mwhg94f6,4,4,3,4
bc1qps53q6t8rrpflqg2x3gq7nxvnk3elvjew995g5,1,1,1,1
bc1qpsdpm0egcfnkp0lc6gyk05s7q6a54msaa0sc53,1,2,1,1
bc1qpstpazqpfeak4sukvmj9mdg49x7fvrvk297tcw,6,6,6,6
bc1qpszy6cm42legj5zyx9y4avrdc4pycywq8gtcpa,1,1,1,1
bc1qpt3skxwqvz47n07sxk60qfuhqrqdzkcexkdpkc,6,6,4,6
bc1qptgcn8mmvtzcealdnmk574atxn0nnvn94mf8u2,1,1,1,1
bc1qptl7gs0wyu30ufh0ay2ep0cse3fdzj2sdcudl9,1,1,1,1
bc1qptlh9xq43u03x6helzqtv6pvl3gwvd8n052ae9,1,1,1,1
bc1qpveakg8p8aqtkkwgeyjlyag468c7l0gc6umj7h,1,1,1,1
bc1qpvwhr07q74varqmnj6lydylu8r6ll7ygjzweqe,1,1,1,1
bc1qpvy4kk623rt4pclxfdd5dg49mjr5gy9s2h7puf,1,2,1,1
bc1qpwng3fjqcmtv36vvnw0sd7hxcmszmhjtj0tcg4,1,1,1,1
bc1qpxcrej9zhxmqpny5kms8u59gus3zkvmvnsrj2l,1,1,1,1
bc1qpxjgnu7u3nkm9mstd8pf24ztyzj2frqqwhgnd0,1,2,1,1
bc1qpxvcezmvwsw3ze5u85r66z2yf04chma9k3g8d2,1,1,1,1
bc1qpxxe4k076jkeevxrmp62h4gh2fnsf9qxxqweap,1,1,1,1
bc1qpyfrdwnxmut6vvh67nrzkazwsrzhak874d6dps,1,1,1,1
bc1qpypap0r4uje8s8uwj4yux7d3cfe8mfdvh4ekpn,1,2,1,1
bc1qpz0agh8nkrvxg0ektva4yyeqte0vuxs7ef0mte,1,1,1,1
bc1qpzcpqegtze77gtk99fxhw4zpf926sxcdmk8fy2,1,1,1,1
bc1qpzdnwjnlhk6y97erg8hflsdamwgljzdd822tw5,2,2,2,2
bc1qpzexx3lar4h6jzv0lwz8tegqdm7et3xhlg83lj,1,1,1,1
bc1qpzqa8hrgvp5d059s4gdexh9fcattvzwkau0sne,1,1,1,1
bc1qpzrmna6ynnful055srjt08elfrmuh3wvnwep35,5,5,4,5
bc1qpzxjx6fqwpwmcfkjwc8l28wxjky48h9zftm4tm,16,17,10,16
bc1qq0w7yl9d5tljpmhxcjwgvmd8sdy9vdqxq8pk0j,1,1,1,1
bc1qq27wjelux3r90cqdmccfucpaetfvle4y08rsgr,1,1,1,1
bc1qq2dpvzk6vpp4az552kn5pjzqe7yd0t690vnw35,1,2,1,1
bc1qq2w6rzyjn332x4fx0p6wc0ph2p2lvxe9l3g5h2,1,1,1,1
bc1qq3avft8sng4er5gzdcyda8v46tdxw6fa7j2jw4,1,1,1,1
bc1qq3j62j0dzvc3dzet0ap4uw7v5e3h589a8tewq5,1,1,1,1
bc1qq3pkn4a44ctdme6790vtaxzhxv0s47c03jduhh,1,1,1,1
bc1qq43qp5wq32paexzam49wxxlpay4us8mlym5m7r,8,8,5,8
bc1qq46uwk26whh97m0hts80pftc7xre65mp2j2vhu,2,2,2,2
bc1qq4dfndmvwnpx8ydhztz9xgqr6u8cgdpgfrw74j,1,1,1,1
bc1qq4gs2umq8yfzhfmgznhzkd0xk6f02t6pt46032,2,2,2,2
bc1qq4qhgnh93fhsyt2jftxq63ychl749prf00f3ec,1,1,1,1
bc1qq4vpz03dt2cfp4hhkcfnlhckuww0jdypk9kuut,2,2,2,2
bc1qq5ke73f7xz2lrlq82ca4ktn237lak3420gqqdw,1,1,1,1
bc1qq69zfzv8hhmaa5t86vh2s3nkpum5nax5h0alh8,1,1,1,1
bc1qq6dre8343q220mmfu86z8h2pnm5tma2k8tafuj,1,1,1,1
bc1qq6p7huu736txkn2j2ennnh9d4n9k7uw9jfmqkn,1,1,1,1
bc1qq796d6559c57e3pv9qanlfpcwnppkvx0ml5px5,1,2,1,1
bc1qq7gtqwsn3mckasdanexqhjnx7y4353snvf0re5,14,14,9,14
bc1qq7gwmq5ll4y2wdlmzzhw5uqzu2jfda5qxn9km7,1,1,1,1
bc1qq7n39xjc2lvgj5v828mmr3qpwmuzy7fyh9sajs,17,17,8,17
bc1qq82kp54wllmapp30lll72y2jjjm29lwqaqj6ml,1,1,1,1
bc1qq89ce9vm2msncn69xkf3denq2lqxy66jm2thtg,11,12,9,11
bc1qq8dzw3ader5xhv98xn0lvnhl6n3sc04q56vm44,1,1,1,1
bc1qq8p9u3225gsm6shyhaj8tvl4cazj2t992ksu33,1,1,1,1
bc1qq8w894xc8642yv5psar3070u77m4a2gg3rej62,1,1,1,1
bc1qq935v7h8neewnu3tnsge67c9xa44chn9mc4tr3,1,1,1,1
bc1qq9e0xmhgudf7lhq8nf94sc4d7ytqjlzjshf9nv,1,1,1,1
bc1qq9hrhgp04mzce0pee4chchxu5q5u6543ul8w4p,1,1,1,1
bc1qq9hstj2ax79jamkag7mep5lelfcu9dnswjh4zz,1,1,1,1
bc1qqafvmejytutsuyaxpm5yc4qmsqmmx2dgyrahdc,1,1,1,1
bc1qqajp0nyt5ptggs2728w4fjgwf5w3gv8cyqtv6e,1,1,1,1
bc1qqasnwj382wz0jzf3g3r0d8qkh59sg6j5rqkw3t,5,5,5,5
bc1qqc6dhks5qzfd593tdkk6mu2nefuzjv4mujgwqq,1,2,1,1
bc1qqcagfxgztjtu5tjwda2caduc7nvc2wchgu29ak,1,1,1,1
bc1qqcp4r8hk04pwxmn6gpgptsxqvyedug7885y8xc,1,1,1,1
bc1qqcqr7ukef3zsaz3a6f9lngn3qf52kdr493cfm8,1,1,1,1
bc1qqcvcx4mh5s83p3sxnasy3f4puacuvrvpmy28a9,1,1,1,1
bc1qqcwce5kgkfua0hegn2s8eul7924fskqztxn64c,1,2,1,1
bc1qqdl5cj04x47m62qk4z97une5alg8uj6xc8h0uj,1,1,1,1
bc1qqemte7nqzadag28lc3qdeyjknspt9hc4p53ny3,7,7,6,7
bc1qqfahqaq35u79f2v99tkzrf6du5xp4u7hg7fa94,1,1,1,1
bc1qqfedw63nn4mp5hg2jv0l0rwujwzptjzfusdua4,1,2,1,1
bc1qqfft28gxepd5dtfw2lfwnsg3yerd9s322dvgtn,2,2,2,2
bc1qqfuye04laaz9jaknet60tmactxez023jydl68h,133,144,14,133
bc1qqfxjc2eywca9kaaax9txemve4y54ld783azf7f,19,19,9,19
bc1qqg4uhc2k8jjvxy20y65c567r567kn25qv7rlly,1,1,1,1
bc1qqgst8kaxul4wjhepeutuehuc845mq6vnuesg5v,1,2,1,1
bc1qqh2kpmmagzhxtjvmeplehuv7xd30npzln4zktv,1,1,1,1
bc1qqhac5ut3xwnl4rmj5c5tfzdm35xkj28j3luw2j,3,3,2,3
bc1qqhc46t5zcnygd52qcpy9qaxjtdep06p4js3dlg,29,30,11,29
bc1qqhs23w30rfya867qcc3w84rxcsf94qvuz87rf6,20,19,11,20
bc1qqhv6me02ccws9m03j36vytgj8au3lv5pfrptxj,14,15,9,14
bc1qqj72kt0t8vmh4398v0w47gxmk078w47wdype7u,1,1,1,1
bc1qqjezrtqv47s6l6m797qvnrcvkg4fegn6zq76cs,1,1,1,1
bc1qqjhflakc7rdc56frvmdsnjdsec0wxyfvwhu697,8,8,7,8
bc1qqjmv9ade6us6ahmw6t93uatruylw8e50pa7386,1,1,1,1
bc1qqjzm7vf5e3ypc23ayckev65ytp4s8kgp76na7q,4,4,3,4
bc1qqkqpp0u7t96cwxky2g5mdd7ezf3xaelerggke0,1,1,1,1
bc1qqkr7j8ryvw5p9xa4tgpjy67q9y82ljjm666dmf,1,1,1,1
bc1qqkrlmn9dr79qtaqdzeee6vhnna5pk0vvvsmz36,1,1,1,1
bc1qqlqal2yl2lqe3sz9a42p96d3x67drjj3x6dfr8,1,1,1,1
bc1qqlsyfulgpvh867acjl5glm06mnlyx8f38d6wf0,1,1,1,1
bc1qqmh6qsaj2yjzyvyvq094gfm82guugee603dlk2,1,1,1,1
bc1qqmtgcg4rqe4sn9u3eax4gdfqa58y7z6ehsgjmj,1,1,1,1
bc1qqn0ddz9dm2f8ufcyfapt7am55g9sv3p240fgk0,1,1,1,1
bc1qqp0xx9jqdnkq8dsclt7wc5gy24krvhvslgs07s,1,1,1,1
bc1qqpz770826d7sylrdtt5r9vwf27sjhskjj72ult,6,6,5,6
bc1qqqjaqvt26zqnv9v3a08phdwx2qn32f068mz9pl,7,7,5,7
bc1qqqnfn9nf9t4ya7qpe8ea5lk72q3quy3xczejr8,1,1,1,1
bc1qqqrvw2ak220aqq89uqkergqcpzfpt4qud636j2,1,1,1,1
bc1qqqwm837sqw8dmkk9rzudwv4tms3t8hdz086z2q,1,1,1,1
bc1qqqyc9wt942zrljycc3dzcpjf0xelgdgncs378z,8,9,6,8
bc1qqr98r95my6yavss9g9wqrgvncre7gvdyrss8la,79,84,14,79
bc1qqrt7xggjrft8tpg3mkwn3evh724g3a6lcw4nrr,1,2,1,1
bc1qqruj7yqksjz30rrc664y5d0cff00dc3mk3nmhf,2,2,2,2
bc1qqs05ehnn3hwp9rr4way4sgndpt0736l6rxw6zg,1,2,1,1
bc1qqsdzrej6me9f39n9df5eynm0r09m8arnt8qgq2,4,4,3,4
bc1qqsf3p5p5em439f2x4p40jzph396dac0ehahmqe,1,1,1,1
bc1qqsfl6dmgxss3a8w5dp6z6lesqtt3a35k804agl,3,3,3,3
bc1qqsjux2zv6gjun4etdumy7wgua6p6v4y06rmh7j,29,28,14,29
bc1qqsxn4r7s9e3v8gvn9dttrpm2k88aqhsg7t4url,1,1,1,1
bc1qqt8jqk28w6r4zy47h2w0racysh2lqf5re8zghh,1,1,1,1
bc1qqtz99zvfgrwptaydhrmt95smhnzxwnn7jm5t3a,1,1,1,1
bc1qqu3d22l9gmmem7cqzvhq5vpq0wkngxcn2yznja,1,1,1,1
bc1qqv23je00hlvsa30jeh4gqp9eau06txplglvxed,1,1,1,1
bc1qqv9kvaznx6tzv4kxzxf65yyzulkrd6mxrpm6f4,1,1,1,1
bc1qqvu3uw8xwdurs3e2nh5npulqq5wk5gdsx8ptw5,37,36,13,37
bc1qqw0guzyd63h0jdklm6reg7mxa8ynw2lmdtc3kq,1,1,1,1
bc1qqw2xrnnyv627wx877hjt2msk0c50ds0huufzkn,1,1,1,1
bc1qqw86n4au4f0hk7c4s5qxgkc4h3vxmy2e3qt2mz,1,1,1,1
bc1qqwg8t8uplsvczdlg2u0w3n0hyp2mdhcteun7pc,1,1,1,1
bc1qqxkvcskl9z5qsyus0k6f4egygtlu0mja5petn0,1,2,1,1
bc1qqxmgj267fcy9nt9yg5wj8dtlcenzgw5q65k488,1,2,1,1
bc1qqxu5dqdkyvrhgupzzurxmv3ufrhd9k48f2526n,1,1,1,1
bc1qqy80468pwlpxgvm8mu209zw43dt5pw8q4adkmp,1,1,1,1
bc1qqyqzjne5hl24gpsh9uzpz7c3pxl7w3mrxn9tfc,1,1,1,1
bc1qqz0xl6pa2s2pvyfjj3el2zxfudmz7sxlpz5ct3,1,1,1,1
bc1qqzd22p6jetp6mlt069n9pttevqtmnfrwykx22m,6,6,6,6
bc1qqzrqu6kxd295lzgapyk3nslxtg9rlmltthfwvl,1,1,1,1
bc1qqztcqzg7hlynzk0hcwvuj4w29yqgxdqmuwj2wg,1,1,1,1
bc1qqzzfnhwwy0g855ydq547zdmtxjnjcclflwmuuj,2,2,2,2
bc1qr04thrrqyalqyvy4g4f3unjj2hdnnmsxg4wthn,1,1,1,1
bc1qr0ayv5z6takrexhslhz5w4hyzp23kvya45kkga,1,2,1,1
bc1qr20y68peluumjhxn7svzsk70dswq6xvumpndmj,1,1,1,1
bc1qr245af5av8dpt2pwu0knzhwvsqx63ahr6zwvly,21,20,11,21
bc1qr2gfjdsgfef0yx29g6tw6cahtwyh7peqrczfp0,1,1,1,1
bc1qr2gwnvc3nhcmvpzcm5rj3pe6nn6hy4axlfwrqg,8,8,5,8
bc1qr359pec6qhz52sd9402fhlr28x6cez2t9sekmx,5,5,5,5
bc1qr3csuq3p5dg3w207ekq3qhredk23njz96ep83a,1,1,1,1
bc1qr3yzx6x4jlp0yvyeecjpkf2wyx93h2vw0dfls2,1,1,1,1
bc1qr40vnyg8jjarvzgrcarlfv2c92e44r5udwaugv,1,1,1,1
bc1qr44a5vgfqt5djhlka9557d5u3rs057378qaqwc,1,2,1,1
bc1qr4znswl30ywnfte90wtnglgkfc3fc5j086vky6,1,2,1,1
bc1qr5chrxvk0dqp9ae2569y90dypz7uv7nswcxccr,1,1,1,1
bc1qr6v6tnjzutdewzurl43qfhm5n7jrudqhp7lpdd,1,2,1,1
bc1qr706sk98jv6umckxss5kggrmfpjuugcm9l6jq5,1,1,1,1
bc1qr72h8m77772wg66stcrre8v2nh3yxq9sdfxc83,1,1,1,1
bc1qr77enuhjk64afaf2cdj43pdqsck6qmct6ydg67,15,15,6,15
bc1qr79s7n7phqj27c2acsneydxj5zspe5zghgvupu,1,1,1,1
bc1qr7ka9e0juga0e9p6lnwgydwxjeppm537cuqt2x,1,1,1,1
bc1qr7ma65ddkdd6al3m9x99c4pztcvsm3qv5cen9v,1,1,1,1
bc1qr7w3kekywp72can50wcg59upt7x5tgu072g6vm,35,36,14,35
bc1qr7ynrwvmqjttrkatyazqfzp43ugeav6drmsay4,1,1,1,1
bc1qr8fxugfyj4507m68nd7zh2evkyrzsctlae5ug5,1,1,1,1
bc1qr8t25dzh7v69rqypqvyckj4eyjzdh8h8pnz0nc,1,1,1,1
bc1qr8whvy8k307xhl0s959pcmq6t0ckrjezf6tfnl,14,13,10,14
bc1qr8x4qnrc6lc5nfskqlh8vscgls0umnt4ca23mp,1,2,1,1
bc1qr92rs4w7hcwn5053e86ctvrqvuwevak7zy4yqa,6,6,5,6
bc1qr97wdrptlc0gat2dlwm5rsdfcz4rsawkd5f26h,40,40,14,40
bc1qr9fzfx5fetr7m7hl5axmufhppma0m4usfd8kx8,4,4,3,4
bc1qr9rmmheq4x4fudesj467d2euhu8u62l0999rxj,1,1,1,1
bc1qr9ud2wtru5e3yk35m2n68utc5wyw4h7cdmpc33,1,1,1,1
bc1qra2ykwkqv3jmnhesvyfxd3tsxgc437d2qwd9ff,3,3,3,3
bc1qra8hcs7w7rdxl5nwptujyn5atcr2t4seefutnz,6,6,6,6
bc1qrad0g7gfemw5490gdyhkgflx5lhtt348vrq4s0,1,2,1,1
bc1qrap0dsee2r74d89v29d5qu0n54qhze8kx9s6ga,11,11,7,11
bc1qrasayvspk83q5ryx0cylzqz3knxgvsxqj52550,63,65,14,63
bc1qrc0m9tgkypg942dfz9fv4hm7tkudw30d2a524m,1,1,1,1
bc1qrcu8rxuchxp52pc4dlj3kkvv9hmc4s0saxf68q,26,25,11,26
bc1qrcyhts7d4mdnplfaqhntwhxh0xtyyfd28wwkk6,1,1,1,1
bc1qrd0tm5rnnadm2f4r40neue76e4uxv2m6n2saya,1,1,1,1
bc1qrd9cjsp5q969ycd37sc2ch6d0f75h99kfp9qnz,1,2,1,1
bc1qrde98em2yhwqchguaafl0gdwkjtplmjyqg55as,1,1,1,1
bc1qre9sjfhzaecus2zryj933gseq7wl20mykh253a,5,5,4,5
bc1qrefae89y2w33zgmzw4ajdhnr5j2qnhstlca4mu,38,35,14,38
bc1qret3qk7z8szcxm0cxkek65y6qfrefkzhhnexqd,1,2,1,1
bc1qrfevrc5tse9asg5ppx305u6mpu8h38knagh4xz,1,2,1,1
bc1qrfu5u3zkt0qd6qcul78237tc54ayvej67shxn5,6,6,5,6
bc1qrgjw550nfw6n3rtmlrkc566fnct70wnfar66gc,10,10,9,10
bc1qrgk5jww7ew3un48zncxuu7yu4xcuj8ajym6wpf,1,2,1,1
bc1qrgsa8ey6fvf27jdjj04f3c6vl03tcgfvx3l3kc,1,2,1,1
bc1qrhearayge4fjjyk202qy583aul6390e96ku6kg,5,5,4,5
bc1qrhge7m675gq3u3v7h75hv6yylvuk9f5hpjx2yq,1,2,1,1
bc1qrhuy23j4t5f7mp7rfp7kpl3ejlxh6cjg6c2h0a,1,1,1,1
bc1qrjf9musaxhgr0599kp46hx0w55r9svtt7m6dtl,9,9,5,9
bc1qrjqu8n4skvrv9t54th7tpfxhum2l7fl20s37g5,1,1,1,1
bc1qrk98x3t8l0jgq6svv54vnvvjaxugq3rdtjf3vz,51,60,14,51
bc1qrkk2ssxd2wp87hn29z8p2kya3pynz33wpufwgc,1,1,1,1
bc1qrknjudkuludf3450xh92lfvgm3gkx4thha6944,2,2,2,2
bc1qrkzhvucvcjcynjcw2aqxuhwlpeq6wc825dpur7,1,1,1,1
bc1qrlk2p62xtxh24dzpghkl5pek4tl2gwacrq35ww,1,2,1,1
bc1qrlxcjd770dxcj2g7z0dzefea2kn7u84tyej47h,1,1,1,1
bc1qrm47gft9evtn6u647edxycl47lk5n6efzpnp6s,1,1,1,1
bc1qrmqcgcnmgahhdlawkjcpxg8pspa2hskvmz9mrw,13,13,10,13
bc1qrmqtzjl6ahfpqz8qze3dtepxp5360rx6m6aqhz,1,1,1,1
bc1qrngscf346yhylnn6ppj5t9gxh8xs458td9wr3n,9,9,7,9
bc1qrpt4mxcft4c3lyhknqufwqjkdgw9caayj4cjuj,7,6,5,7
bc1qrpzw8gxreguft2d36zl3tf7vy2gmtv805s420c,1,1,1,1
bc1qrqarcuxdlcms9j3jhvs0wm47wu9r7fykehqr0e,1,1,1,1
bc1qrqd25m7chqh4smhmngp375023tw7al54s4a60m,1,1,1,1
bc1qrqq70ljn35asn38zue2mgc4jwnukxeps04d4ra,23,23,11,23
bc1qrqtcxym8g40tm582vmr90z97d7kg3wjrl3ke8d,1,1,1,1
bc1qrqvkrahe0sjxzkwj09tu2uudjrlvg99c79lux8,2,2,2,2
bc1qrr5s092g26ntwfu2nnkzwdn7m35tvf5v77jt26,22,22,12,22
bc1qrr6xfcc5086u2dxnf77vqaf8x6yqxa54ef0xp0,1,1,1,1
bc1qrrjcex6wqacamx4pa4vxxqyvgsk67ut0gzrgnm,14,14,11,14
bc1qrrqmc5jj0wpq3mrw56qlzc307hqjjar50rs7qg,6,6,5,6
bc1qrsef7wc6pucc8gzlt6r36pczafrltt2nu2ss0k,1,1,1,1
bc1qrsf9968ydrqnexkkgah0nlqevmqv6j59lc4s9z,1,1,1,1
bc1qrshxkpks2jujznxnlxsqalky5e2g8vazyejqn7,4,5,4,4
bc1qrt443hmjk2ctmu0lx7d98kkf579j6h0ardmmwe,1,1,1,1
bc1qrt7w5xxvw86kkhlpazc087syfcxvyg6elffp6r,1,1,1,1
bc1qrt9kuue55t4kkuf7jenhqtu9nds934hmfp0zas,1,1,1,1
bc1qrtec4m7ksnzql2vhcm2shtftzwrn6r0w9uuefd,1,1,1,1
bc1qrtgyksxg75n5wu6lhnq77sy8xv6lm9s6zx42d0,1,1,1,1
bc1qrtj7m20pvyyx3t8ahtft0q523preg2r7fg0h3a,25,26,12,25
bc1qrtqmgvghm503t0kz706j56la3vjvpt95alw3uv,1,1,1,1
bc1qrtyfzzjfc47vh22kkmt3r6xgxkm6trpyjn5ucl,1,1,1,1
bc1qruce5t5y7tsk0de3rm744dnz6rmdjfg4epvs8u,1,2,1,1
bc1qruem2am0wtdcdd76948eteax0mnxqyvf2vwfxw,15,15,11,15
bc1qruk2yq9wlday8s2ldsuwdtfssema4al76rlzlk,1,1,1,1
bc1qrumuu44qz5v57crweuddcy3ts739k9mwf5m6y3,15,16,8,15
bc1qruu6ae6utk2h0neplj8608w2wwzvh7pkvn4uvc,1,1,1,1
bc1qruwussqykw6pqzg6ccrsur3a97xsvwf9fznnhs,1,1,1,1
bc1qruyzh25v0qrm6hcqdnuctjpmg6sr3dz9da7nek,1,1,1,1
bc1qrvcjlcgnu7627zs58edn2p4v343nt6rt8rlx2t,1,1,1,1
bc1qrvwew80xe4yjd0m5trdeyhnamj4krhelss80ef,1,1,1,1
bc1qrwmfsjar8548j83wlyvujj2z7jafdvtsfxkw6j,1,2,1,1
bc1qrx9du8tf0vdpcwzx6z27klnfms4cggpunpf4p2,1,2,1,1
bc1qrxah65yrhxjkxxjd5r2qx8z52cd9ewu3a75tpc,1,2,1,1
bc1qrxl0g4qpada9vzu229xdcz7yclft8ps5368l82,8,8,7,8
bc1qrxrh6a4z7lhmz7e4kxeyd4ms68q9rwqckedx24,1,1,1,1
bc1qryew463ra2dg37t253qr9lt2su09g6ychq7yrk,37,34,12,37
bc1qs03yce2f9v86lqrheh6eazcwef9ehhrnjsnzum,4,4,4,4
bc1qs06n4yu2uhl7vrcysep9ls9cnprrf56v4mgu07,22,21,11,22
bc1qs08tudlpt0eu4rle57hf4szwq20tmllgg8gqat,1,1,1,1
bc1qs097jfy0xwml4swdll7gu8hsf2s825qdd3xtj7,52,56,14,52
bc1qs0fl5c68c9unq0thgx6d4new8dlnr7yw4a7ajk,1,2,1,1
bc1qs0h0h4dwysa60zcy2yt2mcdwvrls7fct36ta57,1,1,1,1
bc1qs0pe5tjyllq5m9lhqns2vqtkd80nhe2rpat2k3,1,1,1,1
bc1qs0t0jmpkxpvreuns40fm673wvprdl9enkw5wp9,1,1,1,1
bc1qs252c9xlf4ne5us3chdth53jy8x49dcuvp4frd,24,21,12,24
bc1qs2hknfq50u6ngh4p7mueptzwg280y7z95e6dg7,2,2,2,2
bc1qs2l0c2uxa5pjt7al9ualtsnrdcjvx4z5lpaguy,1,1,1,1
bc1qs3r8j77zemk425ta27wf47ykvy5qsyuwv9g8qr,1,1,1,1
bc1qs3rmrqdg3lxn3jpvusjs0ckljegl6gy7jm4jnw,1,1,1,1
bc1qs4zp60k5w7vzc3mtau98kgcw5drhaqthk822a6,2,2,2,2
bc1qs54n2ag33ukvugz9jf2v7thc65qc6p89ek4ekx,6,6,5,6
bc1qs583pscrgvjlr7266a0hcfm0vsrzs0lf8vjk9m,1,1,1,1
bc1qs5c0cmeuvxdete0da4nlp89t9jvkvws2u2f8k6,12,11,10,12
bc1qs5n74hzfptfrzvvr0uancjnuy5qfgkrnx52y5s,1,2,1,1
bc1qs6l0czllvpkxaflcsa7zxqvnttwemwksjvswas,1,1,1,1
bc1qs6z6gzth9dw9luf66s6f496e7fgfe2fnjvw5u8,1,1,1,1
bc1qs73wu3drah3aaap9pqmh837kzs7lalmr5nnjz9,1,1,1,1
bc1qs78yelyrffn9086wcuunmnrxdds920ty2q6u7j,3,4,2,3
bc1qs7tt57j07v922al2e2pwyun6a7ams3zx4agh0s,1,1,1,1
bc1qs86w28582rnl9qd8m8s8hhlyq42ws6pgee3te5,1,1,1,1
bc1qs8h48grfw8l64fcszyxflqgaev2ygd5myn8d9z,1,1,1,1
bc1qs8vppfdh8dp5gw9g337v9kjalmevstv3exn2dl,3,3,3,3
bc1qs8xcg8mqqvhz4klhltuex5tv0qaux72jd3c3em,1,2,1,1
bc1qs92pu6jnmy49ggcgx8rfpr4zz5ufahjech707j,1,1,1,1
bc1qs9dke56k7y2xfmpc0ezn9j4ztq20zp0wr5tdr9,1,1,1,1
bc1qs9sjkh6qkvhq7qyd3ahantw02tqu7wx73ljqmy,1,1,1,1
bc1qsa9c5wr3l6l4xs2ur273u0gvcjqy5mpms0q7jt,1,1,1,1
bc1qsapg33txh8thau0vv58de4kk8luw5rfkap00ke,1,2,1,1
bc1qsapufeghx7jv8erdghrwn0s3fakf0m9ls6s4nk,14,13,8,14
bc1qsaveu6u4cwwt8mnlnjqxt84e7qx9ray2c3h9yn,1,1,1,1
bc1qsawwd6klp94ue353sugxhkngtu89ywwxf690vf,1,1,1,1
bc1qscak57cd078yv58apa865r8ardueyd52jfxm34,1,1,1,1
bc1qscjtutsud5dlh8h0qra58shyw37t0r4a2s5vyp,7,8,7,7
bc1qscwz9cst3gdwu200xf8lpe2dtrd2f8z8qtwtqp,2,2,2,2
bc1qsd0yksxqrcu626lckcx7w2uyzjp5sxy42c2y94,3,3,3,3
bc1qsd49uh9vr3czyvd7d4nqdv870de05jcaknshla,7,6,6,7
bc1qsds3km7a6pal9lwasshatpy6zw3ry27ej0tpsn,1,1,1,1
bc1qsdzcgqqjaftmqd2rjfkvqnqekjx0nau5r8c2z5,1,1,1,1
bc1qse2japj8xvr9mj0g09skchx82ah97rp030a3vf,8,8,7,8
bc1qseqfexk2e7a4l52hll6hjn4847a80mmdag6pyr,1,1,1,1
bc1qseqmd98n8rnmds3nqutqq3utsynpdg5wzst8c4,1,1,1,1
bc1qsesuzlv08ul7m67vay5w2y4wn6se3mw245sufw,1,2,1,1
bc1qsevnfkjdm2kpgm0kx6aamqrljmxq0mzhefqhv5,1,2,1,1
bc1qsfdfvyvw3u3u9rfpcrpr6n4tmg4qz4dkk4d4gd,1,1,1,1
bc1qsff70dgf8ft28djfmsuz9etxxmwyyt3ypkhjxf,1,1,1,1
bc1qsfn6kf5jcn30nfjsnyxgrlmh247umq778sle94,1,1,1,1
bc1qsfzn4l80xjhcghwrdrg3ywpq88dyjmnnt9j0a7,2,2,2,2
bc1qsgh0h39ep99spuq87qelxh2z7axr7jrjwwmhuc,48,47,14,48
bc1qsh9y5qv0k43l824mfkjzf4swse8flpa55ay6vp,1,1,1,1
bc1qshc67g6sv35mhf8ajprpjguxj703qa69235hcy,1,1,1,1
bc1qshcupwwkz362vva38kv4wduh9p40z347hkrtk7,78,77,14,78
bc1qshet45alpy78k7a2jkgxex5ynae60027cy4dmm,17,17,11,17
bc1qshrtvakg2gmtv57smtfc03ng9lazfj57nm66cr,1,2,1,1
bc1qsj2yrylkrm9uq95hys5uk7hlnl5vw2zk6aa5ea,32,33,12,32
bc1qsj5zzftum6p2lhl6pvfwsrfjs36qy8qtf3h4yz,1,1,1,1
bc1qsjf0mphdrfks8yefqcq545d6906p52qvpk7mcs,1,1,1,1
bc1qsjvuymgrfk6m2ymv2mgyxqzyapjnz7zpm0dsuh,1,1,1,1
bc1qskfunnl23upvlhvm4uqq85fnyswc2q87ay9q78,1,1,1,1
bc1qskg5v4h0q9ch3lr4jshxs5fyqgzd7quy0mpjgy,17,18,9,17
bc1qskg9da6wh8ctzwcgf5rsqqtgjtf9j8ru3geaqw,1,1,1,1
bc1qskj9c3cplxkzqmek24vrzs5h7e4tffgrpck7un,42,43,12,42
bc1qskpe2k989khm4tfa8vefsq3m77wv04rfac2cvx,15,15,9,15
bc1qskvwqjws38hfc7jjw0ld8sqfpwprxqw9y8nqlk,17,16,10,17
bc1qslgjsydnhtat2rfkp2j57dpzrulhat9n2jj5mu,1,1,1,1
bc1qsm5rtl5mr0nkcv0df0nhg35ur4y547gevqv23f,27,25,13,27
bc1qsmhhjmygrw36atmsnryt8nd4d4st4mgmql90ja,1,1,1,1
bc1qsmkccdg7sxlvl64y4dgzxx3pck2mejtmuwhyfl,6,6,5,6
bc1qsmyjcr3gtlp05kdvzn0tdrc0hauh9t8fse8c5l,1,1,1,1
bc1qsmz49ewn433shxgpd890d54l6zjrtqsn6hzk2u,1,1,1,1
bc1qsn37822c5yj062zrxfkh0nrglpk07pmszydl3e,4,4,3,4
bc1qsn9zu8zdh0fhsk8cayx5a3wckfrnhnj00f89a9,1,2,1,1
bc1qsndwxvwthtc8d20s46j4gdntennumqtsmmv3tr,54,58,14,54
bc1qsp4zgmq2s3fzw9kg43pavnfzwxua7jmahh8nym,9,10,7,9
bc1qspeks54l5hgjkfex4y3v6askad5yuva904kemm,19,17,11,19
bc1qsphlxrj0k3fa4h0g28g4q7vsf9h43sr9y269jd,1,2,1,1
bc1qsphm2zeelarmdp66auacclsfx4r3pqg47tppec,1,1,1,1
bc1qsqfgfc3rh06atukaj3mwn9n6599y092r9jlqmg,8,8,7,8
bc1qsqyhd50366pu5csj3emufrxrg3pg9fgwujqfef,21,21,11,21
bc1qsrckujuqnld4xcs7jzea8kh6njmww2qs2zc8n0,1,1,1,1
bc1qsrun6p0jx3asvxqnhfhesm6pyg5g7nlqdg8ndp,1,1,1,1
bc1qss2u8psh59th82x7nnuhmwe48d7pnaz2va82hp,8,8,5,8
bc1qssvydmsp993y69ux63pa6apg9hnhqvezwst7n5,1,1,1,1
bc1qstgg7t206cmnnp965f7guj6t92m9q3pcxqcaqa,1,1,1,1
bc1qstpygh38v4fccrcsd5dwu79vnlns8yy63qkzyv,1,1,1,1
bc1qsu8mfptf02v77jjxlh3ecxa6mfpja8cqnzuzkg,6,6,6,6
bc1qsugdg4ukvqw36wggs2tewfr0fu52a9jge84juf,1,2,1,1
bc1qsuz80qvamq3xxlap4audxprtlywm2t5hljyq0f,29,30,12,29
bc1qsv48s8l93tas6qjdfe7uee8arzqqqaw922yd6c,1,1,1,1
bc1qsv4nmn6v97raum0lt8ya6zjmwjnnel4zxs9ymu,1,2,1,1
bc1qsv506m8wc6g4jz7l4dmy3yz02n20e3tf0te7aj,1,2,1,1
bc1qsvn6ru0pkwe658m3j3s0e983hacpdh8ynrctv7,1,2,1,1
bc1qsvxpveqguyq9dufupmvntgdudlqqxx9zutrcy8,1,1,1,1
bc1qsw67mmhrw5q0rasc8ct8qm8pvnwl42xd4mh87g,1,1,1,1
bc1qswg4770lmvrhg2nn48k6vwrnvnkqf6zkl4cmsx,1,1,1,1
bc1qswzwxrxc60cmtf3h5nyjq4acf2kyxqnm9zc6zr,43,43,13,43
bc1qsxeqpaklk8ee9plesn3r3wjeymfg2augmxp43z,6,6,6,6
bc1qsxrcs8qrqvxr4h0uq0jn6e09d7uv36mmvee7dn,1,1,1,1
bc1qsykvgq2yue7y8ff9t2dzelt94l3n6evurtfnfz,1,1,1,1
bc1qsyt3qsvmjd5crqqyfqlxcd8df79xwx7gx64qxy,8,8,6,8
bc1qsz98nh2mq0nzjugl5kdxz0zvfndgdk3gmyssc2,12,12,9,12
bc1qszg8qepyx22jl4xe59rrlwrjjmsacvw7xg35gu,1,1,1,1
bc1qszh53ttmcym85a0rlnhzw3y2uwnlqdedpjdyle,1,2,1,1
bc1qsznuwranqkfqlzqg4lurkrl493nctej3n6x20f,1,2,1,1
bc1qszpvgtq6gvlg3pezlceju4jf0fv9qgf324w2a5,1,1,1,1
bc1qszynqx8dvtkp9f3kk20yxqdvj2qxd7htuxtkcm,105,101,14,105
bc1qszz2fucjhtjgvmyg2tmamkll9h40ul40tj5459,1,1,1,1
bc1qt05k0dp5ehrzpjcgradcxe8cdmwmj5elylg43l,1,2,1,1
bc1qt0fh6w5d72tweqmgfdjshceg9rk2y4wz2hatz2,1,1,1,1
bc1qt0x0sg7hhucaty84jpjsv9vn0mhw9z2778x5p6,16,16,10,16
bc1qt20yl4dfzyzyq72wfflnu0z9n38qdn3sf40ljg,7,7,6,7
bc1qt25k6wwm6qtw4f9lgx8ty0p5ypfa9pk9sa6r4c,2,2,2,2
bc1qt29qhq2c4n9fjjkx7h9sjnpakh5km7wy0asm00,1,2,1,1
bc1qt2f24r67fruzfmqdwxdche3kqfqpk0snea90ge,1,1,1,1
bc1qt2j7t5rdcdafqqrjxw3j8sjeyta2xu5wfk6fgr,1,1,1,1
bc1qt2phml0dvf7dgdejsztg502eacts2u702w4fzg,51,48,14,51
bc1qt2xd89ntn9nwp3jncajf56wnpp9u6w03hqrsxh,22,22,10,22
bc1qt3gewlwfqfemt89etd4uwa2kl58jhwr7hhuuzz,1,1,1,1
bc1qt3mmmdlhecw8e5065wwp55sp2w6z8s9v3h8dmh,1,2,1,1
bc1qt47fvzrvvjvaag9rscv3thd7y8m00j5ts2qwnp,1,2,1,1
bc1qt4s9h5jlyc4fq5cwh68dhj8km38nyrsatlrsxw,1,1,1,1
bc1qt4szuyfzltmczefvethefzcmk6juerlg35ukfy,1,1,1,1
bc1qt4z2u76mxqrrt6tnzawenly9mvx3fpsthnarrx,1,1,1,1
bc1qt56kvlkvxa6nunc6dcj0r35l356k92qpve9gxh,1,2,1,1
bc1qt5g6tlftvhetl73ylnk29564ahhdy50s36z9f4,1,1,1,1
bc1qt5hj98xamspaan5w2f7h8ecjsgwpvlyvk8rxmj,1,1,1,1
bc1qt5ydl8sn4r539u94ee9rvz6jyfap9tasv0z9a8,1,2,1,1
bc1qt60vpx5874tm52g6ynk0f9w63lcjumhpcwv2q7,1,1,1,1
bc1qt6q273ctjrcdu4sk7rfdp7yz4cnzp6unxhcl5g,61,67,13,61
bc1qt6uvxs8sf65x84rtqtd952xq6yfnfr8nw57wqr,12,15,8,12
bc1qt75f2fjmhqztffvn78zgkhpuku9cmgl7jmzjvr,1,1,1,1
bc1qt76446vtefndh9d8h25h4fr4xjk0gk656tlpz5,1,1,1,1
bc1qt7c8u2a36rq0j9qhtup0h9793us4qp7rm3sr7y,10,10,9,10
bc1qt7uv0w04mnfp93s5uec96thr6jyqdynyl0t6hg,13,13,7,13
bc1qt7x3fvgk37ganlex63gqqhx4v3qpsmedqv7zsq,1,1,1,1
bc1qt82d8lk56vd9h7s8apqc6exkhnymnw9c7p35zf,2,2,2,2
bc1qt8cswyvctk3vnwraq7mnuflefh6084mp9kjxq3,1,1,1,1
bc1qt9pdce2z0he3puqfe5249cjmdd046gvrvanspr,30,30,13,30
bc1qt9pjjz0ju98splqdty6pf36y0qkccdvqse680y,1,1,1,1
bc1qt9rnvzkrhqnv4z4e7gsmfq57u0rez4rlzug9mn,1,1,1,1
bc1qta5g80a5aufzcmrtue03khzg59kksexg8hf79h,1,1,1,1
bc1qtapkq8jfuh9tkrvw4h0qkgmd9me2tmxxe77euu,1,1,1,1
bc1qtcf6akjm5ldwx3dfz92q7adnr5mdlqykzed805,1,2,1,1
bc1qtcs33hxen36x42685xh6anplsxupmpxgkurepf,6,6,5,6
bc1qtczu0smzvg74drqukzcfpq30znl9urp2l4h0yr,1,1,1,1
bc1qtdru93k3c86867s267pgequyprqs9hvts9vzhp,1,1,1,1
bc1qtfjw6nxl5un5f64fzmjqw2my5spzrz4w5v4e6d,1,1,1,1
bc1qtfmye69w20aq93jdtcqeg994hqjxpy6e40vmsl,1,1,1,1
bc1qtg2na99wcqz6pfalz5e3e86r7mgejdkqq5watv,4,4,3,4
bc1qtg42w6ufut8qxweax689jx8ytr39grju85at9f,1,1,1,1
bc1qtgat5sz8j0jlhj09enh3arr7t3mde607khhp34,2,2,2,2
bc1qtgctp7vtudjrtxqrtkmm6v87dt8l93pzwms3ct,1,1,1,1
bc1qtgdmr9v8mxhms5r6rtlupunmdrmv45lad6hc46,1,2,1,1
bc1qtggmq67dk50yjgmt47m3x46np8ar9s9jnr80y4,1,1,1,1
bc1qtgpf38y060hfm7mh8xmelsg0fe3p88mrzftnny,1,1,1,1
bc1qth9mmqzv38k5yqh8c8rat9hu6u20a9gcj6zu6n,1,2,1,1
bc1qthe099jp2xkdrqjr2a6yalx200gw3hsgfd97l8,9,9,7,9
bc1qthjk55jg2z5jut8teu00h0apmdfdrqyu9kk7mv,4,4,3,4
bc1qthmqd32fqeann2fkqv0u45fxynj8alhclcs7tk,1,1,1,1
bc1qtjc3smc4vxca9qcagv46umtw6w0jexfaljpfq9,1,1,1,1
bc1qtjpun644arl58v0kwt4x983auce7rt3dsruhnh,1,1,1,1
bc1qtjrrd7q9uuhgqxkj6tpqndy3mc2s368wzuahhp,1,2,1,1
bc1qtjx3p355cdpj0883thm2xy23lnwn02lzz9h8v8,1,1,1,1
bc1qtk8fsrywyrszetppt2ujhj8ld3zdw3dk3nk3wp,1,2,1,1
bc1qtkky00v05xtry7ljpa9gyujut3j0xnm7rx9fx9,1,1,1,1
bc1qtkt7w4av0xw0p7w340drtwmnxtfj7sphva2r0w,2,2,2,2
bc1qtkw6t9mx20h4u9z8u5ndmmkq725ayws8ckacr9,1,1,1,1
bc1qtl0kghkd0f2fuwvtqjh7wkwgwmm9kz7e9raztc,3,3,2,3
bc1qtld5x9a7e0sy3j7lunu6vuypvyutll6r6cujtq,3,3,3,3
bc1qtlxz70g4uhg8t0zvnr56sd9ug9r3edyycapyld,69,78,14,69
bc1qtm7np6tsylclra29zted8u8n20ejxn6fwg4hzm,1,1,1,1
bc1qtmpjskcfvkak52xr984lrxp2j2hza802vljghn,1,1,1,1
bc1qtmqxs38hq5rxkpl2d0qxzvmx8r72dezwwem622,1,1,1,1
bc1qtmrd22mje3rrj9jsmehxnxgkk8tmymeuxsnwz0,1,1,1,1
bc1qtmwfrk8ldzccp928w3m793pnq3nnudzxmq0rft,1,1,1,1
bc1qtmz6d69lcvrjw0602e84gje5ww4c7tc9m3sd2t,1,1,1,1
bc1qtnrzaepg3k8rfqmukqgs9vd37560848a33gzfj,1,2,1,1
bc1qtnvsykar8zv04k6vkk74u7sx8u7nlzyqveqdmq,1,1,1,1
bc1qtnwzkka20z4nh5jgucmle2mcy6te8n5rrm2df6,1,1,1,1
bc1qtp7qt2zgkt8q3fvksl9dr2lgq259pq227gha04,30,29,14,30
bc1qtpay92k2ykxj8qn9wltxp3kwmpym3kd3qpt89j,1,1,1,1
bc1qtpgnjke5rg96gyydtvyyjlsc7pkzdxre7nltye,1,1,1,1
bc1qtpl849xec6c7g4txnktmsl9tsevwk94uxsprrh,1,1,1,1
bc1qtplsuuj7g4803kys9yeyz924mcqrhzvsqn2a00,1,1,1,1
bc1qtppdp8arnue44jjz4qvl2ydpn9png6pj62rlwn,23,23,10,23
bc1qtpv9ppphur049gjeftwqws78tk2t5kengu72xe,1,1,1,1
bc1qtpxsqymvwt3jgdnlyfq7459434gcru5myvw8pq,47,47,14,47
bc1qtqdf2ce7pd7hhlhj57c5dqfs6jdp8wgftkahps,3,3,3,3
bc1qtqgfg7zrdjh626ttfth82pldnehs5pp4p7zf6z,1,1,1,1
bc1qtqmchcvth6fam2g0609t74ws8dk47z2gp9al9p,13,13,8,13
bc1qtr66npuu8v4gh8wdldfp3fte2cgaegujnfsufg,1,1,1,1
bc1qtsuqn6npmr8qth5t9padgv6665y803wjzrjzfk,1,1,1,1
bc1qttxz72cue7hd4tfj729eg3jwsm97kzrlh8lmvf,1,1,1,1
bc1qtuhlc9setyyqsgwx4casls0u066uwz4drw9mfu,1,2,1,1
bc1qtvdzdryys06p4lqz2dt82j8p8q8mwvs7a4n63u,1,1,1,1
bc1qtvmqyrc30rjlrj5s9pgcvtz864jaqsgvdrvg8f,1,1,1,1
bc1qtvvr0zarhv3hae8p0hlut7kk2s9jpcr2dwwd36,7,7,6,7
bc1qtvxtwjfmer6p7fe8a6putdnww5h0gpjqk68fm4,3,3,3,3
bc1qtvyx2wfwrp9n96axnk4cuf6lvq7mttazc7eg69,1,1,1,1
bc1qtw0lfacw5sah4lhlah7msqctqmx9y2jz0yyj2x,1,1,1,1
bc1qtw3xq0nmcudwx96uufccp3dlm45plcudhfyc2e,18,19,8,18
bc1qtwafzuny7kd7rrm020ladwh2xq4vahkt6w293h,50,50,14,50
bc1qtwve96k4p6fsa544f6agr0e7rfa58qqkmlzmq5,19,19,11,19
bc1qtwxswgf2dhe0372m23uxwx652uuvq7gsqwejzq,4,4,4,4
bc1qtx52tjd4v8zwneak4s22xjemx9mnxtw3yz3dz6,1,1,1,1
bc1qtxpjs87czfxv6h5y6p7xswy7t0wj0k5qrrgg8s,1,1,1,1
bc1qty2k5mkk7d4lgjdsmdylyk6qhhuc9nrewhphmm,1,1,1,1
bc1qtyhgkrmlc2h8408jn7jsdqednzalrkqa4nkxqk,29,28,11,29
bc1qtyy0e80z965sd50segna5yqaxydsgky0hj2unq,1,1,1,1
bc1qtyznsr8npr7gpn8telejeqvwd2uhfjfhy2sr82,1,1,1,1
bc1qtzh03ytksdedzq83zvwvrp8wdcupermrall76k,1,1,1,1
bc1qu00st0watz339vygnrdw07axr5yv78u97vxdln,16,16,8,16
bc1qu02rrauk7l8994hf63jhjgdartnw4dl2wdexud,1,1,1,1
bc1qu08f5cz9g9yp36rh8ww7jy0seycmlcj569ufjs,1,1,1,1
bc1qu0cs09ml53s3z5dpvtzahmq4fmr8h2dzgecvwp,5,5,4,5
bc1qu0jw3ccr4s7rr6r0yrukxev4gys9tq22jxl4ey,45,48,13,45
bc1qu2pfuxkjj75zmdzfchpn8p589lk79xplxcng2h,1,1,1,1
bc1qu2pw568phl7aq7kpxvdt5eu7ne0977yet66u6y,4,4,3,4
bc1qu34nqsh0r8an2en8jhwwg7fah67d09uhy8rvf2,2,2,2,2
bc1qu3esq84uuj6cg8l5m4g54nfs4meattra2g673z,105,106,14,105
bc1qu3n4te8e2ga9ylew309kvkdnha0y8ypvq2qh8v,1,1,1,1
bc1qu4eupg6nk0tkh29rddpque3g7xeyzqlsva9ndr,1,1,1,1
bc1qu4m2jdjdqt33s7sq50343aksm2m79d949hz7e3,1,1,1,1
bc1qu5fx2ky92hzh3728klummwu0zsqkttqfr80wwh,1,2,1,1
bc1qu5kd9xln2gn7mv60uj9ppec3ayv2jnpeqghggw,1,2,1,1
bc1qu5net2ccgvxwn9a7qhlfus9exeu7yxl33u5e8g,1,2,1,1
bc1qu62artklky28grgn803l7ndquxlqva3fpz508q,1,2,1,1
bc1qu6ltw5puds3gyg8nmhqtfvjlaqjklagh8jrapd,8,8,7,8
bc1qu6wawxpp8lk2f89hu9352dh3tmas3lr8lv2p64,9,9,7,9
bc1qu6wncpx940qhldnlfs0k69l6225xgateuqe6ck,13,12,8,13
bc1qu77ry3yxwda3t9xunjcg3ar6pxpw09a6nl7h6x,1,1,1,1
bc1qu78elmlsyecre34jn3gj4r3ejkwmj5xt64tl66,3,3,2,3
bc1qu7cm3udsqg4ndkw5y6vt5yglehkr6hl06ykq82,1,1,1,1
bc1qu7q2p7mfqcqemmgh8az7v7uq44rvf54hek6zea,1,1,1,1
bc1qu7yxz8jgq2ch7m2s5wjf03fau4sptvhuvc0een,1,1,1,1
bc1qu8lt8lkgnh08kzt90aedykwjcafhjlrc9v3hz3,1,2,1,1
bc1qu8u4en8xqnvfaz6n8cgudvrqtfh2vejylcz8px,1,1,1,1
bc1qu9gjpdqg8umhskawge0ve5urtxduwm9mx39ucp,1,2,1,1
bc1qua4qhgakwdqvy5tyaeypkpfennk72l7n0zvlvs,1,1,1,1
bc1qua6zcxgjfjdt3lyuc98tmcf6nmm5pl6qccj0d5,1,1,1,1
bc1quagkrdx4y792wsc0alpdw9g8sun0pcmadnl29e,1,1,1,1
bc1quanmj50gpg2aehcnpunq38k2568hk3a2asg9mp,1,1,1,1
bc1qucrjlhu26sd23r48nm2pccaptrd4l23r2sm0e2,1,1,1,1
bc1quctnkahh7k7zxht8zjehw924pmmzhygngvj7gp,1,1,1,1
bc1qucy458ux6x8wgasl36jcmeh6uf08sm74nguqkm,1,2,1,1
bc1qucykfd99alkxmekrxrrh3jpfaucr8gwxcg47h9,3,3,3,3
bc1quddger2xt3k34tg3ud09mcree3lumlxyg5kgf2,1,1,1,1
bc1qudqq2rxlr6vff3r98ctp96za02xahzalfypm6k,1,1,1,1
bc1que3jz4w55q9l2u2au0gtp80gqhx92yvspmvcpy,6,6,6,6
bc1quezketnxzugjakwrrznuajnqfpn6setpc8dffa,1,2,1,1
bc1quf5zu06dwaf6jx5lu4mhj9xwchxrae6axsncj5,1,2,1,1
bc1quf8j2n9w7x70qmvzhdz6sdm8mu2vem46ze77hk,36,34,13,36
bc1quf8t0zd6j83ekp0kfqq0fnj6r0hmxn3s9q2e0g,1,1,1,1
bc1qufk0kl6la7eru0sfqhfyczskhlt7gnq0d3cd3q,1,1,1,1
bc1qufsjs5p6m75ffpees0794ruzky89t5dvuv6xvk,1,2,1,1
bc1qugecwmlumwccwhg70eqpuhhqsq38vwrxya5fgq,18,19,9,18
bc1quh2x08c4n35vvaaakh8ja5kqk7vkpmhw8ffqvk,1,1,1,1
bc1quhe5tjptfv3cuh82xjsfndmpaqy7tw9gr0gamj,1,2,1,1
bc1qujcecjaglxwpzpn8aj5frfc8gurqkg48nvcxcr,1,1,1,1
bc1qujjlpn77s4tv5vhlhxv9jgm2wctplzrqfcaycr,1,2,1,1
bc1quk7vpgdjj7u93e7wdrf80uz8d2lsqv8mj730s9,9,9,6,9
bc1quk89l56dj3r6rf8zxctm6672a0dttcdlvy6tnv,4,4,4,4
bc1quktkunnf5g6r8hxx85m70wky5amj6lzhr6qvdy,28,27,12,28
bc1qukzftkaqe5vl0628vvw3gy6syz5gd6h0pp7z42,1,1,1,1
bc1qul09q6dgkj09p7n2apaagethaqyc4zjm3d94rh,22,22,12,22
bc1qulkj63gpqp3d68v74wk42gazx5s0h48r6srfw8,1,1,1,1
bc1qulm43glhh8wwntv4d993yrqed29y0evkcx2c69,1,1,1,1
bc1qulwyaqu9pv59ju405a6a6cxgljls7yaxrh6atl,1,1,1,1
bc1qun4hufet663ssszmcynzq63lutw9nyaz3q2ks8,1,1,1,1
bc1qungeuz55y0s68hyzp099zcar20wtddx42wp3ha,1,2,1,1
bc1qungpu37f6mnyuelpqanlskje3yvn86a0ja4dex,13,12,8,13
bc1qunhw6l3qc8nmuyk99xprvwq63kt08ucz67j2rv,1,1,1,1
bc1quntlpf03gqf9x8rwst402vk8kth769hnp2e46l,1,1,1,1
bc1qunx58ttq9exs2jd8aac6tcguh8jm7yywp4wzt4,1,2,1,1
bc1qup6wj5rmve86q64r4mprkch2jel9yk4qw08000,1,2,1,1
bc1quq8jkvx9ulm6m4rkt76ygp2957r6yrfg0y8e7u,3,3,3,3
bc1quqa5r284353lqm2m3cqkurk8u9dn3v4x79ajq4,1,2,1,1
bc1quqdhr0cz452ngj9z7nrgl3pm7h2ma6ghqm2qz0,35,34,12,35
bc1quqhm5u53l5hlk6yclgqdnf3teueejhl3zf7tm9,1,1,1,1
bc1quqn9f7uyfp0mr5cm0y6kjv0fkruty024n2dmee,1,1,1,1
bc1quqylyvrfdg9td09man2v0mt0njuv379hec27um,8,8,5,8
bc1quras0x2xsn57nqvtagl0j4gqgxj6l7xksujegt,1,1,1,1
bc1qurrlw6frw039yznxvxpc5a8ffv7nke3e2789mm,1,1,1,1
bc1qurvfrwtz7s2am8lzuklal8f8k9djt23dqt6y0l,3,3,3,3
bc1quskskcdge60rc4raznc8se4x4sf2ah45m0vllm,1,1,1,1
bc1qusxzyysuplfqzc3f4eql7meywqc78k4ner9h49,30,30,13,30
bc1quta5tu37472e6vm6fzr0t4kq60a48ncnvqw3re,1,1,1,1
bc1qutsvf285pjg5a82e674qp4f9yd058g7fepaech,1,1,1,1
bc1quu27dda9p4yvcspefz3kqvtlffvdrxz79jm2lr,1,1,1,1
bc1quu5ynz8p4x20t24mawettmepvumcqdd3yxth5v,30,25,14,30
bc1quuauhazd6fcwlatuy9ru0k8g6ttz62jv2wv0rf,18,18,10,18
bc1quue2qzme94lssa44tc4nxsee5l0zdr7pjk36cy,1,1,1,1
bc1quv6wpcx7kh4llmckzczy4mlzc59gn5jvznrdl3,1,1,1,1
bc1quvy8hgxgwdmx7625ccmy6t5tq2ahm7kx7gg0jv,1,1,1,1
bc1quvzjrlkzuu55dvn6xx38wttn5fqaz83f9zkycq,1,1,1,1
bc1quw2uc5k0tnr7mztg58y7ptheueamgl2ky6c7e2,1,1,1,1
bc1quw4lj96hunqexpc6c9jaunnga5l7yw5vjthmgd,1,1,1,1
bc1quw8un3kaamt6gc0eu5zllslh3j0j4gkvuasp07,6,6,6,6
bc1qux38xgxtzkjyve2cd9wnsmpay24gx042g2d8yn,23,24,12,23
bc1quxct5ppwwh4n4lr95gpzkke2y0u720tar3f39k,1,2,1,1
bc1quxg05ktjuzxduamftnxrk6kf89lvgh99ve4j9t,1,1,1,1
bc1quxgpmdyjheplt6yzy8hxd2w43qq43htt4pj8v5,1,1,1,1
bc1quxzgc7c72phutuplk49hytgnef8v5j9klp62hs,39,39,14,39
bc1quy4vt43d43h78sl6fpk3uspjv3qjtwe3td2zpw,1,1,1,1
bc1quy9dhapu7r00775nt3kssvczps74yl9z3svnca,1,2,1,1
bc1quyc6zdpd2fad0rv0maqaj4tepw3dqlyw4ya4nr,1,2,1,1
bc1quyg0vmuxfx4k32wu0uup3xs469de3vf0hze0ga,7,7,6,7
bc1quywntq9kvljy5us7y0jz2v2r52f3mhe37xmrqg,1,1,1,1
bc1quzcwy9maxqhh0509pz4prf29gjl60kmu8jerv0,1,1,1,1
bc1quzg6snwmw3kh4msyzmndsevvw7l4ssw946564f,1,1,1,1
bc1qv0at8e47v6jmgdepk0nkd0lglenkxct6rsudk0,1,1,1,1
bc1qv0dfmxw825zhevjt8n9clg0aktaakz8m8r49yc,1,1,1,1
bc1qv0fjyaa99qxcuajvcrsq4fuxsw637sdn7cd69e,8,8,7,8
bc1qv0pg3hsnz33p8cz8mrdv54xnpwdrccx0v0val0,1,2,1,1
bc1qv0rcdm6sckgv3jphaf76agpquzqz6agql8fwlp,1,1,1,1
bc1qv24nyxp7mp4s0x704r40yuxu89rzc5ygrurnmy,10,10,6,10
bc1qv2787zl3cdfsm7a0yam2k9yxuc0rj3nspm35mk,1,1,1,1
bc1qv28ddhq6lq2zk23wtaqy84axd4nvluzz96j7v3,1,1,1,1
bc1qv2elx3jyjgyas2xlwjze427uknje60n5d0affz,2,2,2,2
bc1qv33nd3rt459rauxl5mc05lqvymv2rqade4jwuq,2,2,2,2
bc1qv37snkjchqw2ym54s4hv6gmmxdpsvdnjdrmr3z,1,1,1,1
bc1qv3cgtfdvq22vfcqtsrzpy7azmmc5jkt7xhfez6,1,1,1,1
bc1qv3tx3l3zxa0zrlm4wqt5mq42rpe743fgmn40f0,1,2,1,1
bc1qv3uxn3q69zqj046vychhe5awa2gq62vrllaf9q,1,1,1,1
bc1qv3wp5lygeez0l4x3hnqadz2fdeqcccglqurfjq,1,2,1,1
bc1qv466400rwcwh73vwx5pqpnxefclhz9nm083ehq,11,11,6,11
bc1qv4ak4qzm4nf77ztmct9et2r5g647fv4t4demne,1,1,1,1
bc1qv4ky56yh56u4070dczreemsmyn2c7k9e89kdq8,1,2,1,1
bc1qv4mt5efe05mpzct4kyh97uhyv7s4dytav3s4py,8,7,8,8
bc1qv4tm4d50u76md4phtt9ge7myrlekglxu5kkmdu,1,1,1,1
bc1qv50narkq7ql7hqnjevkac66gy0q5kys3k322h4,12,12,6,12
bc1qv5lwlstxnfqstzu07s8hayjf4r4g4wqhkllwej,128,129,14,128
bc1qv5yt8k9qa8v65n67zqhqv2rw93k9e3jsjdde3g,1,2,1,1
bc1qv6sl2ysq9qexcsapn947wpcacawcutze8ztvat,1,1,1,1
bc1qv7de8ktc6ecpp7h640rprtflhqv6p37qfz0wu9,16,17,10,16
bc1qv7s06yt8nuvhftu98snkc0zlgaff5rrhwl5al9,1,2,1,1
bc1qv7vdazvntjn3ujq3lmpu6gw5yq765yy7zk9702,6,6,5,6
bc1qv80qz05608vuku77wnj6v4mjy43qndxpt5pdux,1,1,1,1
bc1qv83y3yr99gz9anas957mx3gvrtyts5fs7qplzt,36,39,13,36
bc1qv8nmjfnkf3q8lehjgndmq3xuy0wlyag939dqps,1,1,1,1
bc1qv8pvpd7f0mv9naf7mp82ful7pu0vjer4qxm6lj,8,8,5,8
bc1qv8t7uzp8y20yzr52ug95wwgucxa2x3r046yldl,1,2,1,1
bc1qv8ucj607njlh94yw4hdy5df7duw7zgmft7ex8x,1,1,1,1
bc1qv96epyxrgn50pydrwv5t6jjztx0asjgcuwymlv,1,2,1,1
bc1qv9l27v56wnkefjjw6wwtn2hylqqeewng2309tn,1,1,1,1
bc1qv9nssfp9jmtt6ygqlx9y9z4hjzm3x2ulyykq0v,1,1,1,1
bc1qvccrqv3amygwql3cx807gax4erwdlkfhexs0ae,21,24,10,21
bc1qvchtqvuhvqn4xhsq3z37ezs3rp7alt7xzhpftg,4,4,3,4
bc1qvcvw6ne4prujsd5t5qy96hwesapemm7lxdsyn4,9,8,7,9
bc1qvd2wzge2xvz70gyj36lr3lc4gd4t0sgrvzcc73,1,1,1,1
bc1qvdcuf9y5cuy3p2tjen80u965r32dxh6079w8yh,6,6,4,6
bc1qvde0z3p74q0hpqpeama395s9tkm5kxe2tda3ha,1,1,1,1
bc1qvduyjnsr25rfejzxm3jr0udsxe7xfal2tyq29l,49,54,13,49
bc1qvdxafd93kv53ap3t7wrhkhc43yg2au2x5vj953,1,1,1,1
bc1qvdy8m3rhs0l9hjhzvh7ry3qtkl8wz0qr5njpus,1,1,1,1
bc1qve80z4qvz8f5cxxlrhl4p5t6rm4csvsu0qw4c8,1,1,1,1
bc1qvecpmllsjj253eaz3mkf8n60ypgwsznezszy2m,1,1,1,1
bc1qvekff3q4hj895ayn7klzrxz0hvjfqqlczfdwnc,1,1,1,1
bc1qvfemndjfv7tk3sww4epq0kkltdt30jeuxqzhfu,1,1,1,1
bc1qvffmafewgerdywx3sgaac4qeat4dsymzyexzvx,1,2,1,1
bc1qvfgtmmmfvjvgxzyl037nshhvwgy9kr8nzarjrj,1,2,1,1
bc1qvfvadjvg7nchtl92cptt2qpjh789v3a5w4lx3f,1,1,1,1
bc1qvgngmf25y8t5fp566nu3fvxgtp3wwwpk97g7ht,2,2,2,2
bc1qvgu22s04rlxw4w25c8l6t336lcjraahdcy3qvq,14,13,9,14
bc1qvgudz9wmfut06dxpxnv447taeyn40w9hwwxtn5,1,1,1,1
bc1qvh4ry8hgtjw4qr74tnrrzmp89amec8a2hnyeww,1,1,1,1
bc1qvhk2c498jzq23turwzcp7fs449wqhva55duk8n,1,1,1,1
bc1qvjj68av5khzayausu43eqay0d8d7w02as3lfa4,1,1,1,1
bc1qvjvzw2zh0q293ekeevqy9jkk3wvaeqst6xyj48,76,73,14,76
bc1qvk09nzyvqwpwtxamzypzanwyz4tude7n3ng2za,1,1,1,1
bc1qvk6xksaypwge4lpya0aswfdxwrzewkqtwka35j,1,1,1,1
bc1qvl0avf097h8xrptmu50sja2fn4ppaxa0us608r,1,1,1,1
bc1qvl7qjv0u3gew3a840l2rn33jpghegtj30wfnyd,1,1,1,1
bc1qvlf5njtg5v58yatp4z0s4hwt72qsue7mcczgln,2,2,2,2
bc1qvln6zphn8sztdvvzhur3a7sa0x9yw5xjtyanxx,1,1,1,1
bc1qvlndqra7hgs5ds3jymxgmylwcmycefctz82qsk,1,1,1,1
bc1qvm78my6jyfc0gun9nkkqa0dvz7zw232hflrjuw,2,2,1,2
bc1qvme4dfuypdlsl8hgjmxd2p735xt6y408w9dg65,1,1,1,1
bc1qvmeww4qp5na2pmu3p6qdy2ufhk80jt4txnkwa6,1,1,1,1
bc1qvmghthc3njv2rgnqnqxt2hfw9nj7p3zv7gkauw,1,1,1,1
bc1qvmvcxnh33xwhuf2efpx6kx5527julxh4wvdyuw,22,23,10,22
bc1qvn5uh2km2x2896vvxmcr23v7r9mujl5kg53fjy,1,2,1,1
bc1qvn82n54wauqs9sq0vkeunddgxcfmwmxj00pnt4,1,2,1,1
bc1qvp3vw6956klpljvzuwljxhn5uhn50x45t36xpj,1,1,1,1
bc1qvp9l2qx7wa9cp98syhswcmlxg4urvhg6e8e593,1,1,1,1
bc1qvpn888f9qxayctwvp4fhdywem0z8gqgv7pk45u,1,1,1,1
bc1qvpuqt0lk295mauavk0ypp74hd4hc3rt9cj95wp,1,1,1,1
bc1qvq2ryj9nzcpxxrw48zad7ntsrjnfsq6wcfcygd,1,1,1,1
bc1qvq57ka0dmt7ckuhkkg465chpmc372en78wzrrt,6,6,6,6
bc1qvqhrt23nl74zrqqsduxs0hhs0l37wlu7xl0vm6,1,1,1,1
bc1qvqx5hhjmseqa4tnhdjw5y3f847lxxq0ehmaxjy,1,2,1,1
bc1qvr57dm74apt8huj73lv5nu86yktsug7jphy0dr,1,2,1,1
bc1qvr8248mjupsh5z2d90uj3l8kckrd7x5pq7swfm,5,5,4,5
bc1qvrt5klgrmfw8j4mxpcxerjkpk29yfrdmq8e3xq,42,48,14,42
bc1qvtd9txdunuhrvysesd7qgxv7f82lykjq9d384q,1,1,1,1
bc1qvtepzfgmcgh9ldswhnawjhuvjnueuetfr0z3xz,1,2,1,1
bc1qvtkapnj9sff3dpt45h5udwl32eqkkzge2h8305,5,5,5,5
bc1qvtmll6dwyyrnwn0z7l4cst88zy73a29wx82cku,28,26,13,28
bc1qvtx92akc3tm3ddcn3r5r722vu34aww496g93lw,1,1,1,1
bc1qvtzevys75lrgnxtqeuyly0cgy42nhumue4v5qp,1,1,1,1
bc1qvu73hl3dc2vttkkcpzccnt7p7l2g6nru4kxhg0,1,1,1,1
bc1qvuc9g5dpllpytyt92ed58hm7yztc225xvv56gj,5,6,5,5
bc1qvujn4nrfk0695canl3jfhkgw3t89e7w8jzghmg,1,1,1,1
bc1qvumpxhch3fr4gc2pmsupe8n96xv962krlqfrwc,1,1,1,1
bc1qvv2aeuy65d85636juvuvt5nmg03rlf3sex6hvh,1,1,1,1
bc1qvvh0d0m3yuk8pqukchf45s0mc9fv4lq4q7dzr7,11,11,9,11
bc1qvvke0e4uzr84z03d8mftv5et80sv0hu9tp5lng,18,18,11,18
bc1qvvqzjtqn3rkcnexp4v4arucfehpvavc0gm3n2w,1,2,1,1
bc1qvvzap92jalrahxegxq6veatymcqqcey2lrn2h2,46,48,12,46
bc1qvw7g6gsukvd3sgzvpw3g7l53wua4nxq5xt376h,1,1,1,1
bc1qvwa3fdtq3gj344285sa3xs6xsrv42jgghvydak,1,1,1,1
bc1qvwdluecfc9l6x8wf0ttt4dkhtfmffd54tr5ex7,1,1,1,1
bc1qvwfl4r7swzey5ym90e558c3wqmpsgzs8c8hq7k,1,1,1,1
bc1qvwyyapvwnzgyjsxfalz337xx2a3sw3f0tnvey6,1,1,1,1
bc1qvx5ygswsjqvzhz056kq5r4sj5hne9yaql379e3,1,1,1,1
bc1qvxum2vurmk06077r9llxm8xp9a3sytv9wek8fd,1,1,1,1
bc1qvydp4k59seky4lqnxngp0f3hj8qxyaky4dmcl8,1,1,1,1
bc1qvyfzlwk0z62mdst2gftyxscrx2jer0zsh98hqp,1,2,1,1
bc1qvynx98lupwyyuwch0hnz98hnd4pan3mgwnv9ut,1,1,1,1
bc1qvz7tzw5754ryrfe6wvxw2r233cjymz580fuf6p,1,1,1,1
bc1qvz8nh7xehmqrsyzgjjet2myadsczadmv9sv99v,42,41,14,42
bc1qvzcar50u58w0xaahu6h7w3n3agk2ujs0xxgmel,1,1,1,1
bc1qvzp046ptl8yu0h3aasm75hq00272k220t59l9w,1,1,1,1
bc1qw0882qmljmrx4t0hr3gu9z7s0f7uxjwv0g7ckw,1,1,1,1
bc1qw0c3paugfgzxzrpue2759a5cl2cprna7a0yrlg,1,1,1,1
bc1qw0q0xsh20lqdncdvtusfh65ee6z4zzrhkd857h,14,15,10,14
bc1qw2er8252pf9k6t2ye75nruexqhhe8jkqntaa4p,1,1,1,1
bc1qw2z7057rndx07qkud728w8mtgcrqduyhxwyun3,40,38,14,40
bc1qw37as3k4dx8ywrdf9txmxu6gk9adxpf0dxfm5f,4,4,4,4
bc1qw3h6phk9d585rheq7t8y89yh6ffa268gq5z62g,1,1,1,1
bc1qw3zrkplk9skdrsa00659msu6n4mwzs57njd00n,1,2,1,1
bc1qw42mept2thq2zfnqehy8lkvhv8kg0t8kstt99g,1,1,1,1
bc1qw4a7cl2h4yly9t7xkdrm3krj8stt8asnvfrd3f,1,1,1,1
bc1qw4zp03v0844guuamxsk54xzrvjcpxdfevl6lsk,1,1,1,1
bc1qw55aqhy5ftc2qp73anqjmthpjl422yc2alwfdu,1,1,1,1
bc1qw55z3fd74vrrc27647j8xasxzu0ztkc6d82p7y,1,1,1,1
bc1qw5m3xschtse3c9vrsak03mleujnem30h5zqlf0,1,1,1,1
bc1qw5nal58gse7w0y0ajn7vr9sydyplvggp7mzl9s,1,1,1,1
bc1qw6858a8glhjz95l8cjanuw6jmvy7htqlxeu98f,114,116,14,114
bc1qw6hmps46lw7eg9pcmq8gx0mt0ga0a34l5mqsk9,1,1,1,1
bc1qw6lckzeg6vn9frauelgmd7kqek3sfj78er0fck,1,2,1,1
bc1qw6q946nn6t7hpz873gp3pq7j0875dxhzxl855z,1,1,1,1
bc1qw6wr93rx4fa0x8attenysl46qqy3gwd43un220,2,2,2,2
bc1qw76kdazz5ads9prlkz4rd53h8dm3zgntfz45qv,11,11,9,11
bc1qw7qwszl7rtpjscymza0k82zunglzh07hvd8xrk,1,2,1,1
bc1qw87egrtwg0ry0949ss4gtzmldgw9fuym95a234,8,8,7,8
bc1qw8ass48ks32wdsszthh4yqfxuxqu35094mjequ,38,38,13,38
bc1qw8d95t5wdawudd3ycm2k9spmsc25h2l68tq7dg,1,1,1,1
bc1qw92zpprqjrn4xlnke5n6pan6yma4ualphdyw64,1,1,1,1
bc1qw9uvdyezndwche773g7ts7emyl29wqj8jf5qpv,1,1,1,1
bc1qwa2l89a4h7s45f30wpm734nlernsxfww0afxh6,30,27,13,30
bc1qwa4vdxk49z6xay8yek5a6qujkzmdhmazmpvfg3,1,1,1,1
bc1qwac8v78ka6eqhwj3sn60q6zqpfh542m0evermg,6,6,5,6
bc1qwaddkjgfhavmqhruc0nz3ag2022sldtjnc3296,1,1,1,1
bc1qwagc74jku6rj9sgkrkev6rd452tv8dfmldnvkh,8,9,6,8
bc1qwauwxg7v39n4r2ahpf6pqr7ftp79283kt056zg,2,2,2,2
bc1qwazslmgpvvu0e52nt76qlj8nms3q2m8vkvjf5k,2,2,2,2
bc1qwcrs5z07zz95sfk2psms823ngp0ekkaxd0mhtj,1,1,1,1
bc1qwd0zyz008y0pm9qyfyfl8pfymxfkyemqs39d9u,1,1,1,1
bc1qwd3w5kgfd4u2ar6spuv2r8akqrfwgnga7gyc5v,1,1,1,1
bc1qwd83k4ux59uxw7z62zt7kq5dd6rudg6gm664p5,1,1,1,1
bc1qwdejargxjyrrau4lsummg28ulmzgx9ap5half2,1,1,1,1
bc1qwdnn57xndf52ve2225763ws7nhfn4k5unme6qe,8,8,5,8
bc1qwfuq3v742x4h58ymdu9j2pa4an8ntna062cgk9,27,27,11,27
bc1qwgc4st6qvyn8m5u0m97mlck9xvd9nkarerfc43,1,1,1,1
bc1qwhe4nrx35ve0p2e2dwfe6uysmf7h5gvke4zu93,1,1,1,1
bc1qwj3kqphyj7trynrtdcl7xyg2x49e4a6dv2vjsz,1,1,1,1
bc1qwj4rhvtfec9ldzq7nrfyh6cd9pmnhsv5mcv0kd,1,1,1,1
bc1qwj9vdaayuqmvvxazw43j3m0tk7ymhts33djcln,1,1,1,1
bc1qwjaqhjp4kc6mkwj9s8e3r775hqxe5css3cs6rg,1,1,1,1
bc1qwjcs8l5qavxgdw85w3lctxljypwukxnxc36ctv,1,1,1,1
bc1qwjjaywsvm8wf3fyr2nju8ane3lu9zm5sp9wp3z,3,3,2,3
bc1qwjutw7cvz4ymwu2uch78nqy9p3rrv0gmrvhz8r,1,1,1,1
bc1qwjztrlwmyln5asx7y3qprpq9w0r283psq9902x,3,3,3,3
bc1qwk0d6r5sxhcscgm4uh72j5fp4erjm4dksc6p2v,1,1,1,1
bc1qwk5zmv3vjj5qxckgswwhjrsgpmwfha8snsunax,1,1,1,1
bc1qwkfx5erfd2nlne7gl9kkywardkuapljxa67wdm,4,4,4,4
bc1qwkktnpvjprl3jzpz6ltc53lqken08pnnnz4hzz,1,1,1,1
bc1qwkmwdeslwjfph0770t5eayq95er4cj0v4ja2qr,1,1,1,1
bc1qwlj6p6skl7yn4476p3ta0mxjqqw8t8wxznzl8u,1,1,1,1
bc1qwlur0yrfcvpmp7mc9wtdgzawh35ml3627n6p8x,1,2,1,1
bc1qwmeer2xe448prs0xf0kanfj5jg7n6v53w9lwwc,1,1,1,1
bc1qwmp2udgva94decw3lujutlnlsxggv0yrv034gk,1,2,1,1
bc1qwmqctuguzfshen5w8r7er7pqczmansw5w3hly6,21,20,11,21
bc1qwmuyftrrlrn5tzqxjdpjfr3uxgdzsmvupp4e4j,1,1,1,1
bc1qwmvffp2uqydnlfzml0mc7kymhducap0t7n9nw0,6,7,5,6
bc1qwn30ljlhrmde4dtedcws9yhgk63xekrmjdwpkj,9,9,7,9
bc1qwn6jkqe6942cc03q3sz6leseaakj6x9cuma5sf,1,1,1,1
bc1qwnjvmt59k6tdljuujyldw06r8r7m7czhdj4zd4,23,21,11,23
bc1qwnsme8m2524e35a88pj7wfc3uwlmz0whm07x5l,1,1,1,1
bc1qwnsxnclcdfh2xjw7d42rw99e6ussumuvgqay9x,13,12,9,13
bc1qwnuu36wv7ffm28ykqtdljdl0j5r528jq5qs7g6,26,28,13,26
bc1qwp7q4vg4t5rpff8hyhex4n5g2ml5tkwtcnjgtq,5,5,4,5
bc1qwp8n0m09rghljvfcdz0u4g35z6jpw440dr0wc5,83,85,14,83
bc1qwpgplhd2xgquagcj8dk256gr3u2tjtxld2ycen,1,1,1,1
bc1qwplzk6h4efdzyfghsh7z04xxq7rt2l35fvxr0h,1,1,1,1
bc1qwq5u5r66d574rhwxsnpkjs0vax76qyhl0avrzd,1,2,1,1
bc1qwqttlmjp5370mtfysrkyd9ccznlnu0d9sa42sa,11,11,8,11
bc1qwqys6sm7hp0r5j952rdlxz8p33ddzhzr0sz6pr,27,28,12,27
bc1qwr3p6p6cr86fnweu8hntzyplk5v7fk60aavhyk,1,2,1,1
bc1qwrakuyqn56t3t7vtvpragvu2kzw6wqswwds6d2,1,1,1,1
bc1qwrgjs0hye7kcxuwkphhh04s33xttp6qsd4fzxt,1,1,1,1
bc1qwrkrz062zk9vezwxc87mung2rpjhl3zjn2rgjm,1,1,1,1
bc1qwrlydj5j3r6j8p0s95dhjxqrm5v7afrend2dtk,1,1,1,1
bc1qwrrnkp7wjghuwlul4qhlrlyyg6cevwlr0hchyh,1,1,1,1
bc1qwrsm6pr9g0fa9p9tvgmyk9gpshqlmm5wsncznt,20,20,12,20
bc1qwrsspkz0kxyu8y0d5h6ymjfp5h46h7jp2hzjfp,88,93,14,88
bc1qwrxe3wp0gla3jjwwfnkamljrj7agse37fdjxq6,1,1,1,1
bc1qws3cpepcswqekgv4ue5gn9g407rzcss4j740x8,23,22,10,23
bc1qwsedxm9pk5lhdpf693rnyma52ztax34s9y8723,7,7,7,7
bc1qwseqhz0s6rd50dj8aepaa0w732ks8h6wkzdjgm,1,1,1,1
bc1qwshhjcj2rxxpgd2qxckxqep8lkza482ca7kp3e,12,11,11,12
bc1qwstn4a3g5mhfzcrvtqfz02e5q77kveudasu834,36,32,14,36
bc1qwsudxa5xzth05qd027xpn5d59d5mvjwyuyycwv,14,15,10,14
bc1qwthxan5z6d8cx6cuyngwh5902kxrdgxfmmjuzf,1,2,1,1
bc1qwtvqq7q6ymnneajak2x30hchzcggaqt4ghsx8r,73,71,14,73
bc1qwuaugme56vvaq83rzkfuyph5zzpf7tgynt5av8,1,1,1,1
bc1qwv5rtyrd77qpf0d5gv4pmtan9h7rv2ezsxcxnw,79,81,14,79
bc1qwwqyrwyz4y03ldg7076vxxmkm6arxre4x0vvug,7,7,5,7
bc1qwwxzk0pkh26w75cd6z4ptr8nxd55sjmtp6snx5,1,2,1,1
bc1qwxe2cdq58xh3wterj7k9yk3uuapjzd7s9k3swf,1,1,1,1
bc1qwxw6nphz4z5w4v8v3f7szac0sfuygs954ngttz,1,1,1,1
bc1qwxy80lgd67rt8dhtfy8yxpdr7dwdzyv9mp2pf6,19,20,8,19
bc1qwy6798qljjln5l07c96z6650f5ge28rkejdjqx,1,1,1,1
bc1qwy798h8cyhauvyhg8yqa7z06grlt35eeht9f6k,1,2,1,1
bc1qwycl8f54xfmz3x4u8y2a96fym9nc88eeueh5qn,1,2,1,1
bc1qwz5cjk20pwzuvyppdwq7herfltxyallyscmn2k,1,1,1,1
bc1qwze5sr2k5xwwga2lt928cwkrnmrgm6ue42a2nk,32,33,14,32
bc1qwzjwvrtfjyyhy4yl6tx6l5t3ccx6hhtthgfxy5,1,1,1,1
bc1qwzl0udx0knx20s5tvthrtjk5lyxcta3d4xjg6v,5,5,5,5
bc1qx0d2g3v3d20y954uks7sh68rta6ld5uxnsl4rr,1,1,1,1
bc1qx0jag2dh3zf6e2thepw8kydfdfhmg00w6kxyp5,1,1,1,1
bc1qx0rahntnld4t0l7jlaqr78f40t4x29p22e7r6e,7,7,6,7
bc1qx22yhvk2t530qdz0nlnemym5c20kf4d0689qwy,1,1,1,1
bc1qx236k3znevmck5gdul0v6zkj30ddjks3e6tqla,1,1,1,1
bc1qx2fne9wgw08lwqhm0lv5383p2s9twy2vqxmhta,1,1,1,1
bc1qx4c4pdy2999sqz4pwfpnyvt4nummndzqrjsx7w,1,1,1,1
bc1qx4e2s95t47t4c22eww4hxwxehhplsc5p5ljswq,45,41,14,45
bc1qx4g0wrzgd0pl45cwhz2kvddkgxy8ylxhctc0t2,1,1,1,1
bc1qx4ntp55z2legfcp4vmzh4l8n9037plutpq2vnj,1,1,1,1
bc1qx4ynfhdj2g5rc3k0hep85ldvhksvz7jjqcd5tr,1,2,1,1
bc1qx4zfqpz3n2uvj080lthttkwqg5uc57l40ate0v,1,1,1,1
bc1qx56u2sdzapyac4evezqs8g5alay90ug7322pxt,137,141,14,137
bc1qx5c4pne6utcnqpdghq2yyu9uhzdnkzzahy2k4v,1,1,1,1
bc1qx5rcxtsuxdc3l3r7m9a7qpsuwp2dklqhkf2qtk,1,1,1,1
bc1qx652aj896k2uxrafalr8gnp8hg2dtcncyzlttz,1,1,1,1
bc1qx6cqqwc4xmghmw8jjuw3ymyd27uyu08pw6gm67,1,1,1,1
bc1qx6ftxazrf65m6hd6uqcp2vm52gfc8ku6zqh2y2,1,1,1,1
bc1qx73hc6895dk6c807fs8j5qjg2090z0n8rjfegr,1,1,1,1
bc1qx7af32q67rp4kf3qs7l57tjqzwrv9hy69ukmtf,15,14,11,15
bc1qx7uuvyaht9m7sdl8xnr8q6wzgs2laqn4sn7e3r,1,1,1,1
bc1qx7z3ktej66kan43huyr50lplmuzdfujtcvj7ag,1,1,1,1
bc1qx88z8kk3ul3cycw68nluas32vzxfq6n9yfjhp6,1,2,1,1
bc1qx9k50ltzkqukq0njt2370743vtf93282agn6q0,1,1,1,1
bc1qx9t3x9hscrqqx7e7lgv9tkuq3ug6s2myf82rds,16,14,11,16
bc1qx9vccgtkc3mxwj9ktvm9rqwrqwl772sdhjzn2p,1,1,1,1
bc1qx9zvknqj2jyt5uzwg0u6acmzc25yvnpd7dajjv,6,6,5,6
bc1qxc96kr27qlxgqhhdf503zqmjh38f2d0fm2z0tl,1,1,1,1
bc1qxcg49nekqd2akh2frqyajnw4meacdvz3v4smvh,1,1,1,1
bc1qxcpps6lk9df0whd8344hy70d8ftlrskxw9mx2k,1,1,1,1
bc1qxcqf5pflpsqpn0mcmnazlfcz2a576mv6pkdlvr,45,46,14,45
bc1qxd8dsl3n39dfd6tk9w5pe58p70cr55xuu4f268,1,1,1,1
bc1qxdaczu7adz2l45hyxnv35u4uhcy4ys70hus0z4,1,1,1,1
bc1qxdw2rfjkw6zsz46w4upck9xtpl8kzfheqqvue4,1,1,1,1
bc1qxdzgqh6y4tlvd7kkgyumcy9gnx8lwr4pwjscky,8,8,6,8
bc1qxe9486e5dsyfcfy0yzveh0n70g8zffqkgrqh38,1,1,1,1
bc1qxenhuelueh7mces7ezkgq4gmn45tylhrjlglfa,25,25,13,25
bc1qxeva9p0pld7gcr72qx3m7pgc3d8g8jevnuet53,48,42,14,48
bc1qxezln2lc9m87rvtw0xh82xeaazjqlr2a385p44,1,1,1,1
bc1qxfjphnjgq96zr53h2u9aphlvqqa9ssjenl6zg9,1,1,1,1
bc1qxflsfgmxh6js7r9vueyl5aq9txfhxcxcuue5hc,1,2,1,1
bc1qxfx2ua568kdunas892nzd5f90kernstpeu0xax,4,4,4,4
bc1qxg5cy9kv63h8lkyq4w4cuwzd8ue4q4nqd05rrv,1,1,1,1
bc1qxg8ckm5g0390jpndvejr0lc80lyqh5gc6ht7yp,13,12,8,13
bc1qxgvcnf53r30jamg38dtedy02p3vjq5g75zjp74,1,2,1,1
bc1qxhazfjwshzpzqaks87kwycxjnrwydp6jqp77al,1,1,1,1
bc1qxhcmm897cukvv26y7z5p4dhvskykm5ufh0h002,14,14,9,14
bc1qxhcx3mxcnyk7wv7m3q9v3ylyqql8h7xnkxnkx3,6,6,5,6
bc1qxhemuryya8a8q342z79pft90xez5zvncx970j9,7,7,4,7
bc1qxhlwa2mjp5dfuvmhdsgdzwaadd9hp02xh6kh9p,16,15,8,16
bc1qxhqhknlm9mrcz0znpq536p9v83d06qklsvtxx8,3,4,3,3
bc1qxhuxfpx4ra9vz6ux0raw49rjh3lnvet8vppmtk,22,23,13,22
bc1qxjcstn7dgh6zcc6geyqeatugqnx5mr6rst7x35,1,2,1,1
bc1qxjmkndf058d0vxcf35jjh5md7q2vea5vee8jad,1,2,1,1
bc1qxjp7uk795l6qjsuu98jghu7m2rveyx6z608v6j,1,2,1,1
bc1qxjvqexn0thjuzp68gw7yrsnrlxxwmsmrca5pvx,9,9,7,9
bc1qxjy83ga0q24gvu7muxrl45mx8x82e97tukq88g,1,1,1,1
bc1qxjzq3wd5sgsa4a5g9h72254crfyj7kluajmjs5,1,1,1,1
bc1qxkq9zuu645he92wlqf8f798s8945fmt0wvmlgh,1,1,1,1
bc1qxl30j7ys7eugh859q29uprl7h52cu2pn6d3xas,1,2,1,1
bc1qxlgl3g94974pl609wf3r3c9659ee2793k7rm5m,17,18,10,17
bc1qxln07ppca6chcdykfyej2lnzavns64lw2h2qsc,1,1,1,1
bc1qxlrfmyx7qewhmn0ex3ep060ntpzaggv79cxz75,1,1,1,1
bc1qxm7ext7wphuy6jrzrdlzxx5pnxg432hftr0j6r,1,1,1,1
bc1qxmcn49r4l5kssulys3pswwts7e46jw7ey9ak8l,1,2,1,1
bc1qxnc6teqsqe0uu4tftdugj0vg4w05n3m0ksvvhr,1,1,1,1
bc1qxnrrpjymtp2dnghm9kv5gvyvre4g4ytz54ms2s,1,1,1,1
bc1qxnvfh2q5lp8hn0r099lygg72smdvnehuu80wy4,9,9,5,9
bc1qxpp303ctp4h3axqnvczkkqttwpnzv2d3as8fmg,1,1,1,1
bc1qxpv6fxt7z897gqm6hzmw7ckxmgs7w9j6svqq8q,1,1,1,1
bc1qxqzj6l7kf9zrjm5ntk4mcft2r53jxa9pkcldfd,14,15,10,14
bc1qxrhh7tk373d8shdujfx3dk7a5pm7w6ft5vvv45,1,2,1,1
bc1qxrrxgjjp5g8dmj6p2n062cxq8spay6jvjtrqku,1,1,1,1
bc1qxsla2yx4jrhm694jhr9gvh8ea03ty3vcf3h58v,1,1,1,1
bc1qxslf8eg3eqe9cxaaavathwfxrsutxp9eup3d0r,1,1,1,1
bc1qxszpzzjnlddezcsdxucqpnagdf54djh69cpv99,1,1,1,1
bc1qxt37854r3fnz9tvm764zhc63w7l5gh02ftxlvj,1,1,1,1
bc1qxtee87yparpnnvryc4wpluxdl7dtjjyuuhaeey,1,1,1,1
bc1qxugq2nt5vznuz9ndseglepz7dqf879n4s65q7l,1,1,1,1
bc1qxuzca3zlmt55xef8h0mue0kvml0hk6zlraggd3,76,129,14,76
bc1qxv602duqtcc02q78kn958wwxy76r4uueulyggz,6,6,4,6
bc1qxvs624luwmw08t56p4wuplme8a7rel0efqhqcf,64,65,14,64
bc1qxvsget8qrj8j9cexz4ly7r4agwr8km4l3nujuv,1,1,1,1
bc1qxwe9lsmh5hnp2cy9qrzwxgp258fdfle6s9fqc5,1,2,1,1
bc1qxx6raetxpe26t9c37tp2rcvynyzg3sdtknqkmc,31,31,12,31
bc1qxx9m9feykzz57xmrfp6mquyfu6pdegcwzvrckr,1,1,1,1
bc1qxxarke3am4hahupwwea53l9pd7je52dzqj5dvs,9,9,8,9
bc1qxxl75w0xtc6yrs8zyuhpt5xucgvvslujwv2mv9,8,8,8,8
bc1qxxzx28dh2julxfh4g8vu6q074j293h6h0f6wgm,7,7,6,7
bc1qxy2d07s607vmpxcw6tqv388vrhsvqjz0uxz2gq,1,1,1,1
bc1qxy4vcjgk4x2jh9934qm7gy9dqszkmc8azpc550,1,2,1,1
bc1qxy8tfh5g3uaphre8tfpmxk0zkzndp2x9uxvz49,1,1,1,1
bc1qxylpf5snc55z2329f5sr4ak4q2jfsg6d0htw8a,14,14,9,14
bc1qxynyn7rxfw5rveu85eyzuuurfwn3kmjs67jpwm,6,6,4,6
bc1qxyqz9gdpgr54kh2kflz6lme4w8h97edz7lpcqk,1,1,1,1
bc1qxzlmr3ky9pxk2dhy5jpl3nk8t29umc0fzr7due,1,1,1,1
bc1qxznq3duln9ufga8ukew5dengsxsagd2acj9gc5,1,1,1,1
bc1qxzqjehmszrwvw434juekej26fk2l652f6cjpq8,1,1,1,1
bc1qy08qff20m9q8rnayr76w4q2cfteatkrmvvmm6x,1,1,1,1
bc1qy08wpfmqfmwq7mdt7yzqe597vcneyst7u647dl,1,1,1,1
bc1qy0cpp3urnmnjsrky4xwsfl9y2mrpmrmyjn9mmc,3,3,3,3
bc1qy0shx0dv6tnh2nylfnywv9adux89nss6j3cjam,1,1,1,1
bc1qy2f42v7kp4cmxed2v7ywlac5hvzzuvqkph46q5,5,5,4,5
bc1qy2fpusnrq6t22k33r668gnptrmq08ewjtel6t7,1,2,1,1
bc1qy2qy9a7p9tla8a4el4uem8f9uljsnxkchujd74,48,44,14,48
bc1qy2rdv4np67nq08e0naxhmm8r9km8ngx0drsmc4,1,1,1,1
bc1qy3eftg4t73h423lyenhvx7f43an6p03y29wu7g,1,1,1,1
bc1qy3j7v3p3v0uqzmlwrjh9ha72hhf5k6tehakjfl,2,2,2,2
bc1qy3l4u56xtesv8qdth3ys5v6h8mtgtn8tp8dqef,1,1,1,1
bc1qy3rjtn86cq8jk0kaqngdetelzh0kxkdfjgqrka,1,1,1,1
bc1qy3tddl3svq9ycarceg5eu03d22ya00yn740qyl,1,2,1,1
bc1qy4cpmnxph6wqq3ysymvfecrpam6rtd2xmkdzdt,1,1,1,1
bc1qy53nxjzgw46r34x2k7rwqjynveaxpphyn07wnx,1,2,1,1
bc1qy5azcfs2u9wldttt0m32yzv5gm8lgn97nhplrd,1,1,1,1
bc1qy5v7hc68tde5q8ttzgv9rykk7upgmljvnyfepa,1,2,1,1
bc1qy5ye6585ac3hea9esgf0360fp8dlzhp2tdzrxu,1,1,1,1
bc1qy69jv7j289ey520qdhnj70qekprdelmkpxd76m,1,1,1,1
bc1qy72pfhf90yq6ft7gn764uqj8frzt2qemasnwm2,4,4,4,4
bc1qy73jkesvfcysfxw52jc3amxtlxj4uw7vs0ye9k,1,2,1,1
bc1qy73w6fud3z9lapljugq0z6n2f9uhjkt9lvd0px,1,1,1,1
bc1qy7gvwhx3x440ymq24gctevkzn3s4e2xgk7nw6y,1,1,1,1
bc1qy7s50xxgs8wc9vxuyxge4xn0y0pw0aepz5l4yf,1,2,1,1
bc1qy7tguh5k44pa7kgh0h70rxretusz6pv3jucjk7,1,1,1,1
bc1qy7xuy7v79gdjp0quc5t59dxsvvxqddympyhk28,1,1,1,1
bc1qy84ywfy663uzlc89rfk75syssr9u2n8w4vjg45,1,1,1,1
bc1qy8mue3h0lrhuw9mdvf7csg8cwyy36a7vvgdawl,1,2,1,1
bc1qy8nfpcdjfw3l5t05xrrxlakqxszsfh85mj95rh,1,1,1,1
bc1qy8se7cn2mfhr767rd68vx2xpr0czjvrafss4pk,1,1,1,1
bc1qy90c0r22umlttpl9ydhpwv66jjfldm773jlv2j,8,8,5,8
bc1qy9ut3upqle6jj3lfrnuca6cj9zadnj6k6crd3p,1,1,1,1
bc1qya78adl7c60ulsca3s8cx22gph83krz7hcyjzj,1,1,1,1
bc1qyaerxlezsm762kmg2x4u5qelzez2g304v604p0,1,1,1,1
bc1qyc5rz09sxlhzt9eleuf8mc70uw4fm2nqcckcv6,1,1,1,1
bc1qyc6upfzj8xumdkv4nh6dg3wlzydpy3y6mqa607,1,1,1,1
bc1qyd55u767j6054m99hzcn3qc8jthgy8u3jqnn0e,1,1,1,1
bc1qydd7vsttadathru27xvxx35w5yzsqnkjmg8e5w,1,2,1,1
bc1qydv5edxufwmelrny79qd987jz5p80d2p03shmp,2,2,2,2
bc1qydznqafn6dmgeja94fvxy6344fr580fcc83znj,1,1,1,1
bc1qye2re0arwh4kx58eucym6fekevcrgh0clvfrft,10,10,7,10
bc1qye5xyt9nhljj5frdzg7csavpfnrvh0t92jjqtv,4,4,3,4
bc1qye837usa25gw9un8n0f8yrvdnlq348xddku3uw,1,1,1,1
bc1qye9fe8wfpj7dl7eayw9jwhvu0dczn26geemnf5,1,1,1,1
bc1qyeeluphfy4czsvsfqzf557vzv7pdu7d9frh6nk,69,70,14,69
bc1qyesq43ml0rkm8r24dxgtm6g53lrz5rnq9jc85a,10,10,8,10
bc1qyetlmuag66a8smwktvxw8g03n6jcrwn7cs85as,1,1,1,1
bc1qyfeukzdvsnz37y7g3wmk3nu238nszl7l85eak2,1,1,1,1
bc1qyfqdahr7lpq6qp3jpmtxxf0vsk3e9hea0wn9z9,7,7,6,7
bc1qyfrq49hp4lg9f6hu096jzqzh8yd27epnht3xg0,1,1,1,1
bc1qyfujshaqctph05ycvlfj5658xyzgtzvxlvxzcl,10,10,7,10
bc1qyfv55rkfpud2qz2je4v6ckdnnkgjtltrfg8nle,1,1,1,1
bc1qyfz2dhmvldwq94mf79n6kty2qkugdqpl43ahk4,1,2,1,1
bc1qyg8juj7dfx63cxvdmsfz8zaq0g79j9tzv05ane,1,1,1,1
bc1qygr8vm84yaxfwjqmdu7zmc0s9h8legn2han6ya,1,1,1,1
bc1qygvlprx6ffnw5tc56nxmae247p5th65l2xnyy6,1,1,1,1
bc1qygygsw3vpsaqmr5m638alhzwr36u5qev49pwmy,40,39,12,40
bc1qyh6l6t0mkgewpxcyrvzdu32edjqkjlkhy4ew2t,42,45,14,42
bc1qyhkcl4vauch5984qm0t9xs9gus33aquf4svcte,1,1,1,1
bc1qyhkgn0l9vmtyaqljwjys2pcal748568c0k9vd3,1,2,1,1
bc1qyhnttuwm5ca0rcnlvnm0thtuku237x4xpkcmct,1,1,1,1
bc1qyht3qqd832pua9k3kczn4srtpuz9uvk45sszlj,1,1,1,1
bc1qyhuvghrwc057wj5mt5my8ejfa9e06xn2nmkjlv,1,2,1,1
bc1qyjcjcgkzdhel4g3wyysf9x4mvacg6hrmxmypgd,1,1,1,1
bc1qyjcshltezxfgll3j78u62ndz752nprgpmataym,1,1,1,1
bc1qykmmjgtqqfhvrh6gm7unrumeryt3smhwvh3qw0,1,1,1,1
bc1qykpnt6aeh5ypppd70q24kwqsvv2ek6x6ery2af,1,1,1,1
bc1qyl3s2284mqtz693ajtc0lwzx6flcelluh0y8cu,1,1,1,1
bc1qylet8wrsjafhpuj25qzyxmvdl0n2k5kwlsvdpk,1,1,1,1
bc1qyln7lgsnx87nvkvw7eyqmexnxukjnnpuxt45nx,1,2,1,1
bc1qylvxsxf7tktxtkcugsrhh425xl7jkm5fenf3du,7,7,6,7
bc1qymyy3l6hh35u8p0aj4ecjqx0xxxqp64felzx39,1,1,1,1
bc1qyny8jxjwwe74pg6v22dfy0u3446y9szjg6zhp4,6,6,4,6
bc1qypvj09wmaa0a52ftmk36y6g95z2amrzux489c4,1,1,1,1
bc1qyr2q4y0xg4674xsrlxmuasrfhwfpe085rfkfnu,1,1,1,1
bc1qyr88wzyrmy3t56a3zw20flu0rprff6r9f5awg6,1,1,1,1
bc1qyrgknajfkdeaxg6m88m4nguuca7mf7q5ykng96,1,1,1,1
bc1qyrhxrjpfv2s0p3yw3zwxpasag8tunntm8l3tc5,1,1,1,1
bc1qys0qaphj706r84l894zxzyef6qpzgekdsa4adw,9,9,7,9
bc1qysp8eyvzr8ku5j6m7gdtu7z6suzq3fez5lucsw,1,1,1,1
bc1qyt83pkx0xf0y53z8qan829x505ykthmgwnn0n6,1,1,1,1
bc1qytl7svdy4cwy0ll6kyq4khzupgum0fuxma059q,1,1,1,1
bc1qytn7u0ma72snvnv4nal2ch784enwz2rw3pjgj7,21,21,13,21
bc1qytzl0swptulgr6necy6z87pfc63z30vntsdz2l,1,1,1,1
bc1qyu8l3nsw0yfkvyl2dpsjhmh8wdd6z38hm7xdz3,1,1,1,1
bc1qyu8qnztw43y4trwrswu6m906e2p9ggmyknasaq,2,2,2,2
bc1qyul4xgwhlx4hsfcza2wcpfjjmh3maafzkyuxpa,11,12,8,11
bc1qyumgxagzd7ccl7fu823qw2s92a3rk7cqs0lygs,1,1,1,1
bc1qyurcmc0ugxhdksrn7zha9265ckc3xm5ec6ax4a,8,8,5,8
bc1qyvg2x4jxwg48k4zrsey0py79wjnzy0fpyg3d4f,1,2,1,1
bc1qyvg7039wj4gyax5k8ppwkfelea5cxharusxsc5,1,1,1,1
bc1qyvzr084a9w3ca4uq8td6xu5qkd0pnm5qa9k79z,1,2,1,1
bc1qyw5n90f472ns9w7z84r6c4qnerf9j5qacwwnny,1,1,1,1
bc1qywadmwjatsv9hlt4j9fnf7sx0lgeumuu2seuwd,1,1,1,1
bc1qywl5usvnepfzcfr56ved4q6lcemzt8f584xjvs,1,1,1,1
bc1qyx2acerxj90e9afyvqmy7gsqzntncrs3uwd94z,1,1,1,1
bc1qyx3rp82u8gtuny4sfksvn4zfemst70mem3y9z4,2,2,2,2
bc1qyxfaxsmkkx9fpvwrhcmmsfdjvd7kj2nc0770n5,8,8,6,8
bc1qyxujj3gt0f4ajfu6wq354pnucjymv2yq42kx2x,23,24,12,23
bc1qyxuqsaa53neqtq2zzee5dpnd0vqu267p0q5n2g,1,1,1,1
bc1qyxvndykr97s2j88tlrv2ss0k5smu2xqavcujy7,1,1,1,1
bc1qyy7deaqdmfkeamxx2hj2ddpqzhe0zf2sgaw28z,3,3,3,3
bc1qyya4es45p29fyssdau7z46kjm9f06p5sg57jpg,1,1,1,1
bc1qyyjygcdmcqyjtaafre3a4lg5yrlm33qnz3c3rc,1,2,1,1
bc1qyykwmn0gw5n5ked96mkavv6dcmu3xqpjy4tz6m,1,1,1,1
bc1qyzflp7z0gqtrnxa2yx8lwyvm4e58g5dzt4y83f,6,6,5,6
bc1qyzmkyry7zj6tg6hcucc9gk8tegwqpnamcw0akf,5,5,5,5
bc1qz05msvwavuj7ahh3frggxyqwez3pf904429z9n,1,1,1,1
bc1qz065eggn8les3w7p86ducmhwspsyfysx9gmdgc,1,1,1,1
bc1qz090edcwtgt76sd8cqsk2plk6due4d90v7545n,1,1,1,1
bc1qz2hrtm27w75q374qsn8t5kzjmyj88mc9ktujen,1,1,1,1
bc1qz2q2qn57q75xkzsdnp7ax0thw20yxjetcmfdha,1,1,1,1
bc1qz378ejp5g9z88nf78kuzgfsnw0a2qp7j3sfftq,1,1,1,1
bc1qz37wz3h8s5469aw38plenz0xkl54vx50egzh3n,8,8,8,8
bc1qz3qdvnqy4wu0heelxk5s36pk0fezml3eglgr4d,13,12,8,13
bc1qz3su8qea8ew43mgznvyjl2xpakd3wluavmwtyd,1,1,1,1
bc1qz3unx26g88qd7d3xc3hha3wu3anlu0jf4lfmf3,1,1,1,1
bc1qz3vvrlapp9g9hvt0nr4h4qm2l88rcvyhj3rmcu,14,15,7,14
bc1qz3w2y9tfxtyhj8hfm6lenqx85srcnngqzctlu7,12,11,8,12
bc1qz4rwp3yd3qmy7llg34f38dhc3qn5zadkclnq5l,49,48,14,49
bc1qz4znrpt3xuzdest0l0dydnfnyju87e2y77jftx,39,40,14,39
bc1qz5duz5yxul54vqpn3cl5njj0qxan97ljenh9sq,1,1,1,1
bc1qz5e2hzzmjux4qkn39ruzvkjtyal8ckhacq36fc,1,1,1,1
bc1qz5eacf5j4qt706zaa48qp60c7tu7vatejt4l3s,1,1,1,1
bc1qz5jj69656yqtluptvw6rycwlurfzhh2v0uumyd,1,1,1,1
bc1qz5lz4h8h8n3hjk4ft3wlzwn6sphfrrfuxtk3mf,1,1,1,1
bc1qz5xz8yycv38qcam7yz8jn99mwtffh8csg4c8mu,24,25,12,24
bc1qz687syv6nsh37e82x09f7q65puexf2f0phcjj6,3,3,3,3
bc1qz6jcn7mlep2ru07xz9xkzf32c5enya7p8h5c2s,1,1,1,1
bc1qz6kvxyn88cdy6pufj4qkpajv7xlk84qdjdrycj,1,1,1,1
bc1qz6zy9l5cxa6qqtdppx468gq0c47lsj86qdehkg,4,4,4,4
bc1qz72ljc9y9g7kgeqj0cpe387mnyfcx7u9hngslv,1,1,1,1
bc1qz7j9sswq8qc93jkfcnkan3ddy7x8hww03u2map,2,2,2,2
bc1qz80j0swf3guhgjkmj8g4mvd64tmxa4p0792fed,1,1,1,1
bc1qz85tcu68u43ekraav0pk47k0pa23ypr7s3j6hq,1,1,1,1
bc1qz8evk3wy3t7m0t0vr8cpz4nvmy278k976fadnm,1,1,1,1
bc1qz8l8awvmx4qqm2su07n2juf39w6ynx2emw08st,1,1,1,1
bc1qz8pdw3gu5t3lch4yk7m9glk34mqea2sf24uwxd,1,2,1,1
bc1qz8v6nvx55jsq9qj4j6qy9r4svxmhg7nwul9hpy,1,1,1,1
bc1qz977jzns4zxsx4e6hg046gvzn7u430fc3hxkjl,1,1,1,1
bc1qz9cj0c2kqtcllumt4a6cat8n2llr5w7me8r9dw,1,2,1,1
bc1qz9hrk27w89uek6ltt3x2c4p0n8rxkt2tst3ssp,33,34,12,33
bc1qzac2s2psgafskkuargxyr3larr4e6rck6w2gdc,1,1,1,1
bc1qzanx8wxtlu08kz4gkpwqnzu4ncsreanwlks5qw,1,1,1,1
bc1qzarz285v6g05rkdze528rapmp5pr8fxzudl68u,1,1,1,1
bc1qzauwlf53kq0py6g4k8kzgqn4ptxnd4wygaswwl,36,37,13,36
bc1qzc4fyacf74cvcvh8hlcw5t37jt75cwaev2ec63,1,1,1,1
bc1qzc57732kjddd32fa7uyava9k3wkvpqefmua0yn,1,1,1,1
bc1qzcre5t0cdcw03ahy6lg2f0ysaw34hnflvrf6lt,1,1,1,1
bc1qzd0hfwwkyx80l70a2uacu20eqjtgc64xnssc4a,127,171,14,127
bc1qzd4rnp6kuxluwxkkmptvfatc3nks5fz36cny74,1,1,1,1
bc1qzdlea07gncxedqvj0wrpp9jw52nwpl3xu6536c,15,16,11,15
bc1qzdmzjyynxw4tkk0h4fzhcyzr6lqpemrycu7sz0,7,7,7,7
bc1qzdu9mmahauaw698y47ppep8tpq9ny7mnztrknm,1,1,1,1
bc1qze227ulv5sc8naqus0j4zp5e2kl6a24xmlgwk7,1,1,1,1
bc1qze67gsfalq7qj7ss3ze7838xjsmc9xljypkzgt,1,1,1,1
bc1qzeyrewk2gg327ecfg5s7ehsjvfxyraqctz0rh8,1,1,1,1
bc1qzezhxgmztxjksgy5z9mq9jckg8vrp2wpvm3hsy,1,1,1,1
bc1qzf5q0vaun3wxpnxuc23809wl2lq47c5jvxtv8u,1,1,1,1
bc1qzfaf9exjy7wtvmx0ykj0d3gqpdaf33wtcmzq4l,1,1,1,1
bc1qzfqueklmeak9dnwj3auc2wec60um8tqskll67s,11,12,9,11
bc1qzg8t2dxjhv5myj392s4te4y2m4hcchflz3r0v8,1,1,1,1
bc1qzgf83phr06wmgj6yzl3s0tktcpet5yd784u76h,1,2,1,1
bc1qzggn38wzcxqh5lr38v6sqc3xhx8gt2j8w2hryp,40,43,13,40
bc1qzgstp2wmmqnqn8f9txrza2h4gqlp2dusznrxvp,1,1,1,1
bc1qzhmsfhjurc3w79ezvjlwyxmz8kc40ht9x53tsq,27,26,13,27
bc1qzj5k0rn6hqmyazfsq2yj8erdt8f8nu2wrqdptc,1,1,1,1
bc1qzj7gmp8q8g5ngjy4j5y6mhkscu86663achtdys,1,1,1,1
bc1qzj8fqe0pehlafpayjfn8wnmqkrrmfkett8ade0,1,1,1,1
bc1qzjgrplqvdzy7574felljde3z0jd5a8nfzw7zqv,1,1,1,1
bc1qzjpgnqnwd5p3fxzakfgsh0wsn9edy57tlxnzc9,9,9,6,9
bc1qzjx6kv9q7zync87r27wg3caw9nc324pt0fsv6m,27,26,12,27
bc1qzk8dhe0ajtkzrlkxma367vh8g8llsujlu0h4nd,23,24,12,23
bc1qzkmhy4q6lxmhafmt37am35093u0ac4pl5tldks,2,2,2,2
bc1qzkuxwc0jrcc65rqsvuwhvvjutytt8czm3sg2sq,4,4,4,4
bc1qzl9zq3w32u42azwkp874rv6kyz08rkm6ks9f6l,1,1,1,1
bc1qzlfhedgh3wzr0rju3tawvr80xjlvufucemp7k6,1,1,1,1
bc1qzlglnntppt8hxqyyn760znchlfpkkqm6j4srxh,1,1,1,1
bc1qzlzu070e6z09mumpuq3cmpz440y3v33yc9hztu,6,6,6,6
bc1qzm4te3w03mqj3nrzevlguujcx7ww06mztgw7jz,1,1,1,1
bc1qzm86268h5c368t4h773unrcp3jqwmas9s0da7j,1,1,1,1
bc1qzmdtnawlzf0h6sh6nsqkp6y2avq04nvar5feex,1,1,1,1
bc1qzmv5yl9nj3akeyltaz8n4r9le7ga9854y8wd6m,1,1,1,1
bc1qzmvducvklckfqqgsessd4mfkdr650x93xkgczu,1,1,1,1
bc1qzn2wcf6nvc8ghlapewck2zjss3pqaazrahkj8d,1,1,1,1
bc1qzn4r950y856rf7ev3llm6r5s4cf57kq32tnesr,6,6,5,6
bc1qzn974dpjqhvy3yr4pu55qs52j6lurwlsmulrqw,7,7,7,7
bc1qznd5rfwhr223me4tu42vvgfwqgpg4exddqwpwv,3,3,3,3
bc1qzpdc6k7n0703u93hycwrtxty2v6v7g489gzd9r,3,3,3,3
bc1qzpyrzud5seuwnlj0ewz3xdx5clywfxvqkjgstk,4,4,4,4
bc1qzpyws9nzkrc7pys3mknsqrqzjzpj6sksacdjuk,7,7,6,7
bc1qzqer6t8d7uj5ml75mztjvx23u9yqhych0rnhyh,1,1,1,1
bc1qzqppp95299v7xuhrpfk5c8jjs29f7jlyftjz5c,13,13,8,13
bc1qzqssrlgn936dr76m5t0pwcp66e2um2dmwfhvrz,1,1,1,1
bc1qzr0scnh80ucqesn90nd2u56z39l764mx2syk65,42,41,14,42
bc1qzr6djzaeymqnl6h9hq27rw9zf0dpfnumw4au6e,1,1,1,1
bc1qzrawj2mvp9k34qskupks8gcc7wjt5u85tgjpsl,1,1,1,1
bc1qzsl8nggz3643pqmmksuvjgcnf32cmhx6yay0uq,1,1,1,1
bc1qztlreecwtd3frt2rdxwuxfzztfuxuamuul3t9f,1,1,1,1
bc1qztvypa4eude3usqgx33fpvksqmpuaw0h07808g,2,2,2,2
bc1qzufsrcrc98f4ycwkp5r0xlcgzqsx8dzyct7nkg,1,1,1,1
bc1qzulxeuq6cmnvv9m5zdwytlgjzx3rhnvw3cs70j,17,17,10,17
bc1qzux7ddp4w9gc7vh8qdy5ecceaqgqc7x3lnhnv7,1,1,1,1
bc1qzv4rxzxrcp4djh3v0na5n3aun3hzj9kdhqw4ec,1,2,1,1
bc1qzv8jaer3qetmf2fkkvum28qhvtugugzmeah3qh,9,9,8,9
bc1qzvr3u6gdeqtyy6qagvymnfcfeyu9da0ppdl7xl,1,1,1,1
bc1qzvt0r35gvmck4adm08d6ms4rf3dx53tvtc4jy2,1,1,1,1
bc1qzvugcgdg239zzralmlcds4xfknz606mhqyv2ah,1,2,1,1
bc1qzwqshzfqnvtgl34ukt57pj5yhw79wgq8yvx7av,1,1,1,1
bc1qzwy5dqmgashwe9rddg6hs9w4uflhkalvzzds5d,1,1,1,1
bc1qzxclxtajua50jv8qpr40um2hzfknjtd8yxuacf,1,2,1,1
bc1qzxqxa3fprqvqw5hjwdjrd6qu8l8h4tnxtz8yhv,1,1,1,1
bc1qzy9xt0p7dryf29gsv6kgxryzu34trkrz9ya85p,5,5,5,5
bc1qzydk7mpcskjqrk6kvwvp02tfl5vrhcfkgz97nj,1,1,1,1
bc1qzydv8amtzr37grv7svac6lkeqy504xwk5n376q,1,1,1,1
bc1qzyh3thx4khha3rulnsa0tmc6qv6kyasgp8qku3,1,1,1,1
bc1qzywrsymm96tgh82arx8jydncywtptm3z2ghh7k,1,1,1,1
bc1qzyxw7r88zjaq33ss5wgke7g9y4y9q3hgekgy64,64,64,14,64
bc1qzz3z6hekf0js404mh04tvg6mzqzsap9yr0nh6y,14,14,7,14
bc1qzzagq3pnly8tjexuhlq3xpnm6796s3fmgjnlrs,9,8,8,9
bc1qzzca4ksm3wxgqmzr55mxvmg08nhy7mgjyvmkgq,1,1,1,1
bc1qzzjaya7nuudw2hadu3ug9tgs6uv8r7hpwcl2eh,1,1,1,1
bc1qzzsvfl87q4fjxhrc2teau50td665smcar7plv2,1,2,1,1
